-- phpMyAdmin SQL Dump
-- version 4.0.10deb1
-- http://www.phpmyadmin.net
--
-- 主机: localhost
-- 生成日期: 2016-04-16 18:48:47
-- 服务器版本: 5.5.46-0ubuntu0.14.04.2
-- PHP 版本: 5.5.9-1ubuntu4.14

SET SQL_MODE = "NO_AUTO_VALUE_ON_ZERO";
SET time_zone = "+00:00";


/*!40101 SET @OLD_CHARACTER_SET_CLIENT=@@CHARACTER_SET_CLIENT */;
/*!40101 SET @OLD_CHARACTER_SET_RESULTS=@@CHARACTER_SET_RESULTS */;
/*!40101 SET @OLD_COLLATION_CONNECTION=@@COLLATION_CONNECTION */;
/*!40101 SET NAMES utf8 */;

--
-- 数据库: `snipeit`
--

-- --------------------------------------------------------

--
-- 表的结构 `08投影仪`
--

CREATE TABLE IF NOT EXISTS `08投影仪` (
  `序号` varchar(255) DEFAULT NULL,
  `单位` varchar(255) DEFAULT NULL,
  `资产   编码` varchar(255) DEFAULT NULL,
  `办公用 品编号` varchar(255) DEFAULT NULL,
  `资产名称` varchar(255) DEFAULT NULL,
  `规格型号` varchar(255) DEFAULT NULL,
  `制造厂家` varchar(255) DEFAULT NULL,
  `投产日期` varchar(255) DEFAULT NULL,
  `计量单位` varchar(255) DEFAULT NULL,
  `数量` varchar(255) DEFAULT NULL,
  `存放地点` varchar(255) DEFAULT NULL,
  `存放地` varchar(255) DEFAULT NULL,
  `备注` varchar(255) DEFAULT NULL
) ENGINE=MyISAM DEFAULT CHARSET=utf8;

--
-- 转存表中的数据 `08投影仪`
--

INSERT INTO `08投影仪` (`序号`, `单位`, `资产   编码`, `办公用 品编号`, `资产名称`, `规格型号`, `制造厂家`, `投产日期`, `计量单位`, `数量`, `存放地点`, `存放地`, `备注`) VALUES
('1', '公司办公室', '', 'G080100', '爱普生投影仪', 'EMP1810', '爱普生', '2008.2', '台', '1', '良好', '310室', '修复备用'),
('2', '公司办公室', '', 'G080101', '爱普生投影仪', 'EMP1810', '爱普生', '2008.2', '台', '1', '良好', '310室', '修复备用'),
('3', '公司办公室', '', 'G080102', '明基投影仪', 'MX615+', '明基', '', '台', '1', '良好', '三楼会议室', ''),
('4', '公司办公室', '', 'G080103', '宏基投影机', 'P1203', '宏基', '', '台', '1', '良好', '二楼会议室', ''),
('5', '公司办公室', '', 'G080104', '爱普生投影仪', 'EMP-7900', '爱普生', '2008.4', '台', '1', '良好', '二楼综合会议室', ''),
('6', '公司办公室', '', 'G080105', '明基投影仪', '短焦投影仪', '明基', '', '台', '1', '良好', '二楼综合会议室', '王皓处未还'),
('7', '质量安全环保科', '', 'G080106', '惠普投影仪', 'HPVP6120', '惠普', '2010/6/23', '台', '1', '良好', '612', ''),
('8', '物资供应站', '', 'G080107', '明基投影仪', '', '明基', ' 2011-09-20', '台', '1', '良好', '杨蕾', ''),
('9', '钻具井控服务公司', '', 'G080109', '三菱投影仪', 'XL2U', '三菱', '', '台', '1', '良好', 'A2楼会议室', ''),
('10', '钻具井控服务公司', '', 'G080110', '三菱投影仪', 'XL2U', '三菱', '', '台', '1', '良好', '轮南现场技术服务队', '新配'),
('11', '钻具井控服务公司', '', 'G080111', '日立投影仪', 'CP-HX2075A', '日立', '', '台', '1', '良好', '井控维修队', '新配'),
('1', '公司办公室', '', 'G090100', '索尼摄像机', '1080', '索尼', '', '台', '1', '良好', '310', '党群科借用'),
('2', '公司办公室', '', 'G090101', '夏普液晶电视机', 'AQUOS', '夏普', '', '台', '1', '良好', '二楼综合会议室', ''),
('3', '公司办公室', '', 'G090102', 'HKC显示器', '19寸', 'HKC', '2014.1', '台', '1', '良好', '二楼综合会议室', ''),
('4', '党群工作科', '', 'G090103', '科密碎纸机', 'S-728', '科密', '2008', '台', '1', '良好', '602', ''),
('5', '党群工作科', '', 'G090104', '索尼摄像机', 'HVR-PD190P', '索尼', '2006', '台', '1', '差', '609', ''),
('6', '党群工作科', '', 'G090105', '索尼摄像机', 'HVR-Z5C', '索尼', '2008', '台', '1', '良好', '609', ''),
('7', '监察科', '', 'G090106', '科密碎纸机', 'C_638', '科密', '2012.08', '台', '1', '良好', '606', ''),
('8', '人事劳资科', '', 'G090107', '惠普扫描仪', 'Hp scanjet5590', '惠普', '无', '台', '1', '良好', '507', ''),
('9', '企管计划科', '', 'G090108', '联想液晶显示器', 'L197wA', '联想', '2009.02.01', '台', '1', '良好', '范星晨', '兼容机用'),
('10', '企管计划科', '', 'G090109', '联想液晶显示器', '2121', '联想', '2010.01', '台', '1', '良好', '张平', '兼容机用'),
('11', '企管计划科', '', 'G090110', '惠普扫描仪', 'FCLSD-0605', '惠普', '2012.03.29', '台', '1', '良好', '403', ''),
('12', '企管计划科', '', 'G090111', '惠普扫描仪', 'Scanjet G4050', '惠普', '2012.03.29', '台', '1', '良好', '408', ''),
('13', '企管计划科', '', 'G090112', '佳能扫描仪', 'LiDE110', '佳能', '2012.05.07', '台', '1', '良好', '410', ''),
('14', '企管计划科', '', 'G090113', '科密碎纸机', 'S-728', '科密', '不详', '台', '1', '良好', '402', ''),
('15', '市场开发科', '', 'G090114', '联想液晶显示器', '', '联想', '2013.09.20', '台', '1', '良好', '黄松', ''),
('16', '市场开发科', '', 'G090115', '佳能扫描仪', 'LIDE 600F', '佳能', '不详', '台', '1', '良好', '周孝佳', ''),
('17', '市场开发科', '', 'G090116', '科密碎纸机', 'C-638', '科密', '不详', '台', '1', '良好', '309', ''),
('18', '市场开发科', '', 'G090117', '科密碎纸机', 'S-728', '科密', '不详', '台', '1', '良好', '313', ''),
('19', '生产运行科', '', 'G090118', '联想液晶显示器', 'LXM-WL198H', '联想', '2008/5/21', '台', '1', '良好', '任文峰', '台式机用'),
('20', '生产运行科', '', 'G090119', '惠科液晶显示器', 'S988A', '惠科', '', '台', '1', '良好', '牛晓彤', '台式机用'),
('21', '生产运行科', '', 'G090120', '三星液晶显示器', 'SyncMasterS2213310', '三星', '2012/12/6', '台', '1', '良好', '孙勇', '台式机用'),
('22', '生产运行科', '', 'G090121', '清华同方液晶显示器', 'LB563B-EA', '南京LG', '2001/11/23', '台', '1', '良好', '暂无人使用', '待报废'),
('23', '生产运行科', '', 'G090122', '长城液晶显示器', 'W9J', '长城', '2006-2-15', '台', '1', '良好', '梁新祥、火建中', '台式机用'),
('24', '生产运行科', '', 'G090123', '联想液晶显示器', 'ICES/NMB-003', '联想', '2012-1-17', '台', '1', '良好', '石玉建', '台式机用'),
('25', '生产运行科', '', 'G090124', '方正液晶显示器', 'FZ780-NG', '北大方正', '', '台', '1', '良好', '暂无人使用', '台式机用'),
('26', '生产运行科', '', 'G090125', '惠科液晶显示器', 'I816', '惠科', '', '台', '1', '良好', '公用电脑', '台式机用'),
('27', '生产运行科', '', 'G090126', '佳能传真机', 'FAX-L120J', '佳能', '', '台', '2', '良好', '梁新祥、火建中', ''),
('28', '生产运行科', '', 'G090127', '佳能传真机', 'FAX-L120J', '佳能', '', '台', '2', '良好', '梁新祥、火建中', ''),
('29', '生产运行科', '', 'G090128', '科密碎纸机', 'C-638', '科密', '', '台', '1', '良好', '公用', ''),
('30', '生产运行科', '', 'G090129', '科密碎纸机', '3738', '科密', '', '台', '1', '良好', '公用', '暂搁置调度值班室'),
('31', '生产运行科', '', 'G090130', '索尼数码录音棒', 'ICD-UX533F', '索尼', '', '个', '1', '良好', '牛晓彤、罗晓宇', ''),
('32', '生产运行科', '', 'G090131', '希捷移动硬盘', 'SRD00F1 500GB', '希捷', '', '个', '1', '良好', '杨坤', ''),
('33', '生产运行科', '', 'G090132', '希捷移动硬盘', 'SRD00F1 500GB', '细节', '', '个', '1', '良好', '牛晓彤、罗晓宇', ''),
('34', '生产运行科', '', 'G090133', '视频监控系统（含四块屏幕+台式电脑一台）', 'LT2024WA', '联想', '2014/1/15', '台', '1', '良好', '', '安装队监控视频'),
('35', '财务资产科', '', 'G090134', '金图装订机', 'NB 208', '金图', '2013/9/1', '台', '1', '良好', '成本组', ''),
('36', '财务资产科', '', 'G090135', '联想传真机', 'M3120', '联想', '2011/12/1', '台', '1', '良好', '会计组', ''),
('37', '财务资产科', '', 'G090136', '三木碎纸机', '三木 SD9310', '三木', '2010/12/1', '台', '1', '良好', '会计组', ''),
('38', '财务资产科', '', 'G090137', '增值税票扫描仪', 'AV710', '虹光', '2009/12/1', '部', '1', '良好', '税金组', ''),
('39', '财务资产科', '', 'G090138', '增值税开票机', 'SK-800II', '虹光', '2009/12/2', '部', '1', '良好', '税金组', ''),
('40', '财务资产科', '', 'G090139', '三木碎纸机', '三木 SD9310', '三木', '2007/12/1', '台', '1', '良好', '407室', ''),
('41', '财务资产科', '', 'G090140', '科密碎纸机', '科密 C-738', '科密', '2006/12/1', '台', '1', '良好', '出纳室', ''),
('42', '财务资产科', '', 'G090141', '验钞机', 'WJD-HP-5003R', '新疆华平', '2005/12/1', ' ', '1', '良好', '出纳室', ''),
('43', '财务资产科', '', 'G090142', '天神保险柜', '神宝', '天神', '2004/12/1', '台', '1', '良好', '出纳室', ''),
('44', '工程技术科', '', 'G090143', '佳能扫描仪', 'Lide110', '佳能', '无', '台', '1', '良好', '张代荣', ''),
('45', '工程技术科', '', 'G090144', '佳能扫描仪', 'Lide680F', '佳能', '无', '台', '1', '已修未用', '杨斐', ''),
('46', '工程技术科', '', 'G090145', '科密碎纸机', 'C-638', '科密', '无', '台', '1', '良好', '陈立', ''),
('47', '工程技术科', '', 'G090146', '科密碎纸机', 'C-638', '科密', '无', '台', '1', '良好', '汪世明', ''),
('48', '工程技术科', '', 'G090147', '科密碎纸机', '3638', '科密', '无', '台', '1', '良好', '许从德', ''),
('49', '装备科', '', 'G090148', '索尼摄象机', 'VPC—SH1', '索尼', '2010.08', '台', '1', '良好', '510', ''),
('50', '装备科', '', 'G090149', '深高科美摄象机', '', '深高科美', '2010.08', '台', '1', '良好', '510', ''),
('51', '质量安全环保科', '', 'G090150', '佳能扫描仪', 'K10318', '佳能', '2011/8/20', '台', '1', '良好', '612', ''),
('52', '工程技术服务公司', '', 'G090151', '联想扫描仪', 'Canoscan Lide 110', '联想', '2011.6.8', '台', '1', '良好', '齐玉才', '轮南实验室'),
('53', '钻具井控服务公司', '', 'G090152', '松下复印机', 'DP-8016P-PK', '松下', '', '台', '1', '良好', '刘曲', ''),
('54', '钻具井控服务公司', '', 'G090153', '中晶扫描仪', '6180', '中晶', '', '台', '1', '良好', 'A313', ''),
('55', '钻具井控服务公司', '', 'G090154', '佳能扫描仪', '佳能LIDE110', '佳能', '', '台', '1', '良好', '蒋龙', '新配'),
('56', '钻具井控服务公司', '', 'G090155', '亚太过塑机', '320', '亚太', '2012.08', '台', '1', '良好', '代振娜', '新配'),
('57', '生产生活服务公司', '', 'G090156', '佳能扫描仪', 'CanoScanLIDE110', '佳能', '2013', '台', '', '良好', '石英', '');

-- --------------------------------------------------------

--
-- 表的结构 `accessories`
--

CREATE TABLE IF NOT EXISTS `accessories` (
  `id` int(10) unsigned NOT NULL AUTO_INCREMENT,
  `name` varchar(255) COLLATE utf8_unicode_ci DEFAULT NULL,
  `category_id` int(11) DEFAULT NULL,
  `user_id` int(11) DEFAULT NULL,
  `qty` int(11) NOT NULL DEFAULT '0',
  `requestable` tinyint(1) NOT NULL DEFAULT '0',
  `created_at` timestamp NOT NULL DEFAULT '0000-00-00 00:00:00',
  `updated_at` timestamp NOT NULL DEFAULT '0000-00-00 00:00:00',
  `deleted_at` timestamp NULL DEFAULT NULL,
  `location_id` int(11) DEFAULT NULL,
  PRIMARY KEY (`id`)
) ENGINE=InnoDB DEFAULT CHARSET=utf8 COLLATE=utf8_unicode_ci AUTO_INCREMENT=1 ;

-- --------------------------------------------------------

--
-- 表的结构 `accessories_users`
--

CREATE TABLE IF NOT EXISTS `accessories_users` (
  `id` int(10) unsigned NOT NULL AUTO_INCREMENT,
  `user_id` int(11) DEFAULT NULL,
  `accessory_id` int(11) DEFAULT NULL,
  `assigned_to` int(11) DEFAULT NULL,
  `created_at` timestamp NOT NULL DEFAULT '0000-00-00 00:00:00',
  `updated_at` timestamp NOT NULL DEFAULT '0000-00-00 00:00:00',
  PRIMARY KEY (`id`)
) ENGINE=InnoDB DEFAULT CHARSET=utf8 COLLATE=utf8_unicode_ci AUTO_INCREMENT=1 ;

-- --------------------------------------------------------

--
-- 表的结构 `assets`
--

CREATE TABLE IF NOT EXISTS `assets` (
  `id` int(10) unsigned NOT NULL AUTO_INCREMENT,
  `name` varchar(255) COLLATE utf8_unicode_ci DEFAULT NULL,
  `asset_tag` varchar(255) COLLATE utf8_unicode_ci DEFAULT NULL,
  `serial` varchar(255) COLLATE utf8_unicode_ci NOT NULL,
  `purchase_date` date DEFAULT NULL,
  `purchase_cost` decimal(13,4) NOT NULL DEFAULT '0.0000',
  `order_number` varchar(255) COLLATE utf8_unicode_ci DEFAULT NULL,
  `assigned_to` int(11) DEFAULT NULL,
  `notes` text COLLATE utf8_unicode_ci,
  `user_id` int(11) NOT NULL,
  `created_at` timestamp NOT NULL DEFAULT '0000-00-00 00:00:00',
  `updated_at` timestamp NOT NULL DEFAULT '0000-00-00 00:00:00',
  `physical` tinyint(1) NOT NULL DEFAULT '1',
  `deleted_at` timestamp NULL DEFAULT NULL,
  `status_id` int(11) DEFAULT NULL,
  `archived` tinyint(1) NOT NULL DEFAULT '0',
  `warranty_months` int(3) DEFAULT NULL,
  `depreciate` tinyint(1) NOT NULL DEFAULT '0',
  `model_id` int(11) DEFAULT NULL,
  `requestable` tinyint(4) NOT NULL DEFAULT '0',
  `rtd_location_id` int(11) DEFAULT NULL,
  `mac_address` varchar(255) COLLATE utf8_unicode_ci DEFAULT NULL,
  `accepted` enum('pending','accepted','rejected') COLLATE utf8_unicode_ci DEFAULT NULL,
  `unit` varchar(50) COLLATE utf8_unicode_ci NOT NULL,
  `count` int(11) NOT NULL,
  `depreciation_status` varchar(50) COLLATE utf8_unicode_ci NOT NULL COMMENT '商品情况（折旧）',
  `user_check` varchar(100) COLLATE utf8_unicode_ci NOT NULL,
  `address` varchar(100) COLLATE utf8_unicode_ci NOT NULL COMMENT '存放地',
  `model_name` varchar(50) COLLATE utf8_unicode_ci NOT NULL COMMENT '资产编号',
  `department` varchar(100) COLLATE utf8_unicode_ci NOT NULL COMMENT '部门',
  `manufacturer_id` int(11) DEFAULT NULL,
  PRIMARY KEY (`id`)
) ENGINE=InnoDB  DEFAULT CHARSET=utf8 COLLATE=utf8_unicode_ci AUTO_INCREMENT=490 ;

--
-- 转存表中的数据 `assets`
--

INSERT INTO `assets` (`id`, `name`, `asset_tag`, `serial`, `purchase_date`, `purchase_cost`, `order_number`, `assigned_to`, `notes`, `user_id`, `created_at`, `updated_at`, `physical`, `deleted_at`, `status_id`, `archived`, `warranty_months`, `depreciate`, `model_id`, `requestable`, `rtd_location_id`, `mac_address`, `accepted`, `unit`, `count`, `depreciation_status`, `user_check`, `address`, `model_name`, `department`, `manufacturer_id`) VALUES
(2, '联想台式计算机', '联想台式计算机 T4900', 'G030200', '2012-08-01', 0.0000, '', NULL, '', 57, '2015-10-31 00:21:41', '2015-11-10 00:44:20', 1, NULL, 3, 0, 12, 0, 3, 0, 0, '', NULL, '台', 1, '良好', '2012.10.9提速组', '湛峰', 'T4900', '公司办公室', 1),
(3, '联想台式计算机', '联想台式计算机 扬天T2900', 'G030201', '2012-08-01', 0.0000, '', NULL, '', 57, '2015-10-31 00:21:41', '2015-10-31 00:21:41', 1, NULL, 3, 0, 12, 0, 3, 0, NULL, '', NULL, '台', 1, '良好', '', '王正康', '扬天T2900', '公司办公室', 1),
(4, '联想台式计算机', '联想台式计算机 启天M7316', 'G030202', '2012-08-01', 0.0000, '', NULL, '', 57, '2015-10-31 00:21:41', '2015-10-31 00:21:41', 1, NULL, 3, 0, 12, 0, 3, 0, NULL, '', NULL, '台', 1, '良好', '2012.8.7', '杨鹏祺', '启天M7316', '公司办公室', 1),
(5, '联想台式计算机', '联想台式计算机 扬天M6080', 'G030203', '2012-08-01', 0.0000, '', NULL, '', 57, '2015-10-31 00:21:41', '2015-10-31 00:21:41', 1, NULL, 3, 0, 12, 0, 3, 0, NULL, '', NULL, '台', 1, '良好', '', '阿斯古丽', '扬天M6080', '公司办公室', 1),
(6, '联想台式计算机', '联想台式计算机 K3  R1', 'G030204', '2012-08-01', 0.0000, '', NULL, '', 57, '2015-10-31 00:21:41', '2015-10-31 00:21:41', 1, NULL, 3, 0, 12, 0, 3, 0, NULL, '', NULL, '台', 1, '良好', '', '黄正南', 'K3  R1', '公司办公室', 1),
(7, '联想台式计算机', '联想台式计算机 启天M7316', 'G030205', '2012-08-01', 0.0000, '', NULL, '', 57, '2015-10-31 00:21:41', '2015-10-31 00:21:41', 1, NULL, 3, 0, 12, 0, 3, 0, NULL, '', NULL, '台', 1, '良好', '2012.8.7', '王鹏', '启天M7316', '公司办公室', 1),
(8, '联想台式计算机', '联想台式计算机 启天M6900', 'G030206', '2012-08-01', 0.0000, '', NULL, '', 57, '2015-10-31 00:21:41', '2015-10-31 00:21:41', 1, NULL, 3, 0, 12, 0, 3, 0, NULL, '', NULL, '台', 1, '良好', '', '何帅兵', '启天M6900', '公司办公室', 1),
(9, '联想台式计算机', '联想台式计算机 扬天M5300N', 'G030207', '2012-08-01', 0.0000, '', NULL, '', 57, '2015-10-31 00:21:41', '2015-10-31 00:21:41', 1, NULL, 3, 0, 12, 0, 3, 0, NULL, '', NULL, '台', 1, '良好', '', '梁辉', '扬天M5300N', '公司办公室', 1),
(10, '联想台式计算机', '联想台式计算机 扬天T2900', 'G030208', '2012-08-01', 0.0000, '', NULL, '', 57, '2015-10-31 00:21:41', '2015-10-31 00:21:41', 1, NULL, 3, 0, 12, 0, 3, 0, NULL, '', NULL, '台', 1, '良好', '', '档案室', '扬天T2900', '公司办公室', 1),
(11, '联想台式计算机', '联想台式计算机 扬天T2901', 'G030209', '2012-08-01', 0.0000, '', NULL, '', 57, '2015-10-31 00:21:41', '2015-10-31 00:21:41', 1, NULL, 3, 0, 12, 0, 3, 0, NULL, '', NULL, '台', 1, '良好', '', '档案室', '扬天T2901', '公司办公室', 1),
(12, '联想台式计算机', '联想台式计算机 扬天M6880', 'G030210', '2012-08-01', 0.0000, '', NULL, '', 57, '2015-10-31 00:21:41', '2015-10-31 00:21:41', 1, NULL, 3, 0, 12, 0, 3, 0, NULL, '', NULL, '台', 1, '良好', '', '三楼会议室', '扬天M6880', '公司办公室', 1),
(13, '联想台式计算机', '联想台式计算机 扬天6880N', 'G030211', '2012-08-01', 0.0000, '', NULL, '', 57, '2015-10-31 00:21:41', '2015-10-31 00:21:41', 1, NULL, 3, 0, 12, 0, 3, 0, NULL, '', NULL, '台', 1, '良好', '', '二楼会议室', '扬天6880N', '公司办公室', 1),
(14, '联想台式计算机', '联想台式计算机 家悦I R808', 'G030212', '2012-08-01', 0.0000, '', NULL, '', 57, '2015-10-31 00:21:41', '2015-10-31 00:21:41', 1, NULL, 3, 0, 12, 0, 3, 0, NULL, '', NULL, '台', 1, '良好', '', '二楼综合会议室', '家悦I R808', '公司办公室', 1),
(15, '联想台式计算机', '联想台式计算机 扬天M4700', 'G030213', '2012-08-01', 0.0000, '', NULL, '', 57, '2015-10-31 00:21:41', '2015-10-31 00:21:41', 1, NULL, 3, 0, 12, 0, 3, 0, NULL, '', NULL, '台', 1, '良好', '', '刘玉学', '扬天M4700', '党群工作科', 1),
(16, '联想台式计算机', '联想台式计算机 开天M6900', 'G030214', '2012-08-01', 0.0000, '', NULL, '', 57, '2015-10-31 00:21:41', '2015-10-31 00:21:41', 1, NULL, 3, 0, 12, 0, 3, 0, NULL, '', NULL, '台', 1, '良好', '', '王辉', '开天M6900', '党群工作科', 1),
(17, '联想台式计算机', '联想台式计算机 IdeaCentre K3R1', 'G030215', '2012-08-01', 0.0000, '', NULL, '', 57, '2015-10-31 00:21:41', '2015-10-31 00:21:41', 1, NULL, 3, 0, 12, 0, 3, 0, NULL, '', NULL, '台', 1, '良好', '', '孟轲', 'IdeaCentre K3R1', '党群工作科', 1),
(18, '联想台式计算机', '联想台式计算机 IdeaCentre K3R1', 'G030216', '2012-08-01', 0.0000, '', NULL, '', 57, '2015-10-31 00:21:41', '2015-10-31 00:21:41', 1, NULL, 3, 0, 12, 0, 3, 0, NULL, '', NULL, '台', 1, '良好', '', '张子腾', 'IdeaCentre K3R1', '党群工作科', 1),
(19, '联想台式计算机', '联想台式计算机 扬天M4700', 'G030217', '2012-08-01', 0.0000, '', NULL, '', 57, '2015-10-31 00:21:41', '2015-10-31 00:21:41', 1, NULL, 3, 0, 12, 0, 3, 0, NULL, '', NULL, '台', 1, '良好', '', '丁小明', '扬天M4700', '党群工作科', 1),
(20, '联想台式计算机', '联想台式计算机 扬天M4700', 'G030218', '2012-08-01', 0.0000, '', NULL, '', 57, '2015-10-31 00:21:41', '2015-10-31 00:21:41', 1, NULL, 3, 0, 12, 0, 3, 0, NULL, '', NULL, '台', 1, '良好', '', '屈天航', '扬天M4700', '党群工作科', 1),
(21, '联想台式计算机', '联想台式计算机 开天M6900', 'G030219', '2012-08-01', 0.0000, '', NULL, '', 57, '2015-10-31 00:21:41', '2015-10-31 00:21:41', 1, NULL, 3, 0, 12, 0, 3, 0, NULL, '', NULL, '台', 1, '良好', '', '田学平', '开天M6900', '党群工作科', 1),
(22, '联想台式计算机', '联想台式计算机 扬天M6880', 'G030220', '2012-08-01', 0.0000, '', NULL, '', 57, '2015-10-31 00:21:41', '2015-10-31 00:21:41', 1, NULL, 3, 0, 12, 0, 3, 0, NULL, '', NULL, '台', 1, '良好', '', '迪里努尔', '扬天M6880', '党群工作科', 1),
(23, '联想台式计算机', '联想台式计算机 开天M6900', 'G030221', '2012-08-01', 0.0000, '', NULL, '', 57, '2015-10-31 00:21:41', '2015-10-31 00:21:41', 1, NULL, 3, 0, 12, 0, 3, 0, NULL, '', NULL, '台', 1, '差', '', '610室', '开天M6900', '党群工作科', 1),
(24, '联想台式计算机', '联想台式计算机 扬天T4900v_00', 'G030222', '2012-08-01', 0.0000, '', NULL, '', 57, '2015-10-31 00:21:41', '2015-10-31 00:21:41', 1, NULL, 3, 0, 12, 0, 3, 0, NULL, '', NULL, '台', 1, '良好', '', '范志明', '扬天T4900v_00', '监察科', 1),
(25, '联想台式计算机', '联想台式计算机 扬天T4920d', 'G030223', '2012-08-01', 0.0000, '', NULL, '', 57, '2015-10-31 00:21:41', '2015-10-31 00:21:41', 1, NULL, 3, 0, 12, 0, 3, 0, NULL, '', NULL, '台', 1, '良好', '', '戈兵', '扬天T4920d', '监察科', 1),
(26, '联想台式计算机', '联想台式计算机 扬天M6880n', 'G030224', '2012-08-01', 0.0000, '', NULL, '', 57, '2015-10-31 00:21:41', '2015-10-31 00:21:41', 1, NULL, 3, 0, 12, 0, 3, 0, NULL, '', NULL, '台', 1, '良好', '', '', '扬天M6880n', '监察科', 1),
(27, '联想台式计算机', '联想台式计算机 扬天R4900d', 'G030225', '2012-08-01', 0.0000, '', NULL, '', 57, '2015-10-31 00:21:41', '2015-10-31 00:21:41', 1, NULL, 3, 0, 12, 0, 3, 0, NULL, '', NULL, '台', 1, '良好', '', '张晶晶', '扬天R4900d', '监察科', 1),
(28, '联想台式计算机', '联想台式计算机 NS11770595', 'G030226', '2012-08-01', 0.0000, '', NULL, '', 57, '2015-10-31 00:21:41', '2015-10-31 00:21:41', 1, NULL, 3, 0, 12, 0, 3, 0, NULL, '', NULL, '台', 1, '良好', '', '肖黎明', 'NS11770595', '监察科', 1),
(29, '联想台式计算机', '联想台式计算机 扬天R4900d', 'G030227', '2012-08-01', 0.0000, '', NULL, '', 57, '2015-10-31 00:21:41', '2015-10-31 00:21:41', 1, NULL, 3, 0, 12, 0, 3, 0, NULL, '', NULL, '台', 1, '良好', '', '罗腾月', '扬天R4900d', '监察科', 1),
(30, '兼容台式计算机', '兼容台式计算机 组装机', 'G030228', '2012-08-01', 0.0000, '', NULL, '', 57, '2015-10-31 00:21:41', '2015-10-31 00:21:41', 1, NULL, 3, 0, 12, 0, 3, 0, NULL, '', NULL, '台', 1, '良好', '2013.8.21 T4900', '王勇', '组装机', '人事劳资科', 20),
(31, '联想台式计算机', '联想台式计算机 扬天15900v', 'G030229', '2012-08-01', 0.0000, '', NULL, '', 57, '2015-10-31 00:21:41', '2015-10-31 00:21:41', 1, NULL, 3, 0, 12, 0, 3, 0, NULL, '', NULL, '台', 1, '良好', '', '刘鑫', '扬天15900v', '人事劳资科', 1),
(32, '联想台式计算机', '联想台式计算机 开天6900', 'G030230', '2012-08-01', 0.0000, '', NULL, '', 57, '2015-10-31 00:21:41', '2015-10-31 00:21:41', 1, NULL, 3, 0, 12, 0, 3, 0, NULL, '', NULL, '台', 1, '良好', '', '邹丽华', '开天6900', '人事劳资科', 1),
(33, '联想台式计算机', '联想台式计算机 开天6900', 'G030231', '2012-08-01', 0.0000, '', NULL, '', 57, '2015-10-31 00:21:41', '2015-10-31 00:21:41', 1, NULL, 3, 0, 12, 0, 3, 0, NULL, '', NULL, '台', 1, '良好', '', '邹丽华', '开天6900', '人事劳资科', 1),
(34, '兼容台式计算机', '兼容台式计算机 组装机', 'G030232', '2012-08-01', 0.0000, '', NULL, '', 57, '2015-10-31 00:21:41', '2015-10-31 00:21:41', 1, NULL, 3, 0, 12, 0, 3, 0, NULL, '', NULL, '台', 1, '良好', '', '庞文君', '组装机', '人事劳资科', 20),
(35, '联想台式计算机', '联想台式计算机 扬天15900v', 'G030233', '2012-08-01', 0.0000, '', NULL, '', 57, '2015-10-31 00:21:41', '2015-10-31 00:21:41', 1, NULL, 3, 0, 12, 0, 3, 0, NULL, '', NULL, '台', 1, '良好', '', '周坚', '扬天15900v', '人事劳资科', 1),
(36, '联想台式计算机', '联想台式计算机 扬天15900v', 'G030234', '2012-08-01', 0.0000, '', NULL, '', 57, '2015-10-31 00:21:41', '2015-10-31 00:21:41', 1, NULL, 3, 0, 12, 0, 3, 0, NULL, '', NULL, '台', 1, '良好', '', '杨建军', '扬天15900v', '人事劳资科', 1),
(37, '联想台式计算机', '联想台式计算机 扬天15900v', 'G030235', '2012-08-01', 0.0000, '', NULL, '', 57, '2015-10-31 00:21:41', '2015-10-31 00:21:41', 1, NULL, 3, 0, 12, 0, 3, 0, NULL, '', NULL, '台', 1, '良好', '', '姚志', '扬天15900v', '人事劳资科', 1),
(38, '联想台式计算机', '联想台式计算机 扬天M4630d', 'G030236', '2012-08-01', 0.0000, '', NULL, '', 57, '2015-10-31 00:21:41', '2015-10-31 00:21:41', 1, NULL, 3, 0, 12, 0, 3, 0, NULL, '', NULL, '台', 1, '良好', '2012.11.6 T4900', '刘爱华', '扬天M4630d', '人事劳资科', 1),
(39, '联想台式计算机', '联想台式计算机 启天84360', 'G030237', '2012-08-01', 0.0000, '', NULL, '', 57, '2015-10-31 00:21:41', '2015-10-31 00:21:41', 1, NULL, 3, 0, 12, 0, 3, 0, NULL, '', NULL, '台', 1, '良好', '', '于波', '启天84360', '人事劳资科', 1),
(40, '联想台式计算机', '联想台式计算机 启天84360', 'G030238', '2012-08-01', 0.0000, '', NULL, '', 57, '2015-10-31 00:21:41', '2015-10-31 00:21:41', 1, NULL, 3, 0, 12, 0, 3, 0, NULL, '', NULL, '台', 1, '良好', '', '伍丹丹', '启天84360', '人事劳资科', 1),
(41, '联想台式计算机', '联想台式计算机 启天84360', 'G030239', '2012-08-01', 0.0000, '', NULL, '', 57, '2015-10-31 00:21:41', '2015-10-31 00:21:41', 1, NULL, 3, 0, 12, 0, 3, 0, NULL, '', NULL, '台', 1, '良好', '', '谢方伟', '启天84360', '人事劳资科', 1),
(42, '联想台式计算机', '联想台式计算机 扬天15900v', 'G030240', '2012-08-01', 0.0000, '', NULL, '', 57, '2015-10-31 00:21:41', '2015-11-09 23:22:48', 1, NULL, 3, 0, 20, 0, 3, 0, 0, '', NULL, '台', 1, '良好', '', '白文兵', '扬天15900v', '人事劳资科', 1),
(43, '戴尔台式计算机', '戴尔台式计算机 戴尔vostro', 'G030241', '2012-08-01', 0.0000, '', NULL, '', 57, '2015-10-31 00:21:41', '2015-10-31 00:21:41', 1, NULL, 3, 0, 12, 0, 3, 0, NULL, '', NULL, '台', 1, '良好', '', '唐新渝', '戴尔vostro', '人事劳资科', 13),
(44, '联想台式计算机', '联想台式计算机 扬天M4630d', 'G030242', '2012-08-01', 0.0000, '', NULL, '', 57, '2015-10-31 00:21:41', '2015-10-31 00:21:41', 1, NULL, 3, 0, 12, 0, 3, 0, NULL, '', NULL, '台', 1, '良好', '2012.12.10 T4900', '唐旭东', '扬天M4630d', '企管计划科', 1),
(45, '戴尔台式计算机', '戴尔台式计算机 Vostro', 'G030243', '2012-08-01', 0.0000, '', NULL, '', 57, '2015-10-31 00:21:41', '2015-10-31 00:21:41', 1, NULL, 3, 0, 12, 0, 3, 0, NULL, '', NULL, '台', 1, '良好', '2013.8.16 T4900', '刘刚', 'Vostro', '企管计划科', 13),
(46, '联想台式计算机', '联想台式计算机 Idea Centre K315', 'G030244', '2012-08-01', 0.0000, '', NULL, '', 57, '2015-10-31 00:21:41', '2015-10-31 00:21:41', 1, NULL, 3, 0, 12, 0, 3, 0, NULL, '', NULL, '台', 1, '良好', '2012.3.21 T4900', '张新宇', 'Idea Centre K315', '企管计划科', 1),
(47, '兼容台式计算机', '兼容台式计算机 组装机', 'G030245', '2012-08-01', 0.0000, '', NULL, '', 57, '2015-10-31 00:21:41', '2015-10-31 00:21:41', 1, NULL, 3, 0, 12, 0, 3, 0, NULL, '', NULL, '台', 1, '良好', '', '范星晨', '组装机', '企管计划科', 20),
(48, '联想台式计算机', '联想台式计算机 扬天M5300N', 'G030246', '2012-08-01', 0.0000, '', NULL, '', 57, '2015-10-31 00:21:41', '2015-10-31 00:21:41', 1, NULL, 3, 0, 12, 0, 3, 0, NULL, '', NULL, '台', 1, '良好', '', '韩伟', '扬天M5300N', '企管计划科', 1),
(49, '联想台式计算机', '联想台式计算机 启天M7316', 'G030247', '2012-08-01', 0.0000, '', NULL, '', 57, '2015-10-31 00:21:41', '2015-10-31 00:21:41', 1, NULL, 3, 0, 12, 0, 3, 0, NULL, '', NULL, '台', 1, '良好', '2012.11.10 K8000', '王德刚', '启天M7316', '企管计划科', 1),
(50, '兼容台式计算机', '兼容台式计算机 组装机', 'G030248', '2012-08-01', 0.0000, '', NULL, '', 57, '2015-10-31 00:21:41', '2015-10-31 00:21:41', 1, NULL, 3, 0, 12, 0, 3, 0, NULL, '', NULL, '台', 1, '良好', '', '张平', '组装机', '企管计划科', 20),
(51, '联想台式计算机', '联想台式计算机 开天M6900', 'G030249', '2012-08-01', 0.0000, '', NULL, '', 57, '2015-10-31 00:21:41', '2015-10-31 00:21:41', 1, NULL, 3, 0, 12, 0, 3, 0, NULL, '', NULL, '台', 1, '良好', '', '周字佳', '开天M6900', '企管计划科', 1),
(52, '联想台式计算机', '联想台式计算机 开天M6900', 'G030250', '2012-08-01', 0.0000, '', NULL, '', 57, '2015-10-31 00:21:41', '2015-10-31 00:21:41', 1, NULL, 3, 0, 12, 0, 3, 0, NULL, '', NULL, '台', 1, '良好', '', '石磊', '开天M6900', '企管计划科', 1),
(53, '戴尔台式计算机', '戴尔台式计算机 H515', 'G030251', '2012-08-01', 0.0000, '', NULL, '', 57, '2015-10-31 00:21:41', '2015-10-31 00:21:41', 1, NULL, 3, 0, 12, 0, 3, 0, NULL, '', NULL, '台', 1, '良好', '2013.9.27 M4380', '王鸿雁', 'H515', '企管计划科', 13),
(54, '联想台式计算机', '联想台式计算机 H535', 'G030252', '2012-08-01', 0.0000, '', NULL, '', 57, '2015-10-31 00:21:41', '2015-10-31 00:21:41', 1, NULL, 3, 0, 12, 0, 3, 0, NULL, '', NULL, '台', 1, '良好', '2013.11.3 M4380', '周孝佳', 'H535', '市场开发科', 1),
(55, '联想台式计算机', '联想台式计算机 Idea Lenter K3 R1', 'G030253', '2012-08-01', 0.0000, '', NULL, '', 57, '2015-10-31 00:21:41', '2015-10-31 00:21:41', 1, NULL, 3, 0, 12, 0, 3, 0, NULL, '', NULL, '台', 1, '良好', '', '王朗', 'Idea Lenter K3 R1', '市场开发科', 1),
(56, '联想台式计算机', '联想台式计算机 Idea Lenter K3 R2', 'G030254', '2012-08-01', 0.0000, '', NULL, '', 57, '2015-10-31 00:21:41', '2015-10-31 00:21:41', 1, NULL, 3, 0, 12, 0, 3, 0, NULL, '', NULL, '台', 1, '良好', '', '胡淑琴', 'Idea Lenter K3 R2', '市场开发科', 1),
(57, '联想台式计算机', '联想台式计算机 Idea Lenter K3 R3', 'G030255', '2012-08-01', 0.0000, '', NULL, '', 57, '2015-10-31 00:21:41', '2015-10-31 00:21:41', 1, NULL, 3, 0, 12, 0, 3, 0, NULL, '', NULL, '台', 1, '良好', '', '曾余威', 'Idea Lenter K3 R3', '市场开发科', 1),
(58, '联想台式计算机', '联想台式计算机 扬天T4920d', 'G030256', '2012-08-01', 0.0000, '', NULL, '', 57, '2015-10-31 00:21:41', '2015-10-31 00:21:41', 1, NULL, 3, 0, 12, 0, 3, 0, NULL, '', NULL, '台', 1, '良好', '2013 T4900', '杨梓艺', '扬天T4920d', '市场开发科', 1),
(59, '联想台式计算机', '联想台式计算机 扬天12930V', 'G030257', '2012-08-01', 0.0000, '', NULL, '', 57, '2015-10-31 00:21:41', '2015-10-31 00:21:41', 1, NULL, 3, 0, 12, 0, 3, 0, NULL, '', NULL, '台', 1, '良好', '', '董萌', '扬天12930V', '市场开发科', 1),
(60, '联想台式计算机', '联想台式计算机 扬天M6880N', 'G030258', '2012-08-01', 0.0000, '', NULL, '', 57, '2015-10-31 00:21:41', '2015-10-31 00:21:41', 1, NULL, 3, 0, 12, 0, 3, 0, NULL, '', NULL, '台', 1, '良好', '', '赖科宇', '扬天M6880N', '市场开发科', 1),
(61, '联想台式计算机', '联想台式计算机 启天B4360-B063', 'G030259', '2012-08-01', 0.0000, '', NULL, '', 57, '2015-10-31 00:21:41', '2015-10-31 00:21:41', 1, NULL, 3, 0, 12, 0, 3, 0, NULL, '', NULL, '台', 1, '良好', '', '勾松年', '启天B4360-B063', '市场开发科', 1),
(62, '戴尔台式计算机', '戴尔台式计算机 Vostro 5669ZY1', 'G030260', '2012-08-01', 0.0000, '', NULL, '', 57, '2015-10-31 00:21:41', '2015-10-31 00:21:41', 1, NULL, 3, 0, 12, 0, 3, 0, NULL, '', NULL, '台', 1, '良好', '2013.9.22 E5066', '黄松', 'Vostro 5669ZY1', '市场开发科', 13),
(63, '联想台式计算机', '联想台式计算机 L12241WA', 'G030261', '2012-08-01', 0.0000, '', NULL, '', 57, '2015-10-31 00:21:41', '2015-10-31 00:21:41', 1, NULL, 3, 0, 12, 0, 3, 0, NULL, '', NULL, '台', 1, '良好', '', '牛晓彤', 'L12241WA', '生产运行科', 1),
(64, '联想台式计算机', '联想台式计算机 扬天M6880D', 'G030262', '2012-08-01', 0.0000, '', NULL, '', 57, '2015-10-31 00:21:41', '2015-10-31 00:21:41', 1, NULL, 3, 0, 12, 0, 3, 0, NULL, '', NULL, '台', 1, '良好', '', '罗晓宇', '扬天M6880D', '生产运行科', 1),
(65, '联想台式计算机', '联想台式计算机 新圆梦F558', 'G030263', '2012-08-01', 0.0000, '', NULL, '', 57, '2015-10-31 00:21:41', '2015-10-31 00:21:41', 1, NULL, 3, 0, 12, 0, 3, 0, NULL, '', NULL, '台', 1, '良好', '2012.3.23 F618', '马连增', '新圆梦F558', '生产运行科', 1),
(66, '联想台式计算机', '联想台式计算机 扬天M4600V', 'G030264', '2012-08-01', 0.0000, '', NULL, '', 57, '2015-10-31 00:21:41', '2015-10-31 00:21:41', 1, NULL, 3, 0, 12, 0, 3, 0, NULL, '', NULL, '台', 1, '差', '', '暂无人使用', '扬天M4600V', '生产运行科', 1),
(67, '华硕台式计算机', '华硕台式计算机 HENTO A8', 'G030265', '2012-08-01', 0.0000, '', NULL, '', 57, '2015-10-31 00:21:41', '2015-10-31 00:21:41', 1, NULL, 3, 0, 12, 0, 3, 0, NULL, '', NULL, '台', 1, '良好', '', '孙勇', 'HENTO A8', '生产运行科', 7),
(68, '联想台式计算机', '联想台式计算机 启天M2700', 'G030266', '2012-08-01', 0.0000, '', NULL, '', 57, '2015-10-31 00:21:41', '2015-10-31 00:21:41', 1, NULL, 3, 0, 12, 0, 3, 0, NULL, '', NULL, '台', 1, '良好', '', '梁新祥、火建中', '启天M2700', '生产运行科', 1),
(69, '戴尔台式计算机', '戴尔台式计算机 Vostro49fy4X1', 'G030267', '2012-08-01', 0.0000, '', NULL, '', 57, '2015-10-31 00:21:41', '2015-10-31 00:21:41', 1, NULL, 3, 0, 12, 0, 3, 0, NULL, '', NULL, '台', 1, '良好', '', '石玉建', 'Vostro49fy4X1', '生产运行科', 13),
(70, '华硕台式计算机', '华硕台式计算机 V5', 'G030268', '2012-08-01', 0.0000, '', NULL, '', 57, '2015-10-31 00:21:41', '2015-10-31 00:21:41', 1, NULL, 3, 0, 12, 0, 3, 0, NULL, '', NULL, '台', 1, '良好', '', '暂无人使用', 'V5', '生产运行科', 7),
(71, '联想台式计算机', '联想台式计算机 扬天M4630d', 'G030269', '2012-08-01', 0.0000, '', NULL, '', 57, '2015-10-31 00:21:41', '2015-10-31 00:21:41', 1, NULL, 3, 0, 12, 0, 3, 0, NULL, '', NULL, '台', 1, '良好', '', '公用电脑', '扬天M4630d', '生产运行科', 1),
(72, '联想台式计算机', '联想台式计算机 L12241WA', 'G030270', '2012-08-01', 0.0000, '', NULL, '', 57, '2015-10-31 00:21:41', '2015-10-31 00:21:41', 1, NULL, 3, 0, 12, 0, 3, 0, NULL, '', NULL, '台', 1, '良好', '', '刘军', 'L12241WA', '生产运行科', 1),
(73, '联想台式计算机', '联想台式计算机 L2021WA', 'G030271', '2012-08-01', 0.0000, '', NULL, '', 57, '2015-10-31 00:21:41', '2015-10-31 00:21:41', 1, NULL, 3, 0, 12, 0, 3, 0, NULL, '', NULL, '台', 1, '良好', '', '罗新华', 'L2021WA', '生产运行科', 1),
(74, '联想台式计算机', '联想台式计算机 LI2342WA', 'G030272', '2012-08-01', 0.0000, '', NULL, '', 57, '2015-10-31 00:21:41', '2015-10-31 00:21:41', 1, NULL, 3, 0, 12, 0, 3, 0, NULL, '', NULL, '台', 1, '良好', '', '任文峰', 'LI2342WA', '生产运行科', 1),
(75, '联想台式计算机', '联想台式计算机 扬天M6880N', 'G030273', '2012-08-01', 0.0000, '', NULL, '', 57, '2015-10-31 00:21:41', '2015-10-31 00:21:41', 1, NULL, 3, 0, 12, 0, 3, 0, NULL, '', NULL, '台', 1, '良好', '', '朱红兵', '扬天M6880N', '财务资产科', 1),
(76, '联想台式计算机', '联想台式计算机 扬天M6880N', 'G030274', '2012-08-01', 0.0000, '', NULL, '', 57, '2015-10-31 00:21:41', '2015-10-31 00:21:41', 1, NULL, 3, 0, 12, 0, 3, 0, NULL, '', NULL, '台', 1, '良好', '2012.2.17 K8000', '代国志', '扬天M6880N', '财务资产科', 1),
(77, '联想台式计算机', '联想台式计算机 扬天M6880N', 'G030275', '2012-08-01', 0.0000, '', NULL, '', 57, '2015-10-31 00:21:41', '2015-10-31 00:21:41', 1, NULL, 3, 0, 12, 0, 3, 0, NULL, '', NULL, '台', 1, '良好', '2012.11.20 K8000', '陈文财', '扬天M6880N', '财务资产科', 1),
(78, '联想台式计算机', '联想台式计算机 扬天M6880N', 'G030276', '2012-08-01', 0.0000, '', NULL, '', 57, '2015-10-31 00:21:41', '2015-10-31 00:21:41', 1, NULL, 3, 0, 12, 0, 3, 0, NULL, '', NULL, '台', 1, '良好', '2012.11.21 K8000', '韩宏海', '扬天M6880N', '财务资产科', 1),
(79, '联想台式计算机', '联想台式计算机 扬天M6880N', 'G030277', '2012-08-01', 0.0000, '', NULL, '', 57, '2015-10-31 00:21:41', '2015-10-31 00:21:41', 1, NULL, 3, 0, 12, 0, 3, 0, NULL, '', NULL, '台', 1, '良好', '2012.6.21 M7300', '刘好学', '扬天M6880N', '财务资产科', 1),
(80, '联想台式计算机', '联想台式计算机 扬天M6880N', 'G030278', '2012-08-01', 0.0000, '', NULL, '', 57, '2015-10-31 00:21:41', '2015-10-31 00:21:41', 1, NULL, 3, 0, 12, 0, 3, 0, NULL, '', NULL, '台', 1, '良好', '', '王蕾', '扬天M6880N', '财务资产科', 1),
(81, '联想台式计算机', '联想台式计算机 扬天M6880N', 'G030279', '2012-08-01', 0.0000, '', NULL, '', 57, '2015-10-31 00:21:41', '2015-10-31 00:21:41', 1, NULL, 3, 0, 12, 0, 3, 0, NULL, '', NULL, '台', 1, '良好', '2012.2.17 K8000', '509室', '扬天M6880N', '财务资产科', 1),
(82, '联想台式计算机', '联想台式计算机 扬天M6880N', 'G030280', '2012-08-01', 0.0000, '', NULL, '', 57, '2015-10-31 00:21:41', '2015-10-31 00:21:41', 1, NULL, 3, 0, 12, 0, 3, 0, NULL, '', NULL, '台', 1, '良好', '', '唐斌', '扬天M6880N', '财务资产科', 13),
(83, '戴尔台式计算机', '戴尔台式计算机 inspiron.580s', 'G030281', '2012-08-01', 0.0000, '', NULL, '', 57, '2015-10-31 00:21:41', '2015-10-31 00:21:41', 1, NULL, 3, 0, 12, 0, 3, 0, NULL, '', NULL, '台', 1, '良好', '', '陈叙', 'inspiron.580s', '财务资产科', 13),
(84, '戴尔台式计算机', '戴尔台式计算机 inspiron.580s', 'G030282', '2012-08-01', 0.0000, '', NULL, '', 57, '2015-10-31 00:21:41', '2015-10-31 00:21:41', 1, NULL, 3, 0, 12, 0, 3, 0, NULL, '', NULL, '台', 1, '良好', '', '李泊霖', 'inspiron.580s', '财务资产科', 13),
(85, '戴尔台式计算机', '戴尔台式计算机 optiplex960', 'G030283', '2012-08-01', 0.0000, '', NULL, '', 57, '2015-10-31 00:21:41', '2015-10-31 00:21:41', 1, NULL, 3, 0, 12, 0, 3, 0, NULL, '', NULL, '台', 1, '良好', '', '敬金菊', 'optiplex960', '财务资产科', 13),
(86, '联想台式计算机', '联想台式计算机 Thinkcentre M8000t', 'G030284', '2012-08-01', 0.0000, '', NULL, '', 57, '2015-10-31 00:21:41', '2015-10-31 00:21:41', 1, NULL, 3, 0, 12, 0, 3, 0, NULL, '', NULL, '台', 1, '良好', '', '谢碧华', 'Thinkcentre M8000t', '财务资产科', 1),
(87, '联想台式计算机', '联想台式计算机 M4330', 'G030285', '2012-08-01', 0.0000, '', NULL, '', 57, '2015-10-31 00:21:41', '2015-10-31 00:21:41', 1, NULL, 3, 0, 12, 0, 3, 0, NULL, '', NULL, '台', 1, '良好', '', '汪晓斌', 'M4330', '财务资产科', 1),
(88, '联想台式计算机', '联想台式计算机 M800T', 'G030286', '2012-08-01', 0.0000, '', NULL, '', 57, '2015-10-31 00:21:41', '2015-10-31 00:21:41', 1, NULL, 3, 0, 12, 0, 3, 0, NULL, '', NULL, '台', 1, '良好', '2013.11.3 ', '陈刚', 'M800T', '财务资产科', 1),
(89, '兼容台式计算机', '兼容台式计算机 联想', 'G030287', '2012-08-01', 0.0000, '', NULL, '', 57, '2015-10-31 00:21:41', '2015-10-31 00:21:41', 1, NULL, 3, 0, 12, 0, 3, 0, NULL, '', NULL, '台', 1, '良好', '', '彭彬', '联想', '财务资产科', 1),
(90, '惠普台式计算机', '惠普台式计算机 HP', 'G030288', '2012-08-01', 0.0000, '', NULL, '', 57, '2015-10-31 00:21:41', '2015-10-31 00:21:41', 1, NULL, 3, 0, 12, 0, 3, 0, NULL, '', NULL, '台', 1, '良好', '', '颜韵龄', 'HP', '财务资产科', 12),
(91, '兼容台式计算机', '兼容台式计算机 组装机', 'G030289', '2012-08-01', 0.0000, '', NULL, '', 57, '2015-10-31 00:21:41', '2015-10-31 00:21:41', 1, NULL, 3, 0, 12, 0, 3, 0, NULL, '', NULL, '台', 1, '良好', '', '谢公明', '组装机', '财务资产科', 20),
(92, '兼容台式计算机', '兼容台式计算机 组装机', 'G030290', '2012-08-01', 0.0000, '', NULL, '', 57, '2015-10-31 00:21:41', '2015-10-31 00:21:41', 1, NULL, 3, 0, 12, 0, 3, 0, NULL, '', NULL, '台', 1, '良好', '', '陈航', '组装机', '财务资产科', 20),
(93, '兼容台式计算机', '兼容台式计算机 组装机', 'G030291', '2012-08-01', 0.0000, '', NULL, '', 57, '2015-10-31 00:21:41', '2015-10-31 00:21:41', 1, NULL, 3, 0, 12, 0, 3, 0, NULL, '', NULL, '台', 1, '良好', '', '刘永成', '组装机', '财务资产科', 20),
(94, '增值税专用电脑', '增值税专用电脑 K330', 'G030292', '2012-08-01', 0.0000, '', NULL, '', 57, '2015-10-31 00:21:41', '2015-10-31 00:21:41', 1, NULL, 3, 0, 12, 0, 3, 0, NULL, '', NULL, '台', 1, '良好', '', '税金组', 'K330', '财务资产科', 1),
(95, '增值税专用电脑', '增值税专用电脑 2080C', 'G030293', '2012-08-01', 0.0000, '', NULL, '', 57, '2015-10-31 00:21:41', '2015-10-31 00:21:41', 1, NULL, 3, 0, 12, 0, 3, 0, NULL, '', NULL, '台', 1, '良好', '', '税金组', '2080C', '财务资产科', 1),
(96, '联想台式计算机', '联想台式计算机 扬天R14900d', 'G030294', '2012-08-01', 0.0000, '', NULL, '', 57, '2015-10-31 00:21:41', '2015-10-31 00:21:41', 1, NULL, 3, 0, 12, 0, 3, 0, NULL, '', NULL, '台', 1, '良好', '', '陈立', '扬天R14900d', '工程技术科', 1),
(97, '联想台式计算机', '联想台式计算机 扬天R14900d', 'G030295', '2012-08-01', 0.0000, '', NULL, '', 57, '2015-10-31 00:21:41', '2015-10-31 00:21:41', 1, NULL, 3, 0, 12, 0, 3, 0, NULL, '', NULL, '台', 1, '良好', '', '喻可彬', '扬天R14900d', '工程技术科', 1),
(98, '联想台式计算机', '联想台式计算机 扬天14900V-00', 'G030296', '2012-08-01', 0.0000, '', NULL, '', 57, '2015-10-31 00:21:41', '2015-10-31 00:21:41', 1, NULL, 3, 0, 12, 0, 3, 0, NULL, '', NULL, '台', 1, '良好', '', '赵通', '扬天14900V-00', '工程技术科', 1),
(99, '联想台式计算机', '联想台式计算机 扬天14900V-00', 'G030297', '2012-08-01', 0.0000, '', NULL, '', 57, '2015-10-31 00:21:41', '2015-10-31 00:21:41', 1, NULL, 3, 0, 12, 0, 3, 0, NULL, '', NULL, '台', 1, '良好', '', '邓春生', '扬天14900V-00', '工程技术科', 1),
(100, '联想台式计算机', '联想台式计算机 扬天14900V', 'G030298', '2012-08-01', 0.0000, '', NULL, '', 57, '2015-10-31 00:21:41', '2015-10-31 00:21:41', 1, NULL, 3, 0, 12, 0, 3, 0, NULL, '', NULL, '台', 1, '良好', '', '田衍亮', '扬天14900V', '工程技术科', 1),
(101, '联想台式计算机', '联想台式计算机 扬天14900V', 'G030299', '2012-08-01', 0.0000, '', NULL, '', 57, '2015-10-31 00:21:41', '2015-10-31 00:21:41', 1, NULL, 3, 0, 12, 0, 3, 0, NULL, '', NULL, '台', 1, '良好', '', '周义俊', '扬天14900V', '工程技术科', 1),
(102, '联想台式计算机', '联想台式计算机 扬天14900V', 'G030300', '2012-08-01', 0.0000, '', NULL, '', 57, '2015-10-31 00:21:41', '2015-10-31 00:21:41', 1, NULL, 3, 0, 12, 0, 3, 0, NULL, '', NULL, '台', 1, '良好', '', '彭宽军', '扬天14900V', '工程技术科', 1),
(103, '联想台式计算机', '联想台式计算机 扬天14900V', 'G030301', '2012-08-01', 0.0000, '', NULL, '', 57, '2015-10-31 00:21:41', '2015-10-31 00:21:41', 1, NULL, 3, 0, 12, 0, 3, 0, NULL, '', NULL, '台', 1, '良好', '', '汪世明', '扬天14900V', '工程技术科', 1),
(104, '联想台式计算机', '联想台式计算机 扬天14900V-00', 'G030302', '2012-08-01', 0.0000, '', NULL, '', 57, '2015-10-31 00:21:41', '2015-10-31 00:21:41', 1, NULL, 3, 0, 12, 0, 3, 0, NULL, '', NULL, '台', 1, '良好', '', '乐尚文', '扬天14900V-00', '工程技术科', 1),
(105, '联想台式计算机', '联想台式计算机 ErazerD215', 'G030303', '2012-08-01', 0.0000, '', NULL, '', 57, '2015-10-31 00:21:41', '2015-10-31 00:21:41', 1, NULL, 3, 0, 12, 0, 3, 0, NULL, '', NULL, '台', 1, '良好', '2013.7.3 T4900', '齐会京', 'ErazerD215', '工程技术科', 1),
(106, '联想台式计算机', '联想台式计算机 扬天14900V', 'G030304', '2012-08-01', 0.0000, '', NULL, '', 57, '2015-10-31 00:21:41', '2015-10-31 00:21:41', 1, NULL, 3, 0, 12, 0, 3, 0, NULL, '', NULL, '台', 1, '良好', '', '张诗培', '扬天14900V', '工程技术科', 1),
(107, '联想台式计算机', '联想台式计算机 开天M6900', 'G030305', '2012-08-01', 0.0000, '', NULL, '', 57, '2015-10-31 00:21:41', '2015-10-31 00:21:41', 1, NULL, 3, 0, 12, 0, 3, 0, NULL, '', NULL, '台', 1, '良好', '', '郑轲', '开天M6900', '工程技术科', 1),
(108, '联想台式计算机', '联想台式计算机 新圆梦F618', 'G030306', '2012-08-01', 0.0000, '', NULL, '', 57, '2015-10-31 00:21:41', '2015-10-31 00:21:41', 1, NULL, 3, 0, 12, 0, 3, 0, NULL, '', NULL, '台', 1, '良好', '2012.8.20 K3R1', '杨斐', '新圆梦F618', '工程技术科', 1),
(109, '联想台式计算机', '联想台式计算机 启天M4330', 'G030307', '2012-08-01', 0.0000, '', NULL, '', 57, '2015-10-31 00:21:41', '2015-10-31 00:21:41', 1, NULL, 3, 0, 12, 0, 3, 0, NULL, '', NULL, '台', 1, '良好', '', '文艺', '启天M4330', '工程技术科', 1),
(110, '联想台式计算机', '联想台式计算机 扬天14900V', 'G030308', '2012-08-01', 0.0000, '', NULL, '', 57, '2015-10-31 00:21:41', '2015-10-31 00:21:41', 1, NULL, 3, 0, 12, 0, 3, 0, NULL, '', NULL, '台', 1, '良好', '', '莫光文', '扬天14900V', '工程技术科', 1),
(111, '联想台式计算机', '联想台式计算机 扬天M6880N', 'G030309', '2012-08-01', 0.0000, '', NULL, '', 57, '2015-10-31 00:21:41', '2015-10-31 00:21:41', 1, NULL, 3, 0, 12, 0, 3, 0, NULL, '', NULL, '台', 1, '良好', '', '张代荣', '扬天M6880N', '工程技术科', 1),
(112, '联想台式计算机', '联想台式计算机 启天M2700', 'G030310', '2012-08-01', 0.0000, '', NULL, '', 57, '2015-10-31 00:21:41', '2015-10-31 00:21:41', 1, NULL, 3, 0, 12, 0, 3, 0, NULL, '', NULL, '台', 1, '良好', '', '郭有智', '启天M2700', '工程技术科', 1),
(113, '戴尔台式计算机', '戴尔台式计算机 Vostro', 'G030311', '2012-08-01', 0.0000, '', NULL, '', 57, '2015-10-31 00:21:41', '2015-10-31 00:21:41', 1, NULL, 3, 0, 12, 0, 3, 0, NULL, '', NULL, '台', 1, '良好', '2013.8.3 M4380', '许从德', 'Vostro', '工程技术科', 13),
(114, '联想台式计算机', '联想台式计算机 新圆梦F528', 'G030312', '2012-08-01', 0.0000, '', NULL, '', 57, '2015-10-31 00:21:41', '2015-10-31 00:21:41', 1, NULL, 3, 0, 12, 0, 3, 0, NULL, '', NULL, '台', 1, '良好', '', '梁海泉', '新圆梦F528', '装备科', 1),
(115, '联想台式计算机', '联想台式计算机 启天M2700', 'G030313', '2012-08-01', 0.0000, '', NULL, '', 57, '2015-10-31 00:21:41', '2015-10-31 00:21:41', 1, NULL, 3, 0, 12, 0, 3, 0, NULL, '', NULL, '台', 1, '良好', '', '吴小江', '启天M2700', '装备科', 1),
(116, '联想台式计算机', '联想台式计算机 扬天M6880N', 'G030314', '2012-08-01', 0.0000, '', NULL, '', 57, '2015-10-31 00:21:41', '2015-10-31 00:21:41', 1, NULL, 3, 0, 12, 0, 3, 0, NULL, '', NULL, '台', 1, '良好', '', '周远宏', '扬天M6880N', '装备科', 1),
(117, '联想台式计算机', '联想台式计算机 K315', 'G030315', '2012-08-01', 0.0000, '', NULL, '', 57, '2015-10-31 00:21:41', '2015-10-31 00:21:41', 1, NULL, 3, 0, 12, 0, 3, 0, NULL, '', NULL, '台', 1, '良好', '', '申福', 'K315', '装备科', 1),
(118, '联想台式计算机', '联想台式计算机 新圆梦F528', 'G030316', '2012-08-01', 0.0000, '', NULL, '', 57, '2015-10-31 00:21:41', '2015-10-31 00:21:41', 1, NULL, 3, 0, 12, 0, 3, 0, NULL, '', NULL, '台', 1, '良好', '', '徐富强', '新圆梦F528', '装备科', 1),
(119, '联想台式计算机', '联想台式计算机 K315', 'G030317', '2012-08-01', 0.0000, '', NULL, '', 57, '2015-10-31 00:21:41', '2015-10-31 00:21:41', 1, NULL, 3, 0, 12, 0, 3, 0, NULL, '', NULL, '台', 1, '良好', '', '刘成忠', 'K315', '装备科', 1),
(120, '联想台式计算机', '联想台式计算机 启天M2700', 'G030318', '2012-08-01', 0.0000, '', NULL, '', 57, '2015-10-31 00:21:41', '2015-10-31 00:21:41', 1, NULL, 3, 0, 12, 0, 3, 0, NULL, '', NULL, '台', 1, '良好', '', '王善涛', '启天M2700', '装备科', 1),
(121, '联想台式计算机', '联想台式计算机 启天M6380', 'G030319', '2012-08-01', 0.0000, '', NULL, '', 57, '2015-10-31 00:21:41', '2015-10-31 00:21:41', 1, NULL, 3, 0, 12, 0, 3, 0, NULL, '', NULL, '台', 1, '良好', '2013.1.8 M7300', '张泽', '启天M6380', '装备科', 1),
(122, '联想台式计算机', '联想台式计算机 扬天M6880N', 'G030320', '2012-08-01', 0.0000, '', NULL, '', 57, '2015-10-31 00:21:41', '2015-10-31 00:21:41', 1, NULL, 3, 0, 12, 0, 3, 0, NULL, '', NULL, '台', 1, '良好', '', '徐尚林', '扬天M6880N', '装备科', 1),
(123, '联想台式计算机', '联想台式计算机 扬天M6880N', 'G030321', '2012-08-01', 0.0000, '', NULL, '', 57, '2015-10-31 00:21:41', '2015-10-31 00:21:41', 1, NULL, 3, 0, 12, 0, 3, 0, NULL, '', NULL, '台', 1, '良好', '', '廉光义', '扬天M6880N', '装备科', 1),
(124, '联想台式计算机', '联想台式计算机 扬天M6880N', 'G030322', '2012-08-01', 0.0000, '', NULL, '', 57, '2015-10-31 00:21:41', '2015-10-31 00:21:41', 1, NULL, 3, 0, 12, 0, 3, 0, NULL, '', NULL, '台', 1, '良好', '', '景全林', '扬天M6880N', '质量安全环保科', 1),
(125, '联想台式计算机', '联想台式计算机 扬天M6880N', 'G030323', '2012-08-01', 0.0000, '', NULL, '', 57, '2015-10-31 00:21:41', '2015-10-31 00:21:41', 1, NULL, 3, 0, 12, 0, 3, 0, NULL, '', NULL, '台', 1, '良好', '', '江建新', '扬天M6880N', '质量安全环保科', 1),
(126, '联想台式计算机', '联想台式计算机 扬天M6880N', 'G030324', '2012-08-01', 0.0000, '', NULL, '', 57, '2015-10-31 00:21:41', '2015-10-31 00:21:41', 1, NULL, 3, 0, 12, 0, 3, 0, NULL, '', NULL, '台', 1, '良好', '', '杨浩东', '扬天M6880N', '质量安全环保科', 1),
(127, '联想台式计算机', '联想台式计算机 扬天M6880N', 'G030325', '2012-08-01', 0.0000, '', NULL, '', 57, '2015-10-31 00:21:41', '2015-10-31 00:21:41', 1, NULL, 3, 0, 12, 0, 3, 0, NULL, '', NULL, '台', 1, '良好', '2013.9.3 M4380', '韩向阳', '扬天M6880N', '质量安全环保科', 1),
(128, '联想台式计算机', '联想台式计算机 扬天M6880N', 'G030326', '2012-08-01', 0.0000, '', NULL, '', 57, '2015-10-31 00:21:41', '2015-10-31 00:21:41', 1, NULL, 3, 0, 12, 0, 3, 0, NULL, '', NULL, '台', 1, '良好', '', '雷伏涛', '扬天M6880N', '质量安全环保科', 1),
(129, '联想台式计算机', '联想台式计算机 扬天M6880N', 'G030327', '2012-08-01', 0.0000, '', NULL, '', 57, '2015-10-31 00:21:41', '2015-10-31 00:21:41', 1, NULL, 3, 0, 12, 0, 3, 0, NULL, '', NULL, '台', 1, '良好', '', '李诚', '扬天M6880N', '质量安全环保科', 1),
(130, '联想台式计算机', '联想台式计算机 T4910', 'G030328', '2012-08-01', 0.0000, '', NULL, '', 57, '2015-10-31 00:21:41', '2015-10-31 00:21:41', 1, NULL, 3, 0, 12, 0, 3, 0, NULL, '', NULL, '台', 1, '良好', '2013.7.3 M4380', '贾文杰', 'T4910', '质量安全环保科', 1),
(131, '联想台式计算机', '联想台式计算机 M6600', 'G030329', '2012-08-01', 0.0000, '', NULL, '', 57, '2015-10-31 00:21:41', '2015-10-31 00:21:41', 1, NULL, 3, 0, 12, 0, 3, 0, NULL, '', NULL, '台', 1, '良好', '', '彭锌', 'M6600', '质量安全环保科', 1),
(132, '联想台式计算机', '联想台式计算机 M6600', 'G030330', '2012-08-01', 0.0000, '', NULL, '', 57, '2015-10-31 00:21:41', '2015-10-31 00:21:41', 1, NULL, 3, 0, 12, 0, 3, 0, NULL, '', NULL, '台', 1, '良好', '', '任珊珊', 'M6600', '质量安全环保科', 1),
(133, '联想台式计算机', '联想台式计算机 新圆梦F618', 'G030331', '2012-08-01', 0.0000, '', NULL, '', 57, '2015-10-31 00:21:41', '2015-10-31 00:21:41', 1, NULL, 3, 0, 12, 0, 3, 0, NULL, '', NULL, '台', 1, '良好', '2012 K3R1', '海显贵', '新圆梦F618', '质量安全环保科', 1),
(134, '联想台式计算机', '联想台式计算机 新圆梦F618', 'G030332', '2012-08-01', 0.0000, '', NULL, '', 57, '2015-10-31 00:21:41', '2015-10-31 00:21:41', 1, NULL, 3, 0, 12, 0, 3, 0, NULL, '', NULL, '台', 1, '良好', '2012.5.9', '蒋鹏飞', '新圆梦F618', '质量安全环保科', 1),
(135, '联想台式计算机', '联想台式计算机 扬天R4900D', 'G030333', '2012-08-01', 0.0000, '', NULL, '', 57, '2015-10-31 00:21:41', '2015-10-31 00:21:41', 1, NULL, 3, 0, 12, 0, 3, 0, NULL, '', NULL, '台', 1, '良好', '', '张光耀', '扬天R4900D', '质量安全环保科', 1),
(136, '联想台式计算机', '联想台式计算机 MA20778750', 'G030334', '2012-08-01', 0.0000, '', NULL, '', 57, '2015-10-31 00:21:41', '2015-10-31 00:21:41', 1, NULL, 3, 0, 12, 0, 3, 0, NULL, '', NULL, '台', 1, '良好', '', '胥凯', 'MA20778750', '工程技术服务公司', 1),
(137, '联想台式计算机', '联想台式计算机 MA20778750', 'G030335', '2012-08-01', 0.0000, '', NULL, '', 57, '2015-10-31 00:21:41', '2015-10-31 00:21:41', 1, NULL, 3, 0, 12, 0, 3, 0, NULL, '', NULL, '台', 1, '良好', '', '冯丽', 'MA20778750', '工程技术服务公司', 1),
(138, '联想台式计算机', '联想台式计算机 MA20778750', 'G030336', '2012-08-01', 0.0000, '', NULL, '', 57, '2015-10-31 00:21:41', '2015-10-31 00:21:41', 1, NULL, 3, 0, 12, 0, 3, 0, NULL, '', NULL, '台', 1, '良好', '', '孙俊', 'MA20778750', '工程技术服务公司', 1),
(139, '联想台式计算机', '联想台式计算机 MA20778750', 'G030337', '2012-08-01', 0.0000, '', NULL, '', 57, '2015-10-31 00:21:41', '2015-10-31 00:21:41', 1, NULL, 3, 0, 12, 0, 3, 0, NULL, '', NULL, '台', 1, '良好', '', '陈兴明', 'MA20778750', '工程技术服务公司', 1),
(140, '联想台式计算机', '联想台式计算机 MA20778750', 'G030338', '2012-08-01', 0.0000, '', NULL, '', 57, '2015-10-31 00:21:41', '2015-10-31 00:21:41', 1, NULL, 3, 0, 12, 0, 3, 0, NULL, '', NULL, '台', 1, '良好', '', '邵平', 'MA20778750', '工程技术服务公司', 1),
(141, '联想台式计算机', '联想台式计算机 MA20778750', 'G030339', '2012-08-01', 0.0000, '', NULL, '', 57, '2015-10-31 00:21:41', '2015-10-31 00:21:41', 1, NULL, 3, 0, 12, 0, 3, 0, NULL, '', NULL, '台', 1, '良好', '', '尹建华', 'MA20778750', '工程技术服务公司', 1),
(142, '联想台式计算机', '联想台式计算机 MA20778750', 'G030340', '2012-08-01', 0.0000, '', NULL, '', 57, '2015-10-31 00:21:41', '2015-10-31 00:21:41', 1, NULL, 3, 0, 12, 0, 3, 0, NULL, '', NULL, '台', 1, '良好', '', '邱夏', 'MA20778750', '工程技术服务公司', 1),
(143, '联想台式计算机', '联想台式计算机 MA20778750', 'G030341', '2012-08-01', 0.0000, '', NULL, '', 57, '2015-10-31 00:21:41', '2015-10-31 00:21:41', 1, NULL, 3, 0, 12, 0, 3, 0, NULL, '', NULL, '台', 1, '良好', '', '孙良国', 'MA20778750', '工程技术服务公司', 1),
(144, '联想台式计算机', '联想台式计算机 启天M4300', 'G030342', '2012-08-01', 0.0000, '', NULL, '', 57, '2015-10-31 00:21:41', '2015-10-31 00:21:41', 1, NULL, 3, 0, 12, 0, 3, 0, NULL, '', NULL, '台', 1, '良好', '', '齐玉才', '启天M4300', '工程技术服务公司', 1),
(145, '联想台式计算机', '联想台式计算机 启天M4300', 'G030343', '2012-08-01', 0.0000, '', NULL, '', 57, '2015-10-31 00:21:41', '2015-10-31 00:21:41', 1, NULL, 3, 0, 12, 0, 3, 0, NULL, '', NULL, '台', 1, '良好', '', '齐玉才', '启天M4300', '工程技术服务公司', 1),
(146, '联想台式计算机', '联想台式计算机 扬天T2930V                     ', 'G030344', '2012-08-01', 0.0000, '', NULL, '', 57, '2015-10-31 00:21:41', '2015-10-31 00:21:41', 1, NULL, 3, 0, 12, 0, 3, 0, NULL, '', NULL, '台', 1, '良好', '', '张志军', '扬天T2930V                     ', '物资供应站', 1),
(147, '联想台式计算机', '联想台式计算机 启天M7370             ', 'G030345', '2012-08-01', 0.0000, '', NULL, '', 57, '2015-10-31 00:21:41', '2015-10-31 00:21:41', 1, NULL, 3, 0, 12, 0, 3, 0, NULL, '', NULL, '台', 1, '良好', '', '周朝东  ', '启天M7370             ', '物资供应站', 1),
(148, '联想台式计算机', '联想台式计算机 启天M2700             ', 'G030346', '2012-08-01', 0.0000, '', NULL, '', 57, '2015-10-31 00:21:41', '2015-10-31 00:21:41', 1, NULL, 3, 0, 12, 0, 3, 0, NULL, '', NULL, '台', 1, '良好', '', '黄麒东', '启天M2700             ', '物资供应站', 1),
(149, '联想台式计算机', '联想台式计算机 扬天T4910               ', 'G030347', '2012-08-01', 0.0000, '', NULL, '', 57, '2015-10-31 00:21:41', '2015-10-31 00:21:41', 1, NULL, 3, 0, 12, 0, 3, 0, NULL, '', NULL, '台', 1, '良好', '', '黄汉新', '扬天T4910               ', '物资供应站', 1),
(150, '联想台式计算机', '联想台式计算机 扬天T4900            ', 'G030348', '2012-08-01', 0.0000, '', NULL, '', 57, '2015-10-31 00:21:41', '2015-10-31 00:21:41', 1, NULL, 3, 0, 12, 0, 3, 0, NULL, '', NULL, '台', 1, '良好', '', '颜清', '扬天T4900            ', '物资供应站', 1),
(151, '联想台式计算机', '联想台式计算机 家悦ER622               ', 'G030349', '2012-08-01', 0.0000, '', NULL, '', 57, '2015-10-31 00:21:41', '2015-10-31 00:21:41', 1, NULL, 3, 0, 12, 0, 3, 0, NULL, '', NULL, '台', 1, '良好', '', '李瑞峰', '家悦ER622               ', '物资供应站', 1),
(152, '联想台式计算机', '联想台式计算机 家悦ER622              ', 'G030350', '2012-08-01', 0.0000, '', NULL, '', 57, '2015-10-31 00:21:41', '2015-10-31 00:21:41', 1, NULL, 3, 0, 12, 0, 3, 0, NULL, '', NULL, '台', 1, '良好', '', '李兵', '家悦ER622              ', '物资供应站', 1),
(153, '联想台式计算机', '联想台式计算机 家悦ER202             ', 'G030351', '2012-08-01', 0.0000, '', NULL, '', 57, '2015-10-31 00:21:41', '2015-10-31 00:21:41', 1, NULL, 3, 0, 12, 0, 3, 0, NULL, '', NULL, '台', 1, '良好', '', '王立', '家悦ER202             ', '物资供应站', 1),
(154, '联想台式计算机', '联想台式计算机 ZDEACENTRE K3 R1        ', 'G030352', '2012-08-01', 0.0000, '', NULL, '', 57, '2015-10-31 00:21:41', '2015-10-31 00:21:41', 1, NULL, 3, 0, 12, 0, 3, 0, NULL, '', NULL, '台', 1, '良好', '', '任勇', 'ZDEACENTRE K3 R1        ', '物资供应站', 1),
(155, '联想台式计算机', '联想台式计算机 家悦ER432              ', 'G030353', '2012-08-01', 0.0000, '', NULL, '', 57, '2015-10-31 00:21:41', '2015-10-31 00:21:41', 1, NULL, 3, 0, 12, 0, 3, 0, NULL, '', NULL, '台', 1, '良好', '', '贾小辉', '家悦ER432              ', '物资供应站', 1),
(156, '联想台式计算机', '联想台式计算机 扬天4600C         ', 'G030354', '2012-08-01', 0.0000, '', NULL, '', 57, '2015-10-31 00:21:41', '2015-10-31 00:21:41', 1, NULL, 3, 0, 12, 0, 3, 0, NULL, '', NULL, '台', 1, '良好', '', '张燕', '扬天4600C         ', '物资供应站', 1),
(157, '联想台式计算机', '联想台式计算机 扬天T2930V             ', 'G030355', '2012-08-01', 0.0000, '', NULL, '', 57, '2015-10-31 00:21:41', '2015-10-31 00:21:41', 1, NULL, 3, 0, 12, 0, 3, 0, NULL, '', NULL, '台', 1, '良好', '', '凌毅恒', '扬天T2930V             ', '物资供应站', 1),
(158, '联想台式计算机', '联想台式计算机 开天M6900           ', 'G030356', '2012-08-01', 0.0000, '', NULL, '', 57, '2015-10-31 00:21:41', '2015-10-31 00:21:41', 1, NULL, 3, 0, 12, 0, 3, 0, NULL, '', NULL, '台', 1, '良好', '', '李燕', '开天M6900           ', '物资供应站', 1),
(159, '联想台式计算机', '联想台式计算机 扬天2930V                ', 'G030357', '2012-08-01', 0.0000, '', NULL, '', 57, '2015-10-31 00:21:41', '2015-10-31 00:21:41', 1, NULL, 3, 0, 12, 0, 3, 0, NULL, '', NULL, '台', 1, '良好', '', '杨蕾', '扬天2930V                ', '物资供应站', 1),
(160, '联想台式计算机', '联想台式计算机 开天M6900', 'G030358', '2012-08-01', 0.0000, '', NULL, '', 57, '2015-10-31 00:21:41', '2015-10-31 00:21:41', 1, NULL, 3, 0, 12, 0, 3, 0, NULL, '', NULL, '台', 1, '良好', '', '钟新建', '开天M6900', '物资供应站', 1),
(161, '联想台式计算机', '联想台式计算机 开天B6600', 'G030359', '2012-08-01', 0.0000, '', NULL, '', 57, '2015-10-31 00:21:41', '2015-10-31 00:21:41', 1, NULL, 3, 0, 12, 0, 3, 0, NULL, '', NULL, '台', 1, '良好', '', '袁新武', '开天B6600', '物资供应站', 1),
(162, '联想台式计算机', '联想台式计算机 家悦ER432', 'G030360', '2012-08-01', 0.0000, '', NULL, '', 57, '2015-10-31 00:21:41', '2015-10-31 00:21:41', 1, NULL, 3, 0, 12, 0, 3, 0, NULL, '', NULL, '台', 1, '良好', '', '吕卫东', '家悦ER432', '物资供应站', 1),
(163, '联想台式计算机', '联想台式计算机 新圆梦F618', 'G030361', '2012-08-01', 0.0000, '', NULL, '', 57, '2015-10-31 00:21:41', '2015-10-31 00:21:41', 1, NULL, 3, 0, 12, 0, 3, 0, NULL, '', NULL, '台', 1, '良好', '', '王军', '新圆梦F618', '物资供应站', 1),
(164, '联想台式计算机', '联想台式计算机 扬天M6800N', 'G030362', '2012-08-01', 0.0000, '', NULL, '', 57, '2015-10-31 00:21:41', '2015-10-31 00:21:41', 1, NULL, 3, 0, 12, 0, 3, 0, NULL, '', NULL, '台', 1, '良好', '', '塔中钻具库', '扬天M6800N', '物资供应站', 1),
(165, '联想台式计算机', '联想台式计算机 启天M7300', 'G030363', '2012-08-01', 0.0000, '', NULL, '', 57, '2015-10-31 00:21:41', '2015-10-31 00:21:41', 1, NULL, 3, 0, 12, 0, 3, 0, NULL, '', NULL, '台', 1, '良好', '', '母家勇', '启天M7300', '物资供应站', 1),
(166, '联想台式计算机', '联想台式计算机 新圆梦F618', 'G030364', '2012-08-01', 0.0000, '', NULL, '', 57, '2015-10-31 00:21:41', '2015-10-31 00:21:41', 1, NULL, 3, 0, 12, 0, 3, 0, NULL, '', NULL, '台', 1, '良好', '', '李乐尧', '新圆梦F618', '物资供应站', 1),
(167, '联想台式计算机', '联想台式计算机 扬天T4900V', 'G030365', '2012-08-01', 0.0000, '', NULL, '', 57, '2015-10-31 00:21:41', '2015-10-31 00:21:41', 1, NULL, 3, 0, 12, 0, 3, 0, NULL, '', NULL, '台', 1, '良好', '', '黄香红', '扬天T4900V', '物资供应站', 1),
(168, '联想台式计算机', '联想台式计算机 家悦E R202', 'G030366', '2012-08-01', 0.0000, '', NULL, '', 57, '2015-10-31 00:21:41', '2015-10-31 00:21:41', 1, NULL, 3, 0, 12, 0, 3, 0, NULL, '', NULL, '台', 1, '良好', '', '陈泽安', '家悦E R202', '物资供应站', 1),
(169, '联想台式计算机', '联想台式计算机 新圆梦F618', 'G030367', '2012-08-01', 0.0000, '', NULL, '', 57, '2015-10-31 00:21:41', '2015-10-31 00:21:41', 1, NULL, 3, 0, 12, 0, 3, 0, NULL, '', NULL, '台', 1, '良好', '', '尹利', '新圆梦F618', '物资供应站', 1),
(170, '联想台式计算机', '联想台式计算机 家悦E R202', 'G030368', '2012-08-01', 0.0000, '', NULL, '', 57, '2015-10-31 00:21:41', '2015-10-31 00:21:41', 1, NULL, 3, 0, 12, 0, 3, 0, NULL, '', NULL, '台', 1, '良好', '', '刘祖江', '家悦E R202', '物资供应站', 1),
(171, '戴尔台式计算机', '戴尔台式计算机 DCSM1F', 'G030369', '2012-08-01', 0.0000, '', NULL, '', 57, '2015-10-31 00:21:41', '2015-10-31 00:21:41', 1, NULL, 3, 0, 12, 0, 3, 0, NULL, '', NULL, '台', 1, '良好', '', '高志', 'DCSM1F', '钻具井控服务公司', 13),
(172, '戴尔台式计算机', '戴尔台式计算机 DCSM1F', 'G030370', '2012-08-01', 0.0000, '', NULL, '', 57, '2015-10-31 00:21:41', '2015-10-31 00:21:41', 1, NULL, 3, 0, 12, 0, 3, 0, NULL, '', NULL, '台', 1, '良好', '', '范清云', 'DCSM1F', '钻具井控服务公司', 13),
(173, '联想台式计算机', '联想台式计算机 启天M7160', 'G030371', '2012-08-01', 0.0000, '', NULL, '', 57, '2015-10-31 00:21:41', '2015-10-31 00:21:41', 1, NULL, 3, 0, 12, 0, 3, 0, NULL, '', NULL, '台', 1, '良好', '', '贺彬', '启天M7160', '钻具井控服务公司', 1),
(174, '联想台式计算机', '联想台式计算机 启天M7160', 'G030372', '2012-08-01', 0.0000, '', NULL, '', 57, '2015-10-31 00:21:41', '2015-10-31 00:21:41', 1, NULL, 3, 0, 12, 0, 3, 0, NULL, '', NULL, '台', 1, '良好', '', '先洪富', '启天M7160', '钻具井控服务公司', 1);
INSERT INTO `assets` (`id`, `name`, `asset_tag`, `serial`, `purchase_date`, `purchase_cost`, `order_number`, `assigned_to`, `notes`, `user_id`, `created_at`, `updated_at`, `physical`, `deleted_at`, `status_id`, `archived`, `warranty_months`, `depreciate`, `model_id`, `requestable`, `rtd_location_id`, `mac_address`, `accepted`, `unit`, `count`, `depreciation_status`, `user_check`, `address`, `model_name`, `department`, `manufacturer_id`) VALUES
(175, '联想台式计算机', '联想台式计算机 扬天2930v', 'G030373', '2012-08-01', 0.0000, '', NULL, '', 57, '2015-10-31 00:21:41', '2015-10-31 00:21:41', 1, NULL, 3, 0, 12, 0, 3, 0, NULL, '', NULL, '台', 1, '良好', '', '符坚', '扬天2930v', '钻具井控服务公司', 1),
(176, '联想台式计算机', '联想台式计算机 扬天A6000C', 'G030374', '2012-08-01', 0.0000, '', NULL, '', 57, '2015-10-31 00:21:41', '2015-10-31 00:21:41', 1, NULL, 3, 0, 12, 0, 3, 0, NULL, '', NULL, '台', 1, '良好', '', '李勇', '扬天A6000C', '钻具井控服务公司', 1),
(177, '戴尔台式计算机', '戴尔台式计算机 DCSML1F', 'G030375', '2012-08-01', 0.0000, '', NULL, '', 57, '2015-10-31 00:21:41', '2015-10-31 00:21:41', 1, NULL, 3, 0, 12, 0, 3, 0, NULL, '', NULL, '台', 1, '良好', '', '刘曲', 'DCSML1F', '钻具井控服务公司', 13),
(178, '惠普台式计算机', '惠普台式计算机 HP-PRO', 'G030376', '2012-08-01', 0.0000, '', NULL, '', 57, '2015-10-31 00:21:41', '2015-10-31 00:21:41', 1, NULL, 3, 0, 12, 0, 3, 0, NULL, '', NULL, '台', 1, '良好', '', '综合管理办', 'HP-PRO', '钻具井控服务公司', 1),
(179, '联想台式计算机', '联想台式计算机 联想新园梦F618', 'G030377', '2012-08-01', 0.0000, '', NULL, '', 57, '2015-10-31 00:21:41', '2015-10-31 00:21:41', 1, NULL, 3, 0, 12, 0, 3, 0, NULL, '', NULL, '台', 1, '良好', '', '朱牛强', '联想新园梦F618', '钻具井控服务公司', 1),
(180, '联想台式计算机', '联想台式计算机 联想新园梦F618', 'G030378', '2012-08-01', 0.0000, '', NULL, '', 57, '2015-10-31 00:21:41', '2015-10-31 00:21:41', 1, NULL, 3, 0, 12, 0, 3, 0, NULL, '', NULL, '台', 1, '良好', '', '王勤耘', '联想新园梦F618', '钻具井控服务公司', 1),
(181, '王牌台式计算机', '王牌台式计算机 LENOVO', 'G030379', '2012-08-01', 0.0000, '', NULL, '', 57, '2015-10-31 00:21:41', '2015-10-31 00:21:41', 1, NULL, 3, 0, 12, 0, 3, 0, NULL, '', NULL, '台', 1, '良好', '', '代振娜', 'LENOVO', '钻具井控服务公司', 17),
(182, '戴尔台式计算机', '戴尔台式计算机 DCSM1F', 'G030380', '2012-08-01', 0.0000, '', NULL, '', 57, '2015-10-31 00:21:41', '2015-10-31 00:21:41', 1, NULL, 3, 0, 12, 0, 3, 0, NULL, '', NULL, '台', 1, '良好', '', '唐晓红', 'DCSM1F', '钻具井控服务公司', 13),
(183, '戴尔台式计算机', '戴尔台式计算机 DCSM1F', 'G030381', '2012-08-01', 0.0000, '', NULL, '', 57, '2015-10-31 00:21:41', '2015-10-31 00:21:41', 1, NULL, 3, 0, 12, 0, 3, 0, NULL, '', NULL, '台', 1, '良好', '', '王丽娟', 'DCSM1F', '钻具井控服务公司', 13),
(184, '联想台式计算机', '联想台式计算机 月光宝盒', 'G030382', '2012-08-01', 0.0000, '', NULL, '', 57, '2015-10-31 00:21:41', '2015-10-31 00:21:41', 1, NULL, 3, 0, 12, 0, 3, 0, NULL, '', NULL, '台', 1, '坏', '', '综合管理办', '月光宝盒', '钻具井控服务公司', 1),
(185, '联想台式计算机', '联想台式计算机 扬天M4630D', 'G030383', '2012-08-01', 0.0000, '', NULL, '', 57, '2015-10-31 00:21:41', '2015-10-31 00:21:41', 1, NULL, 3, 0, 12, 0, 3, 0, NULL, '', NULL, '台', 1, '良好', '', '聂勇', '扬天M4630D', '钻具井控服务公司', 1),
(186, '联想台式计算机', '联想台式计算机 扬天M6880N', 'G030384', '2012-08-01', 0.0000, '', NULL, '', 57, '2015-10-31 00:21:41', '2015-10-31 00:21:41', 1, NULL, 3, 0, 12, 0, 3, 0, NULL, '', NULL, '台', 1, '良好', '', '朱建国', '扬天M6880N', '钻具井控服务公司', 1),
(187, '戴尔台式计算机', '戴尔台式计算机 DCSM1F', 'G030385', '2012-08-01', 0.0000, '', NULL, '', 57, '2015-10-31 00:21:41', '2015-10-31 00:21:41', 1, NULL, 3, 0, 12, 0, 3, 0, NULL, '', NULL, '台', 1, '良好', '', '代振妮', 'DCSM1F', '钻具井控服务公司', 13),
(188, '联想台式计算机', '联想台式计算机 扬天M7330N', 'G030386', '2012-08-01', 0.0000, '', NULL, '', 57, '2015-10-31 00:21:41', '2015-10-31 00:21:41', 1, NULL, 3, 0, 12, 0, 3, 0, NULL, '', NULL, '台', 1, '良好', '', '廖世刚', '扬天M7330N', '钻具井控服务公司', 1),
(189, '联想台式计算机', '联想台式计算机 8422', 'G030387', '2012-08-01', 0.0000, '', NULL, '', 57, '2015-10-31 00:21:41', '2015-10-31 00:21:41', 1, NULL, 3, 0, 12, 0, 3, 0, NULL, '', NULL, '台', 1, '良好', '', '付善勇', '8422', '生产生活服务公司', 1),
(190, '联想台式计算机', '联想台式计算机 扬天M7100N', 'G030388', '2012-08-01', 0.0000, '', NULL, '', 57, '2015-10-31 00:21:41', '2015-10-31 00:21:41', 1, NULL, 3, 0, 12, 0, 3, 0, NULL, '', NULL, '台', 1, '良好', '', '', '扬天M7100N', '生产生活服务公司', 1),
(191, '联想台式计算机', '联想台式计算机 开天M6900', 'G030389', '2012-08-01', 0.0000, '', NULL, '', 57, '2015-10-31 00:21:41', '2015-10-31 00:21:41', 1, NULL, 3, 0, 12, 0, 3, 0, NULL, '', NULL, '台', 1, '良好', '', '徐小洪', '开天M6900', '生产生活服务公司', 1),
(192, '联想台式计算机', '联想台式计算机 ', 'G030390', '2012-08-01', 0.0000, '', NULL, '', 57, '2015-10-31 00:21:41', '2015-10-31 00:21:41', 1, NULL, 3, 0, 12, 0, 3, 0, NULL, '', NULL, '台', 1, '良好', '', '陈普荣', '', '生产生活服务公司', 1),
(193, '联想台式计算机', '联想台式计算机 Idenlentre K3 R1', 'G030391', '2012-08-01', 0.0000, '', NULL, '', 57, '2015-10-31 00:21:41', '2015-10-31 00:21:41', 1, NULL, 3, 0, 12, 0, 3, 0, NULL, '', NULL, '台', 1, '良好', '', '张旭', 'Idenlentre K3 R1', '生产生活服务公司', 1),
(194, '联想台式计算机', '联想台式计算机 家悦E　R302', 'G030392', '2012-08-01', 0.0000, '', NULL, '', 57, '2015-10-31 00:21:41', '2015-10-31 00:21:41', 1, NULL, 3, 0, 12, 0, 3, 0, NULL, '', NULL, '台', 1, '良好', '', '梁思利', '家悦E　R302', '生产生活服务公司', 1),
(195, '联想台式计算机', '联想台式计算机 启天M6600', 'G030393', '2012-08-01', 0.0000, '', NULL, '', 57, '2015-10-31 00:21:41', '2015-10-31 00:21:41', 1, NULL, 3, 0, 12, 0, 3, 0, NULL, '', NULL, '台', 1, '良好', '', '宿　新', '启天M6600', '生产生活服务公司', 1),
(196, '联想台式计算机', '联想台式计算机 启天M7300', 'G030394', '2012-08-01', 0.0000, '', NULL, '', 57, '2015-10-31 00:21:41', '2015-10-31 00:21:41', 1, NULL, 3, 0, 12, 0, 3, 0, NULL, '', NULL, '台', 1, '良好', '', '莎娜娃', '启天M7300', '生产生活服务公司', 1),
(197, '联想台式计算机', '联想台式计算机 启天M4300', 'G030395', '2012-08-01', 0.0000, '', NULL, '', 57, '2015-10-31 00:21:41', '2015-10-31 00:21:41', 1, NULL, 3, 0, 12, 0, 3, 0, NULL, '', NULL, '台', 1, '良好', '', '胡跃', '启天M4300', '生产生活服务公司', 1),
(198, '联想台式计算机', '联想台式计算机 扬天M4600C', 'G030396', '2012-08-01', 0.0000, '', NULL, '', 57, '2015-10-31 00:21:41', '2015-10-31 00:21:41', 1, NULL, 3, 0, 12, 0, 3, 0, NULL, '', NULL, '台', 1, '良好', '', '陈昌明', '扬天M4600C', '生产生活服务公司', 1),
(199, '联想台式计算机', '联想台式计算机 VOSTR0230', 'G030397', '2012-08-01', 0.0000, '', NULL, '', 57, '2015-10-31 00:21:41', '2015-10-31 00:21:41', 1, NULL, 3, 0, 12, 0, 3, 0, NULL, '', NULL, '台', 1, '良好', '', '陈强', 'VOSTR0230', '生产生活服务公司', 13),
(200, '联想台式计算机', '联想台式计算机 启天M5400', 'G030398', '2012-08-01', 0.0000, '', NULL, '', 57, '2015-10-31 00:21:41', '2015-10-31 00:21:41', 1, NULL, 3, 0, 12, 0, 3, 0, NULL, '', NULL, '台', 1, '良好', '', '舒卫', '启天M5400', '生产生活服务公司', 1),
(201, '联想台式计算机', '联想台式计算机 DPTIPLEX 380', 'G030399', '2012-08-01', 0.0000, '', NULL, '', 57, '2015-10-31 00:21:41', '2015-10-31 00:21:41', 1, NULL, 3, 0, 12, 0, 3, 0, NULL, '', NULL, '台', 1, '良好', '', '石英', 'DPTIPLEX 380', '生产生活服务公司', 13),
(202, '联想台式计算机', '联想台式计算机 扬天15900V', 'G030400', '2012-08-01', 0.0000, '', NULL, '', 57, '2015-10-31 00:21:41', '2015-10-31 00:21:41', 1, NULL, 3, 0, 12, 0, 3, 0, NULL, '', NULL, '台', 1, '良好', '', '休息室', '扬天15900V', '生产生活服务公司', 1),
(203, '联想台式计算机', '联想台式计算机 扬天T2590V', 'G030401', '2012-08-01', 0.0000, '', NULL, '', 57, '2015-10-31 00:21:41', '2015-10-31 00:21:41', 1, NULL, 3, 0, 12, 0, 3, 0, NULL, '', NULL, '台', 1, '良好', '', '休息室', '扬天T2590V', '生产生活服务公司', 1),
(204, '联想台式计算机', '联想台式计算机 ', 'G030402', '2012-08-01', 0.0000, '', NULL, '', 57, '2015-10-31 00:21:41', '2015-10-31 00:21:41', 1, NULL, 3, 0, 12, 0, 3, 0, NULL, '', NULL, '台', 1, '良好', '', '公寓总台', '', '生产生活服务公司', 1),
(205, '联想台式计算机', '联想台式计算机 启天M6900', 'G030403', '2012-08-01', 0.0000, '', NULL, '', 57, '2015-10-31 00:21:41', '2015-10-31 00:21:41', 1, NULL, 3, 0, 12, 0, 3, 0, NULL, '', NULL, '台', 1, '良好', '', 'GPS', '启天M6900', '生产生活服务公司', 1),
(206, '联想台式计算机', '联想台式计算机 扬天M6880N', 'G030404', '2012-08-01', 0.0000, '', NULL, '', 57, '2015-10-31 00:21:41', '2015-10-31 00:21:41', 1, NULL, 3, 0, 12, 0, 3, 0, NULL, '', NULL, '台', 1, '良好', '', '张万军', '扬天M6880N', '生产生活服务公司', 1),
(207, '联想台式计算机', '联想台式计算机 K3R1', 'G030405', '2012-08-01', 0.0000, '', NULL, '', 57, '2015-10-31 00:21:41', '2015-10-31 00:21:41', 1, NULL, 3, 0, 12, 0, 3, 0, NULL, '', NULL, '台', 1, '良好', '', '张新云', 'K3R1', '生产生活服务公司', 1),
(208, '联想台式计算机', '联想台式计算机 DX7380MT', 'G030406', '2012-08-01', 0.0000, '', NULL, '', 57, '2015-10-31 00:21:41', '2015-10-31 00:21:41', 1, NULL, 3, 0, 12, 0, 3, 0, NULL, '', NULL, '台', 1, '良好', '', '李福振', 'DX7380MT', '生产生活服务公司', 12),
(209, '联想笔记本电脑', '联想笔记本电脑 Think Pad X220i', 'G040200', '2012-08-01', 0.0000, '', NULL, '', 57, '2015-10-31 00:21:41', '2015-10-31 00:21:41', 1, NULL, 3, 0, 12, 0, 4, 0, NULL, '', NULL, '台', 1, '良好', '2012 白雨', '310', 'Think Pad X220i', '公司办公室', 1),
(210, '联想笔记本电脑', '联想笔记本电脑 Think Pad X220i', 'G040201', '2012-08-01', 0.0000, '', NULL, '', 57, '2015-10-31 00:21:41', '2015-10-31 00:21:41', 1, NULL, 3, 0, 12, 0, 4, 0, NULL, '', NULL, '台', 1, '良好', '', '湛峰', 'Think Pad X220i', '公司办公室', 1),
(211, '戴尔笔记本电脑', '戴尔笔记本电脑 PP18L', 'G040202', '2012-08-01', 0.0000, '', NULL, '', 57, '2015-10-31 00:21:41', '2015-10-31 00:21:41', 1, NULL, 3, 0, 12, 0, 4, 0, NULL, '', NULL, '台', 1, '良好', '', '杨鹏祺', 'PP18L', '公司办公室', 13),
(212, '戴尔笔记本电脑', '戴尔笔记本电脑 PP18L', 'G040203', '2012-08-01', 0.0000, '', NULL, '', 57, '2015-10-31 00:21:41', '2015-10-31 00:21:41', 1, NULL, 3, 0, 12, 0, 4, 0, NULL, '', NULL, '台', 1, '良好', '', '310', 'PP18L', '公司办公室', 13),
(213, '惠普笔记本电脑', '惠普笔记本电脑 ', 'G040204', '2012-08-01', 0.0000, '', NULL, '', 57, '2015-10-31 00:21:41', '2015-10-31 00:21:41', 1, NULL, 3, 0, 12, 0, 4, 0, NULL, '', NULL, '台', 1, '差', '', '湛峰', '', '公司办公室', 12),
(214, '联想笔记本电脑', '联想笔记本电脑 SL400', 'G040205', '2012-08-01', 0.0000, '', NULL, '', 57, '2015-10-31 00:21:41', '2015-10-31 00:21:41', 1, NULL, 3, 0, 12, 0, 4, 0, NULL, '', NULL, '台', 1, '差', '', '609', 'SL400', '党群工作科', 1),
(215, '联想笔记本电脑', '联想笔记本电脑 thinkpad', 'G040206', '2012-08-01', 0.0000, '', NULL, '', 57, '2015-10-31 00:21:41', '2015-10-31 00:21:41', 1, NULL, 3, 0, 12, 0, 4, 0, NULL, '', NULL, '台', 1, '差', '', '609', 'thinkpad', '党群工作科', 1),
(216, '联想笔记本电脑', '联想笔记本电脑 X220', 'G040207', '2012-08-01', 0.0000, '', NULL, '', 57, '2015-10-31 00:21:41', '2015-10-31 00:21:41', 1, NULL, 3, 0, 12, 0, 4, 0, NULL, '', NULL, '台', 1, '良好', '2012.3.26', '刘玉学', 'X220', '党群工作科', 1),
(217, '联想笔记本电脑', '联想笔记本电脑 X220', 'G040208', '2012-08-01', 0.0000, '', NULL, '', 57, '2015-10-31 00:21:41', '2015-10-31 00:21:41', 1, NULL, 3, 0, 12, 0, 4, 0, NULL, '', NULL, '台', 1, '良好', '2012.3.26', '丁小明', 'X220', '党群工作科', 1),
(218, '联想笔记本电脑', '联想笔记本电脑 X220i', 'G040209', '2012-08-01', 0.0000, '', NULL, '', 57, '2015-10-31 00:21:41', '2015-10-31 00:21:41', 1, NULL, 3, 0, 12, 0, 4, 0, NULL, '', NULL, '台', 1, '良好', '', '609', 'X220i', '党群工作科', 1),
(219, '联想笔记本电脑', '联想笔记本电脑 X220', 'G040210', '2012-08-01', 0.0000, '', NULL, '', 57, '2015-10-31 00:21:41', '2015-10-31 00:21:41', 1, NULL, 3, 0, 12, 0, 4, 0, NULL, '', NULL, '台', 1, '良好', '2013.4.6 ', '范志明', 'X220', '监察科', 1),
(220, '联想笔记本电脑', '联想笔记本电脑 L430', 'G040211', '2012-08-01', 0.0000, '', NULL, '', 57, '2015-10-31 00:21:41', '2015-10-31 00:21:41', 1, NULL, 3, 0, 12, 0, 4, 0, NULL, '', NULL, '台', 1, '良好', '2013.11.22', '606', 'L430', '监察科', 1),
(221, '联想笔记本电脑', '联想笔记本电脑 昭阳E49A', 'G040212', '2012-08-01', 0.0000, '', NULL, '', 57, '2015-10-31 00:21:41', '2015-10-31 00:21:41', 1, NULL, 3, 0, 12, 0, 4, 0, NULL, '', NULL, '台', 1, '良好', '2013.12.29', '于波', '昭阳E49A', '人事劳资科', 1),
(222, '联想笔记本电脑', '联想笔记本电脑 昭阳E49A', 'G040213', '2012-08-01', 0.0000, '', NULL, '', 57, '2015-10-31 00:21:41', '2015-10-31 00:21:41', 1, NULL, 3, 0, 12, 0, 4, 0, NULL, '', NULL, '台', 1, '良好', '2013.12.29', '于波', '昭阳E49A', '人事劳资科', 1),
(223, '联想笔记本电脑', '联想笔记本电脑 X220-A94', 'G040214', '2012-08-01', 0.0000, '', NULL, '', 57, '2015-10-31 00:21:41', '2015-10-31 00:21:41', 1, NULL, 3, 0, 12, 0, 4, 0, NULL, '', NULL, '台', 1, '良好', '2013.5.4', '刘鑫', 'X220-A94', '人事劳资科', 1),
(224, '联想笔记本电脑', '联想笔记本电脑 X220-A94', 'G040215', '2012-08-01', 0.0000, '', NULL, '', 57, '2015-10-31 00:21:41', '2015-10-31 00:21:41', 1, NULL, 3, 0, 12, 0, 4, 0, NULL, '', NULL, '台', 1, '良好', '2012 X220', '庞文君', 'X220-A94', '人事劳资科', 1),
(225, '联想笔记本电脑', '联想笔记本电脑 X220-A94', 'G040216', '2012-08-01', 0.0000, '', NULL, '', 57, '2015-10-31 00:21:41', '2015-10-31 00:21:41', 1, NULL, 3, 0, 12, 0, 4, 0, NULL, '', NULL, '台', 1, '良好', '2013.8.21 戴尔14R99', '姚志', 'X220-A94', '人事劳资科', 1),
(226, '联想笔记本电脑', '联想笔记本电脑 ThinkPad T410i', 'G040217', '2012-08-01', 0.0000, '', NULL, '', 57, '2015-10-31 00:21:41', '2015-10-31 00:21:41', 1, NULL, 3, 0, 12, 0, 4, 0, NULL, '', NULL, '台', 1, '良好', '2013.11.5 L430', '范星晨', 'ThinkPad T410i', '企管计划科', 1),
(227, '联想笔记本电脑', '联想笔记本电脑 ThinkPad S3-431', 'G040218', '2012-08-01', 0.0000, '', NULL, '', 57, '2015-10-31 00:21:41', '2015-10-31 00:21:41', 1, NULL, 3, 0, 12, 0, 4, 0, NULL, '', NULL, '台', 1, '良好', '2013.12.12 L430', '唐旭东', 'ThinkPad S3-431', '企管计划科', 1),
(228, '联想笔记本电脑', '联想笔记本电脑 X220-A94', 'G040219', '2012-08-01', 0.0000, '', NULL, '', 57, '2015-10-31 00:21:41', '2015-10-31 00:21:41', 1, NULL, 3, 0, 12, 0, 4, 0, NULL, '', NULL, '台', 1, '良好', '2012.5.2', '', 'X220-A94', '企管计划科', 1),
(229, '联想笔记本电脑', '联想笔记本电脑 X220-A44', 'G040220', '2012-08-01', 0.0000, '', NULL, '', 57, '2015-10-31 00:21:41', '2015-10-31 00:21:41', 1, NULL, 3, 0, 12, 0, 4, 0, NULL, '', NULL, '台', 1, '良好', '2012.12.20', '', 'X220-A44', '企管计划科', 1),
(230, '联想笔记本电脑', '联想笔记本电脑 E49A', 'G040221', '2012-08-01', 0.0000, '', NULL, '', 57, '2015-10-31 00:21:41', '2015-10-31 00:21:41', 1, NULL, 3, 0, 12, 0, 4, 0, NULL, '', NULL, '台', 1, '良好', '2012.4.13', '', 'E49A', '企管计划科', 1),
(231, '联想笔记本电脑', '联想笔记本电脑 E49A', 'G040222', '2012-08-01', 0.0000, '', NULL, '', 57, '2015-10-31 00:21:41', '2015-10-31 00:21:41', 1, NULL, 3, 0, 12, 0, 4, 0, NULL, '', NULL, '台', 1, '良好', '2012.9.27', '', 'E49A', '企管计划科', 1),
(232, '联想笔记本电脑', '联想笔记本电脑 X220', 'G040223', '2012-08-01', 0.0000, '', NULL, '', 57, '2015-10-31 00:21:41', '2015-10-31 00:21:41', 1, NULL, 3, 0, 12, 0, 4, 0, NULL, '', NULL, '台', 1, '良好', '2013.3.13', '311', 'X220', '市场开发科', 1),
(233, '联想笔记本电脑', '联想笔记本电脑 X220', 'G040224', '2012-08-01', 0.0000, '', NULL, '', 57, '2015-10-31 00:21:41', '2015-10-31 00:21:41', 1, NULL, 3, 0, 12, 0, 4, 0, NULL, '', NULL, '台', 1, '良好', '2013.3.13', '311', 'X220', '市场开发科', 1),
(234, '联想笔记本电脑', '联想笔记本电脑 X220', 'G040225', '2012-08-01', 0.0000, '', NULL, '', 57, '2015-10-31 00:21:41', '2015-10-31 00:21:41', 1, NULL, 3, 0, 12, 0, 4, 0, NULL, '', NULL, '台', 1, '良好', '2012.4.25', '311', 'X220', '市场开发科', 1),
(235, '联想笔记本电脑', '联想笔记本电脑 昭阳K47G', 'G040226', '2012-08-01', 0.0000, '', NULL, '', 57, '2015-10-31 00:21:41', '2015-10-31 00:21:41', 1, NULL, 3, 0, 12, 0, 4, 0, NULL, '', NULL, '台', 1, '良好', '', '杨坤', '昭阳K47G', '生产运行科', 1),
(236, '联想笔记本电脑', '联想笔记本电脑 联想T410', 'G040227', '2012-08-01', 0.0000, '', NULL, '', 57, '2015-10-31 00:21:41', '2015-10-31 00:21:41', 1, NULL, 3, 0, 12, 0, 4, 0, NULL, '', NULL, '台', 1, '良好', '2013.3.6 X220', '颜韵龄', '联想T410', '财务资产科', 1),
(237, '联想笔记本电脑', '联想笔记本电脑 联想T410', 'G040228', '2012-08-01', 0.0000, '', NULL, '', 57, '2015-10-31 00:21:41', '2015-10-31 00:21:41', 1, NULL, 3, 0, 12, 0, 4, 0, NULL, '', NULL, '台', 1, '良好', '', '王蕾', '联想T410', '财务资产科', 1),
(238, '联想笔记本电脑', '联想笔记本电脑 联想T410', 'G040229', '2012-08-01', 0.0000, '', NULL, '', 57, '2015-10-31 00:21:41', '2015-10-31 00:21:41', 1, NULL, 3, 0, 12, 0, 4, 0, NULL, '', NULL, '台', 1, '良好', '', '汪晓斌', '联想T410', '财务资产科', 1),
(239, '戴尔笔记本电脑', '戴尔笔记本电脑 戴尔', 'G040230', '2012-08-01', 0.0000, '', NULL, '', 57, '2015-10-31 00:21:41', '2015-10-31 00:21:41', 1, NULL, 3, 0, 12, 0, 4, 0, NULL, '', NULL, '台', 1, '良好', '', '敬金菊', '戴尔', '财务资产科', 13),
(240, '戴尔笔记本电脑', '戴尔笔记本电脑 戴尔', 'G040231', '2012-08-01', 0.0000, '', NULL, '', 57, '2015-10-31 00:21:41', '2015-10-31 00:21:41', 1, NULL, 3, 0, 12, 0, 4, 0, NULL, '', NULL, '台', 1, '已坏', '', '成本组', '戴尔', '财务资产科', 13),
(241, '戴尔笔记本电脑', '戴尔笔记本电脑 戴尔', 'G040232', '2012-08-01', 0.0000, '', NULL, '', 57, '2015-10-31 00:21:41', '2015-10-31 00:21:41', 1, NULL, 3, 0, 12, 0, 4, 0, NULL, '', NULL, '台', 1, '良好', '', '谢公明', '戴尔', '财务资产科', 13),
(242, '戴尔笔记本电脑', '戴尔笔记本电脑 戴尔X15', 'G040233', '2012-08-01', 0.0000, '', NULL, '', 57, '2015-10-31 00:21:41', '2015-10-31 00:21:41', 1, NULL, 3, 0, 12, 0, 4, 0, NULL, '', NULL, '台', 1, '良好', '', '陈文财', '戴尔X15', '财务资产科', 13),
(243, '惠普笔记本电脑', '惠普笔记本电脑 HP', 'G040234', '2012-08-01', 0.0000, '', NULL, '', 57, '2015-10-31 00:21:41', '2015-10-31 00:21:41', 1, NULL, 3, 0, 12, 0, 4, 0, NULL, '', NULL, '台', 1, '已坏', '', '陈叙', 'HP', '财务资产科', 12),
(244, 'IBM笔记本电脑', 'IBM笔记本电脑 IBM', 'G040235', '2012-08-01', 0.0000, '', NULL, '', 57, '2015-10-31 00:21:41', '2015-11-07 16:30:23', 1, NULL, 5, 0, 12, 0, 4, 0, 0, '', NULL, '台', 1, '已坏', '20140809；20150901', '颜韵龄', 'IBM', '财务资产科', 2),
(245, '联想笔记本电脑', '联想笔记本电脑 联想T410', 'G040236', '2012-08-01', 0.0000, '', NULL, '', 57, '2015-10-31 00:21:41', '2015-10-31 00:21:41', 1, NULL, 3, 0, 12, 0, 4, 0, NULL, '', NULL, '台', 1, '良好', '', '唐斌', '联想T410', '财务资产科', 1),
(246, '联想笔记本电脑', '联想笔记本电脑 昭阳K479', 'G040237', '2012-08-01', 0.0000, '', NULL, '', 57, '2015-10-31 00:21:41', '2015-10-31 00:21:41', 1, NULL, 3, 0, 12, 0, 4, 0, NULL, '', NULL, '台', 1, '良好', '', '石道云', '昭阳K479', '财务资产科', 1),
(247, '联想笔记本电脑', '联想笔记本电脑 昭阳K479', 'G040238', '2012-08-01', 0.0000, '', NULL, '', 57, '2015-10-31 00:21:41', '2015-10-31 00:21:41', 1, NULL, 3, 0, 12, 0, 4, 0, NULL, '', NULL, '台', 1, '良好', '', '李居民(509室)', '昭阳K479', '财务资产科', 1),
(248, '联想笔记本电脑', '联想笔记本电脑 昭阳K479', 'G040239', '2012-08-01', 0.0000, '', NULL, '', 57, '2015-10-31 00:21:41', '2015-10-31 00:21:41', 1, NULL, 3, 0, 12, 0, 4, 0, NULL, '', NULL, '台', 1, '良好', '', '陈丰文(509室)', '昭阳K479', '财务资产科', 1),
(249, '联想笔记本电脑', '联想笔记本电脑 昭阳K479', 'G040240', '2012-08-01', 0.0000, '', NULL, '', 57, '2015-10-31 00:21:41', '2015-10-31 00:21:41', 1, NULL, 3, 0, 12, 0, 4, 0, NULL, '', NULL, '台', 1, '良好', '', '陈实(509室)', '昭阳K479', '财务资产科', 1),
(250, '联想笔记本电脑', '联想笔记本电脑 联想', 'G040241', '2012-08-01', 0.0000, '', NULL, '', 57, '2015-10-31 00:21:41', '2015-10-31 00:21:41', 1, NULL, 3, 0, 12, 0, 4, 0, NULL, '', NULL, '台', 1, '良好', '', '彭新元(509室)', '联想', '财务资产科', 1),
(251, '惠普笔记本电脑', '惠普笔记本电脑 HP', 'G040242', '2012-08-01', 0.0000, '', NULL, '', 57, '2015-10-31 00:21:41', '2015-10-31 00:21:41', 1, NULL, 3, 0, 12, 0, 4, 0, NULL, '', NULL, '台', 1, '良好', '', '王吉林(509室)', 'HP', '财务资产科', 12),
(252, '联想笔记本电脑', '联想笔记本电脑 K29', 'G040243', '2012-08-01', 0.0000, '', NULL, '', 57, '2015-10-31 00:21:41', '2015-10-31 00:21:41', 1, NULL, 3, 0, 12, 0, 4, 0, NULL, '', NULL, '台', 1, '良好', '', '许从德', 'K29', '工程技术科', 1),
(253, '联想笔记本电脑', '联想笔记本电脑 E49', 'G040244', '2012-08-01', 0.0000, '', NULL, '', 57, '2015-10-31 00:21:41', '2015-10-31 00:21:41', 1, NULL, 3, 0, 12, 0, 4, 0, NULL, '', NULL, '台', 1, '良好', '2013.1.2 ', '杨斐', 'E49', '工程技术科', 1),
(254, '联想笔记本电脑', '联想笔记本电脑 E39A', 'G040245', '2012-08-01', 0.0000, '', NULL, '', 57, '2015-10-31 00:21:41', '2015-10-31 00:21:41', 1, NULL, 3, 0, 12, 0, 4, 0, NULL, '', NULL, '台', 1, '坏', '', '无人', 'E39A', '工程技术科', 1),
(255, '联想笔记本电脑', '联想笔记本电脑 SL1400', 'G040246', '2012-08-01', 0.0000, '', NULL, '', 57, '2015-10-31 00:21:41', '2015-10-31 00:21:41', 1, NULL, 3, 0, 12, 0, 4, 0, NULL, '', NULL, '台', 1, '良好', '', '杨斐', 'SL1400', '工程技术科', 1),
(256, '惠普笔记本电脑', '惠普笔记本电脑 MX6320', 'G040247', '2012-08-01', 0.0000, '', NULL, '', 57, '2015-10-31 00:21:41', '2015-11-03 22:32:05', 1, NULL, 3, 0, 12, 0, 4, 0, 0, '', NULL, '台', 1, '坏', '', '无人', 'MX6320', '惠普笔记本电脑G040247', 12),
(257, '联想笔记本电脑', '联想笔记本电脑 T410', 'G040248', '2012-08-01', 0.0000, '', NULL, '', 57, '2015-10-31 00:21:41', '2015-10-31 00:21:41', 1, NULL, 3, 0, 12, 0, 4, 0, NULL, '', NULL, '台', 1, '良好', '', '张代荣', 'T410', '工程技术科', 1),
(258, '联想笔记本电脑', '联想笔记本电脑 T410', 'G040249', '2012-08-01', 0.0000, '', NULL, '', 57, '2015-10-31 00:21:41', '2015-10-31 00:21:41', 1, NULL, 3, 0, 12, 0, 4, 0, NULL, '', NULL, '台', 1, '良好', '', '许从德', 'T410', '工程技术科', 1),
(259, '戴尔笔记本电脑', '戴尔笔记本电脑 E5410', 'G040250', '2012-08-01', 0.0000, '', NULL, '', 57, '2015-10-31 00:21:41', '2015-10-31 00:21:41', 1, NULL, 3, 0, 12, 0, 4, 0, NULL, '', NULL, '台', 1, '坏', '', '无人', 'E5410', '工程技术科', 13),
(260, 'IBM笔记本电脑', 'IBM笔记本电脑 T60', 'G040251', '2012-08-01', 0.0000, '', NULL, '', 57, '2015-10-31 00:21:41', '2015-11-07 16:18:48', 1, '2015-11-07 16:18:48', 3, 0, 12, 0, 4, 0, NULL, '', NULL, '台', 1, '良好', '', '徐富强', 'T60', '装备科', 2),
(261, '联想笔记本电脑', '联想笔记本电脑 7755—P2C/R61', 'G040252', '2012-08-01', 0.0000, '', NULL, '', 57, '2015-10-31 00:21:41', '2015-10-31 00:21:41', 1, NULL, 3, 0, 12, 0, 4, 0, NULL, '', NULL, '台', 1, '良好', '', '张泽', '7755—P2C/R61', '装备科', 1),
(262, '联想笔记本电脑', '联想笔记本电脑 X200', 'G040253', '2012-08-01', 0.0000, '', NULL, '', 57, '2015-10-31 00:21:41', '2015-10-31 00:21:41', 1, NULL, 3, 0, 12, 0, 4, 0, NULL, '', NULL, '台', 1, '良好', '2012.5.9', '蒋鹏飞', 'X200', '质量安全环保科', 1),
(263, '联想笔记本电脑', '联想笔记本电脑 X200', 'G040254', '2012-08-01', 0.0000, '', NULL, '', 57, '2015-10-31 00:21:41', '2015-10-31 00:21:41', 1, NULL, 3, 0, 12, 0, 4, 0, NULL, '', NULL, '台', 1, '良好', '', '海显贵', 'X200', '质量安全环保科', 1),
(264, '三星笔记本电脑', '三星笔记本电脑 R428', 'G040255', '2012-08-01', 0.0000, '', NULL, '', 57, '2015-10-31 00:21:41', '2015-10-31 00:21:41', 1, NULL, 3, 0, 12, 0, 4, 0, NULL, '', NULL, '台', 1, '良好', '', '江建新', 'R428', '质量安全环保科', 4),
(265, '联想笔记本电脑', '联想笔记本电脑 昭阳E49A', 'G040256', '2012-08-01', 0.0000, '', NULL, '', 57, '2015-10-31 00:21:41', '2015-10-31 00:21:41', 1, NULL, 3, 0, 12, 0, 4, 0, NULL, '', NULL, '台', 1, '良好', '', '黄念义', '昭阳E49A', '工程技术服务公司', 1),
(266, '联想笔记本电脑', '联想笔记本电脑 昭阳E49A', 'G040257', '2012-08-01', 0.0000, '', NULL, '', 57, '2015-10-31 00:21:41', '2015-10-31 00:21:41', 1, NULL, 3, 0, 12, 0, 4, 0, NULL, '', NULL, '台', 1, '良好', '', '陈勇', '昭阳E49A', '工程技术服务公司', 1),
(267, '惠普笔记本电脑', '惠普笔记本电脑 HP4411S', 'G040258', '2012-08-01', 0.0000, '', NULL, '', 57, '2015-10-31 00:21:41', '2015-10-31 00:21:41', 1, NULL, 3, 0, 12, 0, 4, 0, NULL, '', NULL, '台', 1, '良好', '', '王军', 'HP4411S', '物资供应站', 12),
(268, '惠普笔记本电脑', '惠普笔记本电脑 HPI12C', 'G040259', '2012-08-01', 0.0000, '', NULL, '', 57, '2015-10-31 00:21:41', '2015-10-31 00:21:41', 1, NULL, 3, 0, 12, 0, 4, 0, NULL, '', NULL, '台', 1, '良好', '', '杨蕾', 'HPI12C', '物资供应站', 12),
(269, '联想笔记本电脑', '联想笔记本电脑 联想启天5400', 'G040260', '2012-08-01', 0.0000, '', NULL, '', 57, '2015-10-31 00:21:41', '2015-10-31 00:21:41', 1, NULL, 3, 0, 12, 0, 4, 0, NULL, '', NULL, '台', 1, '良好', '', '杨蕾', '联想启天5400', '物资供应站', 1),
(270, '戴尔笔记本电脑', '戴尔笔记本电脑 戴尔   型号待定，更换中', 'G040261', '2012-08-01', 0.0000, '', NULL, '', 57, '2015-10-31 00:21:41', '2015-10-31 00:21:41', 1, NULL, 3, 0, 12, 0, 4, 0, NULL, '', NULL, '台', 1, '', '', '李瑞峰', '戴尔   型号待定，更换中', '物资供应站', 13),
(271, '戴尔笔记本电脑', '戴尔笔记本电脑 460C', 'G040262', '2012-08-01', 0.0000, '', NULL, '', 57, '2015-10-31 00:21:41', '2015-10-31 00:21:41', 1, NULL, 3, 0, 12, 0, 4, 0, NULL, '', NULL, '台', 1, '良好', '', '顔念东', '460C', '钻具井控服务公司', 13),
(272, '戴尔笔记本电脑', '戴尔笔记本电脑 460C', 'G040263', '2012-08-01', 0.0000, '', NULL, '', 57, '2015-10-31 00:21:41', '2015-10-31 00:21:41', 1, NULL, 3, 0, 12, 0, 4, 0, NULL, '', NULL, '台', 1, '坏', '', '代振娜', '460C', '钻具井控服务公司', 13),
(273, '东芝笔记本电脑', '东芝笔记本电脑 TOSHIBA', 'G040264', '2012-08-01', 0.0000, '', NULL, '', 57, '2015-10-31 00:21:41', '2015-10-31 00:21:41', 1, NULL, 3, 0, 12, 0, 4, 0, NULL, '', NULL, '台', 1, '坏', '', '代振娜', 'TOSHIBA', '钻具井控服务公司', 5),
(274, '戴尔笔记本电脑', '戴尔笔记本电脑 460C', 'G040265', '2012-08-01', 0.0000, '', NULL, '', 57, '2015-10-31 00:21:41', '2015-10-31 00:21:41', 1, NULL, 3, 0, 12, 0, 4, 0, NULL, '', NULL, '台', 1, '新配', '', 'A2楼会议室', '460C', '钻具井控服务公司', 13),
(275, '惠普打印机', '惠普打印机 HP1020', 'G050200', '2012-08-01', 0.0000, '', NULL, '', 57, '2015-10-31 00:21:41', '2015-10-31 00:21:41', 1, NULL, 3, 0, 12, 0, 5, 0, NULL, '', NULL, '台', 1, '良好', '', '王正康', 'HP1020', '公司办公室', 12),
(276, '惠普打印机', '惠普打印机 HP1020', 'G050201', '2012-08-01', 0.0000, '', NULL, '', 57, '2015-10-31 00:21:41', '2015-10-31 00:21:41', 1, NULL, 3, 0, 12, 0, 5, 0, NULL, '', NULL, '台', 1, '良好', '', '307室', 'HP1020', '公司办公室', 12),
(277, '惠普打印机', '惠普打印机 HP Laserjet1300', 'G050202', '2012-08-01', 0.0000, '', NULL, '', 57, '2015-10-31 00:21:41', '2015-10-31 00:21:41', 1, NULL, 3, 0, 12, 0, 5, 0, NULL, '', NULL, '台', 1, '良好', '', '档案室', 'HP Laserjet1300', '公司办公室', 12),
(278, '三星打印机', '三星打印机 ML1861', 'G050203', '2012-08-01', 0.0000, '', NULL, '', 57, '2015-10-31 00:21:41', '2015-10-31 00:21:41', 1, NULL, 3, 0, 12, 0, 5, 0, NULL, '', NULL, '台', 1, '良好', '', '三楼会议室', 'ML1861', '公司办公室', 4),
(279, '三星打印机', '三星打印机 ML1861', 'G050204', '2012-08-01', 0.0000, '', NULL, '', 57, '2015-10-31 00:21:41', '2015-10-31 00:21:41', 1, NULL, 3, 0, 12, 0, 5, 0, NULL, '', NULL, '台', 1, '良好', '', '二楼会议室', 'ML1861', '公司办公室', 4),
(280, '惠普彩色打印机', '惠普彩色打印机 HP Laserjet pro400', 'G050205', '2012-08-01', 0.0000, '', NULL, '', 57, '2015-10-31 00:21:41', '2015-10-31 00:21:41', 1, NULL, 3, 0, 12, 0, 5, 0, NULL, '', NULL, '台', 1, '良好', '', '阿斯古丽', 'HP Laserjet pro400', '公司办公室', 12),
(281, '惠普打印机', '惠普打印机 HP-M1005-MFP', 'G050206', '2012-08-01', 0.0000, '', NULL, '', 57, '2015-10-31 00:21:41', '2015-10-31 00:21:41', 1, NULL, 3, 0, 12, 0, 5, 0, NULL, '', NULL, '台', 1, '良好', '', '611', 'HP-M1005-MFP', '党群工作科', 12),
(282, '惠普打印机', '惠普打印机 HP-LaserJet-1010', 'G050207', '2012-08-01', 0.0000, '', NULL, '', 57, '2015-10-31 00:21:41', '2015-10-31 00:21:41', 1, NULL, 3, 0, 12, 0, 5, 0, NULL, '', NULL, '台', 1, '良好', '', '602', 'HP-LaserJet-1010', '党群工作科', 12),
(283, '佳能打印机', '佳能打印机 人事劳资科', 'G050208', '2012-08-01', 0.0000, '', NULL, '', 57, '2015-10-31 00:21:41', '2015-11-03 22:57:38', 1, NULL, 3, 0, 24, 0, 5, 0, 0, '', NULL, '台', 1, '良好', '', '505', '佳能激光打印机', '人事劳资科', 21),
(284, '联想打印机', '联想打印机 LJ1680', 'G050209', '2012-08-01', 0.0000, '', NULL, '', 57, '2015-10-31 00:21:41', '2015-10-31 00:21:41', 1, NULL, 3, 0, 12, 0, 5, 0, NULL, '', NULL, '台', 1, '良好', '', '512', 'LJ1680', '人事劳资科', 1),
(285, '惠普打印机', '惠普打印机 HP 1008', 'G050210', '2012-08-01', 0.0000, '', NULL, '', 57, '2015-10-31 00:21:41', '2015-10-31 00:21:41', 1, NULL, 3, 0, 12, 0, 5, 0, NULL, '', NULL, '台', 1, '良好', '', '512', 'HP 1008', '人事劳资科', 12),
(286, '富士打印机', '富士打印机 激光打印机', 'G050211', '2012-08-01', 0.0000, '', NULL, '', 57, '2015-10-31 00:21:41', '2015-10-31 00:21:41', 1, NULL, 3, 0, 12, 0, 5, 0, NULL, '', NULL, '台', 1, '良好', '', '512', '激光打印机', '人事劳资科', 9),
(287, '惠普打印机', '惠普打印机 HP 1010', 'G050212', '2012-08-01', 0.0000, '', NULL, '', 57, '2015-10-31 00:21:41', '2015-10-31 00:21:41', 1, NULL, 3, 0, 12, 0, 5, 0, NULL, '', NULL, '台', 1, '良好', '', '512', 'HP 1010', '人事劳资科', 12),
(288, '惠普打印机', '惠普打印机 HP 1020', 'G050213', '2012-08-01', 0.0000, '', NULL, '', 57, '2015-10-31 00:21:41', '2015-10-31 00:21:41', 1, NULL, 3, 0, 12, 0, 5, 0, NULL, '', NULL, '台', 1, '良好', '', '513', 'HP 1020', '人事劳资科', 12),
(289, '惠普打印机', '惠普打印机 HP 1020', 'G050214', '2012-08-01', 0.0000, '', NULL, '', 57, '2015-10-31 00:21:41', '2015-10-31 00:21:41', 1, NULL, 3, 0, 12, 0, 5, 0, NULL, '', NULL, '台', 1, '良好', '', '513', 'HP 1020', '人事劳资科', 12),
(290, '惠普打印机', '惠普打印机 HP 1020', 'G050215', '2012-08-01', 0.0000, '', NULL, '', 57, '2015-10-31 00:21:41', '2015-10-31 00:21:41', 1, NULL, 3, 0, 12, 0, 5, 0, NULL, '', NULL, '台', 1, '良好', '', '513', 'HP 1020', '人事劳资科', 12),
(291, '惠普打印机', '惠普打印机 HP 1020', 'G050216', '2012-08-01', 0.0000, '', NULL, '', 57, '2015-10-31 00:21:41', '2015-10-31 00:21:41', 1, NULL, 3, 0, 12, 0, 5, 0, NULL, '', NULL, '台', 1, '良好', '', '513', 'HP 1020', '人事劳资科', 12),
(292, '佳能打印机', '佳能打印机 L11121E', 'G050217', '2012-08-01', 0.0000, '', NULL, '', 57, '2015-10-31 00:21:41', '2015-10-31 00:21:41', 1, NULL, 3, 0, 12, 0, 5, 0, NULL, '', NULL, '台', 1, '良好', '', '403', 'L11121E', '企管计划科', 21),
(293, '联想打印机', '联想打印机 LJ6100', 'G050218', '2012-08-01', 0.0000, '', NULL, '', 57, '2015-10-31 00:21:41', '2015-10-31 00:21:41', 1, NULL, 3, 0, 12, 0, 5, 0, NULL, '', NULL, '台', 1, '良好', '', '408', 'LJ6100', '企管计划科', 1),
(294, '惠普打印机', '惠普打印机 HP LaserJet 1020', 'G050219', '2012-08-01', 0.0000, '', NULL, '', 57, '2015-10-31 00:21:41', '2015-10-31 00:21:41', 1, NULL, 3, 0, 12, 0, 5, 0, NULL, '', NULL, '台', 1, '良好', '', '胡淑琴', 'HP LaserJet 1020', '市场开发科', 12),
(295, '佳能打印机', '佳能打印机 LBP3500', 'G050220', '2012-08-01', 0.0000, '', NULL, '', 57, '2015-10-31 00:21:41', '2015-10-31 00:21:41', 1, NULL, 3, 0, 12, 0, 5, 0, NULL, '', NULL, '台', 1, '良好', '', '牛晓彤、罗晓宇', 'LBP3500', '生产运行科', 21),
(296, '富士通平推票据打印机', '富士通平推票据打印机 DPK900', 'G050221', '2012-08-01', 0.0000, '', NULL, '', 57, '2015-10-31 00:21:41', '2015-10-31 00:21:41', 1, NULL, 3, 0, 12, 0, 5, 0, NULL, '', NULL, '台', 1, '良好', '', '509室', 'DPK900', '财务资产科', 15),
(297, '惠普打印机', '惠普打印机  LaserJet  1020', 'G050222', '2012-08-01', 0.0000, '', NULL, '', 57, '2015-10-31 00:21:41', '2015-10-31 00:21:41', 1, NULL, 3, 0, 12, 0, 5, 0, NULL, '', NULL, '台', 1, '良好', '', '成本组', ' LaserJet  1020', '财务资产科', 12),
(298, '惠普打印机', '惠普打印机 LaserJet  1018', 'G050223', '2012-08-01', 0.0000, '', NULL, '', 57, '2015-10-31 00:21:41', '2015-10-31 00:21:41', 1, NULL, 3, 0, 12, 0, 5, 0, NULL, '', NULL, '台', 1, '良好', '', '成本组', 'LaserJet  1018', '财务资产科', 12),
(299, '惠普打印机', '惠普打印机  LaserJet  2055', 'G050224', '2012-08-01', 0.0000, '', NULL, '', 57, '2015-10-31 00:21:41', '2015-10-31 00:21:41', 1, NULL, 3, 0, 12, 0, 5, 0, NULL, '', NULL, '台', 1, '良好', '', '成本组', ' LaserJet  2055', '财务资产科', 12),
(300, '惠普打印机', '惠普打印机 Laserjet PL1008', 'G050225', '2012-08-01', 0.0000, '', NULL, '', 57, '2015-10-31 00:21:41', '2015-10-31 00:21:41', 1, NULL, 3, 0, 12, 0, 5, 0, NULL, '', NULL, '台', 1, '良好', '', '会计组', 'Laserjet PL1008', '财务资产科', 12),
(301, '惠普打印机', '惠普打印机 Laserjet 5200L', 'G050226', '2012-08-01', 0.0000, '', NULL, '', 57, '2015-10-31 00:21:41', '2015-10-31 00:21:41', 1, NULL, 3, 0, 12, 0, 5, 0, NULL, '', NULL, '台', 1, '良好', '', '会计组', 'Laserjet 5200L', '财务资产科', 12),
(302, '惠普打印机', '惠普打印机 LaserJet  1010', 'G050227', '2012-08-01', 0.0000, '', NULL, '', 57, '2015-10-31 00:21:41', '2015-10-31 00:21:41', 1, NULL, 3, 0, 12, 0, 5, 0, NULL, '', NULL, '台', 1, '良好', '', '税金组', 'LaserJet  1010', '财务资产科', 12),
(303, '佳能打印机', '佳能打印机  L11121E', 'G050228', '2012-08-01', 0.0000, '', NULL, '', 57, '2015-10-31 00:21:41', '2015-10-31 00:21:41', 1, NULL, 3, 0, 12, 0, 5, 0, NULL, '', NULL, '台', 1, '良好', '', '税金组', ' L11121E', '财务资产科', 21),
(304, '富士通打印机', '富士通打印机 DPK810', 'G050229', '2012-08-01', 0.0000, '', NULL, '', 57, '2015-10-31 00:21:41', '2015-10-31 00:21:41', 1, NULL, 3, 0, 12, 0, 5, 0, NULL, '', NULL, '台', 1, '良好', '', '出纳室', 'DPK810', '财务资产科', 15),
(305, '三星打印机', '三星打印机 三星', 'G050230', '2012-08-01', 0.0000, '', NULL, '', 57, '2015-10-31 00:21:41', '2015-10-31 00:21:41', 1, NULL, 3, 0, 12, 0, 5, 0, NULL, '', NULL, '台', 1, '良好', '', '颜韵龄', '三星', '财务资产科', 4),
(306, '联想打印机', '联想打印机 LJ1680', 'G050231', '2012-08-01', 0.0000, '', NULL, '', 57, '2015-10-31 00:21:41', '2015-10-31 00:21:41', 1, NULL, 3, 0, 12, 0, 5, 0, NULL, '', NULL, '台', 1, '良好', '', '张诗培', 'LJ1680', '工程技术科', 1),
(307, '惠普打印机', '惠普打印机 1008', 'G050232', '2012-08-01', 0.0000, '', NULL, '', 57, '2015-10-31 00:21:41', '2015-10-31 00:21:41', 1, NULL, 3, 0, 12, 0, 5, 0, NULL, '', NULL, '台', 1, '坏', '', '无人', '1008', '工程技术科', 12),
(308, '惠普打印机', '惠普打印机 Hplaserjet p1008', 'G050233', '2012-08-01', 0.0000, '', NULL, '', 57, '2015-10-31 00:21:41', '2015-10-31 00:21:41', 1, NULL, 3, 0, 12, 0, 5, 0, NULL, '', NULL, '台', 1, '良好', '', '乐尚文', 'Hplaserjet p1008', '工程技术科', 12),
(309, '惠普打印机', '惠普打印机 Hplaserjet p1008', 'G050234', '2012-08-01', 0.0000, '', NULL, '', 57, '2015-10-31 00:21:41', '2015-10-31 00:21:41', 1, NULL, 3, 0, 12, 0, 5, 0, NULL, '', NULL, '台', 1, '良好', '', '张代荣', 'Hplaserjet p1008', '工程技术科', 12),
(310, '联想打印机', '联想打印机 LJ6150', 'G050235', '2012-08-01', 0.0000, '', NULL, '', 57, '2015-10-31 00:21:41', '2015-10-31 00:21:41', 1, NULL, 3, 0, 12, 0, 5, 0, NULL, '', NULL, '台', 1, '良好', '', '502', 'LJ6150', '装备科', 1),
(311, '惠普打印机', '惠普打印机 BOISB—0207—00', 'G050236', '2012-08-01', 0.0000, '', NULL, '', 57, '2015-10-31 00:21:41', '2015-10-31 00:21:41', 1, NULL, 3, 0, 12, 0, 5, 0, NULL, '', NULL, '台', 1, '良好', '', '廉光义', 'BOISB—0207—00', '装备科', 12),
(312, '惠普打印机', '惠普打印机 LJP1008', 'G050237', '2012-08-01', 0.0000, '', NULL, '', 57, '2015-10-31 00:21:41', '2015-10-31 00:21:41', 1, NULL, 3, 0, 12, 0, 5, 0, NULL, '', NULL, '台', 1, '良好', '', '612', 'LJP1008', '质量安全环保科', 12),
(313, '惠普打印机', '惠普打印机 LJP1008', 'G050238', '2012-08-01', 0.0000, '', NULL, '', 57, '2015-10-31 00:21:41', '2015-10-31 00:21:41', 1, NULL, 3, 0, 12, 0, 5, 0, NULL, '', NULL, '台', 1, '良好', '', '612', 'LJP1008', '质量安全环保科', 12),
(314, '惠普打印机', '惠普打印机 LJP1007', 'G050239', '2012-08-01', 0.0000, '', NULL, '', 57, '2015-10-31 00:21:41', '2015-10-31 00:21:41', 1, NULL, 3, 0, 12, 0, 5, 0, NULL, '', NULL, '台', 1, '良好', '', '610', 'LJP1007', '质量安全环保科', 12),
(315, '惠普打印机', '惠普打印机 LJP1007', 'G050240', '2012-08-01', 0.0000, '', NULL, '', 57, '2015-10-31 00:21:41', '2015-10-31 00:21:41', 1, NULL, 3, 0, 12, 0, 5, 0, NULL, '', NULL, '台', 1, '良好', '', '612', 'LJP1007', '质量安全环保科', 12),
(316, '三星打印机', '三星打印机 ML-1670', 'G050241', '2012-08-01', 0.0000, '', NULL, '', 57, '2015-10-31 00:21:41', '2015-10-31 00:21:41', 1, NULL, 3, 0, 12, 0, 5, 0, NULL, '', NULL, '台', 1, '良好', '', '607', 'ML-1670', '质量安全环保科', 4),
(317, '惠普打印机', '惠普打印机 Laser Jet P1007', 'G050242', '2012-08-01', 0.0000, '', NULL, '', 57, '2015-10-31 00:21:41', '2015-10-31 00:21:41', 1, NULL, 3, 0, 12, 0, 5, 0, NULL, '', NULL, '台', 1, '良好', '', '齐玉才', 'Laser Jet P1007', '工程技术服务公司', 1),
(318, '联想打印机', '联想打印机 FA147400', 'G050243', '2012-08-01', 0.0000, '', NULL, '', 57, '2015-10-31 00:21:41', '2015-10-31 00:21:41', 1, NULL, 3, 0, 12, 0, 5, 0, NULL, '', NULL, '台', 1, '良好', '', '尹建华', 'FA147400', '工程技术服务公司', 1),
(319, '爱普生针式打印机', '爱普生针式打印机 LQ-2680L', 'G050244', '2012-08-01', 0.0000, '', NULL, '', 57, '2015-10-31 00:21:41', '2015-10-31 00:21:41', 1, NULL, 3, 0, 12, 0, 5, 0, NULL, '', NULL, '台', 1, '良好', '', '黄香红', 'LQ-2680L', '物资供应站', 16),
(320, '爱普生针式打印机', '爱普生针式打印机 LQ-630K', 'G050245', '2012-08-01', 0.0000, '', NULL, '', 57, '2015-10-31 00:21:41', '2015-10-31 00:21:41', 1, NULL, 3, 0, 12, 0, 5, 0, NULL, '', NULL, '台', 1, '良好', '', '母家勇', 'LQ-630K', '物资供应站', 16),
(321, '爱普生针式打印机', '爱普生针式打印机 LQ-630K', 'G050246', '2012-08-01', 0.0000, '', NULL, '', 57, '2015-10-31 00:21:41', '2015-10-31 00:21:41', 1, NULL, 3, 0, 12, 0, 5, 0, NULL, '', NULL, '台', 1, '良好', '', '李乐尧', 'LQ-630K', '物资供应站', 16),
(322, '爱普生打印机', '爱普生打印机 LQ-2680K', 'G050247', '2012-08-01', 0.0000, '', NULL, '', 57, '2015-10-31 00:21:41', '2015-10-31 00:21:41', 1, NULL, 3, 0, 12, 0, 5, 0, NULL, '', NULL, '台', 1, '良好', '', '轮南库房', 'LQ-2680K', '物资供应站', 16),
(323, '联想打印机', '联想打印机 M7150F', 'G050248', '2012-08-01', 0.0000, '', NULL, '', 57, '2015-10-31 00:21:41', '2015-10-31 00:21:41', 1, NULL, 3, 0, 12, 0, 5, 0, NULL, '', NULL, '台', 1, '良好', '', '轮南库房（塔中一台）', 'M7150F', '物资供应站', 1),
(324, '惠普打印机', '惠普打印机 1800', 'G050249', '2012-08-01', 0.0000, '', NULL, '', 57, '2015-10-31 00:21:41', '2015-10-31 00:21:41', 1, NULL, 3, 0, 12, 0, 5, 0, NULL, '', NULL, '台', 1, '良好', '', '轮南库房', '1800', '物资供应站', 12),
(325, '理光打印机', '理光打印机 AficioSPs400N', 'G050250', '2012-08-01', 0.0000, '', NULL, '', 57, '2015-10-31 00:21:41', '2015-10-31 00:21:41', 1, NULL, 3, 0, 12, 0, 5, 0, NULL, '', NULL, '台', 1, '良好', '', '轮南库房', 'AficioSPs400N', '物资供应站', 18),
(326, '佳能打印机', '佳能打印机 F147400', 'G050251', '2012-08-01', 0.0000, '', NULL, '', 57, '2015-10-31 00:21:41', '2015-10-31 00:21:41', 1, NULL, 3, 0, 12, 0, 5, 0, NULL, '', NULL, '台', 1, '良好', '', '钟新建', 'F147400', '物资供应站', 21),
(327, '惠普打印机', '惠普打印机 HP Laserjet p  1008', 'G050252', '2012-08-01', 0.0000, '', NULL, '', 57, '2015-10-31 00:21:41', '2015-10-31 00:21:41', 1, NULL, 3, 0, 12, 0, 5, 0, NULL, '', NULL, '台', 1, '良好', '', '杨蕾', 'HP Laserjet p  1008', '物资供应站', 12),
(328, '惠普打印机', '惠普打印机 1007', 'G050253', '2012-08-01', 0.0000, '', NULL, '', 57, '2015-10-31 00:21:41', '2015-10-31 00:21:41', 1, NULL, 3, 0, 12, 0, 5, 0, NULL, '', NULL, '台', 1, '良好', '', '高志', '1007', '钻具井控服务公司', 12),
(329, '联想彩色打印机', '联想彩色打印机 C8700DN', 'G050254', '2012-08-01', 0.0000, '', NULL, '', 57, '2015-10-31 00:21:41', '2015-10-31 00:21:41', 1, NULL, 3, 0, 12, 0, 5, 0, NULL, '', NULL, '台', 1, '良好', '', '贺彬', 'C8700DN', '钻具井控服务公司', 1),
(330, '惠普打印机', '惠普打印机 1010', 'G050255', '2012-08-01', 0.0000, '', NULL, '', 57, '2015-10-31 00:21:41', '2015-10-31 00:21:41', 1, NULL, 3, 0, 12, 0, 5, 0, NULL, '', NULL, '台', 1, '良好', '', '符坚', '1010', '钻具井控服务公司', 12),
(331, '惠普打印机', '惠普打印机 1020', 'G050256', '2012-08-01', 0.0000, '', NULL, '', 57, '2015-10-31 00:21:41', '2015-10-31 00:21:41', 1, NULL, 3, 0, 12, 0, 5, 0, NULL, '', NULL, '台', 1, '良好', '', '刘曲', '1020', '钻具井控服务公司', 12),
(332, '惠普打印机', '惠普打印机 1020', 'G050257', '2012-08-01', 0.0000, '', NULL, '', 57, '2015-10-31 00:21:41', '2015-10-31 00:21:41', 1, NULL, 3, 0, 12, 0, 5, 0, NULL, '', NULL, '台', 1, '良好', '', '李勇', '1020', '钻具井控服务公司', 12),
(333, '惠普打印机', '惠普打印机 1008', 'G050258', '2012-08-01', 0.0000, '', NULL, '', 57, '2015-10-31 00:21:41', '2015-10-31 00:21:41', 1, NULL, 3, 0, 12, 0, 5, 0, NULL, '', NULL, '台', 1, '良好', '', '代振娜', '1008', '钻具井控服务公司', 12),
(334, '惠普打印机', '惠普打印机 BOISB-0207-00', 'G050259', '2012-08-01', 0.0000, '', NULL, '', 57, '2015-10-31 00:21:41', '2015-10-31 00:21:41', 1, NULL, 3, 0, 12, 0, 5, 0, NULL, '', NULL, '台', 1, '良好', '', '石英', 'BOISB-0207-00', '生产生活服务公司', 12),
(335, '惠普打印机', '惠普打印机 BOISB-0605-01', 'G050260', '2012-08-01', 0.0000, '', NULL, '', 57, '2015-10-31 00:21:41', '2015-10-31 00:21:41', 1, NULL, 3, 0, 12, 0, 5, 0, NULL, '', NULL, '台', 1, '良好', '', '舒卫', 'BOISB-0605-01', '生产生活服务公司', 12),
(336, '佳能打印机', '佳能打印机 L11121E', 'G050261', '2012-08-01', 0.0000, '', NULL, '', 57, '2015-10-31 00:21:41', '2015-10-31 00:21:41', 1, NULL, 3, 0, 12, 0, 5, 0, NULL, '', NULL, '台', 1, '良好', '', '公寓总台', 'L11121E', '生产生活服务公司', 21),
(337, '惠普一体机', '惠普一体机 HP3050', 'G060200', '2012-08-01', 0.0000, '', NULL, '', 57, '2015-10-31 00:21:41', '2015-10-31 00:21:41', 1, NULL, 3, 0, 12, 0, 6, 0, NULL, '', NULL, '台', 1, '良好', '', '王鹏', 'HP3050', '公司办公室', 12),
(338, '兄弟一体机', '兄弟一体机 MFC 7360', 'G060201', '2012-08-01', 0.0000, '', NULL, '', 57, '2015-10-31 00:21:41', '2015-10-31 00:21:41', 1, NULL, 3, 0, 12, 0, 6, 0, NULL, '', NULL, '台', 1, '良好', '', '306', 'MFC 7360', '公司办公室', 6),
(339, '惠普一体机', '惠普一体机 HP3050', 'G060202', '2012-08-01', 0.0000, '', NULL, '', 57, '2015-10-31 00:21:41', '2015-10-31 00:21:41', 1, NULL, 3, 0, 12, 0, 6, 0, NULL, '', NULL, '台', 1, '良好', '', '310', 'HP3050', '公司办公室', 12),
(340, '联想一体机', '联想一体机 M7400', 'G060203', '2012-08-01', 0.0000, '', NULL, '', 57, '2015-10-31 00:21:41', '2015-10-31 00:21:41', 1, NULL, 3, 0, 12, 0, 6, 0, NULL, '', NULL, '台', 1, '良好', '', '档案室', 'M7400', '公司办公室', 1),
(341, '佳能一体机', '佳能一体机 FAX-L170', 'G060204', '2012-08-01', 0.0000, '', NULL, '', 57, '2015-10-31 00:21:41', '2015-10-31 00:21:41', 1, NULL, 3, 0, 12, 0, 6, 0, NULL, '', NULL, '台', 1, '良好', '', '609', 'FAX-L170', '党群工作科', 21),
(342, '佳能一体机', '佳能一体机 FAX-L160', 'G060205', '2012-08-01', 0.0000, '', NULL, '', 57, '2015-10-31 00:21:41', '2015-10-31 00:21:41', 1, NULL, 3, 0, 12, 0, 6, 0, NULL, '', NULL, '台', 1, '良好', '', '611', 'FAX-L160', '党群工作科', 21),
(343, '三星一体机', '三星一体机 SF-565PR', 'G060206', '2012-08-01', 0.0000, '', NULL, '', 57, '2015-10-31 00:21:41', '2015-10-31 00:21:41', 1, NULL, 3, 0, 12, 0, 6, 0, NULL, '', NULL, '台', 1, '良好', '', '602', 'SF-565PR', '党群工作科', 4),
(344, '惠普一体机', '惠普一体机 HP-LaserJet-3020', 'G060207', '2012-08-01', 0.0000, '', NULL, '', 57, '2015-10-31 00:21:41', '2015-10-31 00:21:41', 1, NULL, 3, 0, 12, 0, 6, 0, NULL, '', NULL, '台', 1, '良好', '', '609', 'HP-LaserJet-3020', '党群工作科', 12),
(345, '惠普一体机', '惠普一体机 LaserJet m1216nfh MFP', 'G060208', '2012-08-01', 0.0000, '', NULL, '', 57, '2015-10-31 00:21:41', '2015-10-31 00:21:41', 1, NULL, 3, 0, 12, 0, 6, 0, NULL, '', NULL, '台', 1, '良好', '', '605', 'LaserJet m1216nfh MFP', '监察科', 12),
(346, '惠普一体机', '惠普一体机 HP LaserJet M1319f MFP', 'G060209', '2012-08-01', 0.0000, '', NULL, '', 57, '2015-10-31 00:21:41', '2015-10-31 00:21:41', 1, NULL, 3, 0, 12, 0, 6, 0, NULL, '', NULL, '台', 1, '良好', '', '606', 'HP LaserJet M1319f MFP', '监察科', 12),
(347, '三星一体机', '三星一体机 SF-565PR', 'G060210', '2012-08-01', 0.0000, '', NULL, '', 57, '2015-10-31 00:21:41', '2015-10-31 00:21:41', 1, NULL, 3, 0, 12, 0, 6, 0, NULL, '', NULL, '台', 1, '良好', '', '507', 'SF-565PR', '企管计划科', 4),
(348, '兄弟一体机', '兄弟一体机 DCP-7060D', 'G060211', '2012-08-01', 0.0000, '', NULL, '', 57, '2015-10-31 00:21:41', '2015-10-31 00:21:41', 1, NULL, 3, 0, 12, 0, 6, 0, NULL, '', NULL, '台', 1, '良好', '', '402', 'DCP-7060D', '企管计划科', 6),
(349, '三星一体机', '三星一体机 SF-565PR', 'G060212', '2012-08-01', 0.0000, '', NULL, '', 57, '2015-10-31 00:21:41', '2015-10-31 00:21:41', 1, NULL, 3, 0, 12, 0, 6, 0, NULL, '', NULL, '台', 1, '良好', '', '408', 'SF-565PR', '企管计划科', 4),
(350, '惠普一体机', '惠普一体机 LaserJet M1213nf MFP', 'G060213', '2012-08-01', 0.0000, '', NULL, '', 57, '2015-10-31 00:21:41', '2015-10-31 00:21:41', 1, NULL, 3, 0, 12, 0, 6, 0, NULL, '', NULL, '台', 1, '良好', '', '410', 'LaserJet M1213nf MFP', '企管计划科', 12),
(351, '惠普一体机', '惠普一体机 HP LaserJet M1522nf', 'G060214', '2012-08-01', 0.0000, '', NULL, '', 57, '2015-10-31 00:21:41', '2015-10-31 00:21:41', 1, NULL, 3, 0, 12, 0, 6, 0, NULL, '', NULL, '台', 1, '良好', '', '王朗', 'HP LaserJet M1522nf', '市场开发科', 12),
(352, '三星一体机', '三星一体机 SF-565PR', 'G060215', '2012-08-01', 0.0000, '', NULL, '', 57, '2015-10-31 00:21:41', '2015-10-31 00:21:41', 1, NULL, 3, 0, 12, 0, 6, 0, NULL, '', NULL, '台', 1, '良好', '', '309', 'SF-565PR', '市场开发科', 4),
(353, '兄弟一体机', '兄弟一体机 PHASER 3200MFP', 'G060216', '2012-08-01', 0.0000, '', NULL, '', 57, '2015-10-31 00:21:41', '2015-10-31 00:21:41', 1, NULL, 3, 0, 12, 0, 6, 0, NULL, '', NULL, '台', 1, '良好', '', '赖科宇', 'PHASER 3200MFP', '市场开发科', 10);
INSERT INTO `assets` (`id`, `name`, `asset_tag`, `serial`, `purchase_date`, `purchase_cost`, `order_number`, `assigned_to`, `notes`, `user_id`, `created_at`, `updated_at`, `physical`, `deleted_at`, `status_id`, `archived`, `warranty_months`, `depreciate`, `model_id`, `requestable`, `rtd_location_id`, `mac_address`, `accepted`, `unit`, `count`, `depreciation_status`, `user_check`, `address`, `model_name`, `department`, `manufacturer_id`) VALUES
(354, '惠普一体机', '惠普一体机 HP LaserJet 1536dnf MFP', 'G060217', '2012-08-01', 0.0000, '', NULL, '', 57, '2015-10-31 00:21:41', '2015-10-31 00:21:41', 1, NULL, 3, 0, 12, 0, 6, 0, NULL, '', NULL, '台', 1, '良好', '', '杨梓艺', 'HP LaserJet 1536dnf MFP', '市场开发科', 12),
(355, '惠普一体机', '惠普一体机 HP Color LaserJet 5550', 'G060218', '2012-08-01', 0.0000, '', NULL, '', 57, '2015-10-31 00:21:41', '2015-10-31 00:21:41', 1, NULL, 3, 0, 12, 0, 6, 0, NULL, '', NULL, '台', 1, '良好', '', '309', 'HP Color LaserJet 5550', '市场开发科', 12),
(356, '兄弟一体机', '兄弟一体机 FAX-2890', 'G060219', '2012-08-01', 0.0000, '', NULL, '', 57, '2015-10-31 00:21:41', '2015-10-31 00:21:41', 1, NULL, 3, 0, 12, 0, 6, 0, NULL, '', NULL, '台', 1, '良好', '', '孙勇、马连增', 'FAX-2890', '生产运行科', 6),
(357, '富士一体机', '富士一体机 PHASER3200/WFP', 'G060220', '2012-08-01', 0.0000, '', NULL, '', 57, '2015-10-31 00:21:41', '2015-10-31 00:21:41', 1, NULL, 3, 0, 12, 0, 6, 0, NULL, '', NULL, '台', 1, '良好', '', '公用', 'PHASER3200/WFP', '生产运行科', 9),
(358, '夏普一体机', '夏普一体机 SHARP-AR  1808S', 'G060221', '2012-08-01', 0.0000, '', NULL, '', 57, '2015-10-31 00:21:41', '2015-10-31 00:21:41', 1, NULL, 3, 0, 12, 0, 6, 0, NULL, '', NULL, '台', 1, '良好', '', '成本组', 'SHARP-AR  1808S', '财务资产科', 8),
(359, '富士一体机', '富士一体机 Phaser 3124', 'G060222', '2012-08-01', 0.0000, '', NULL, '', 57, '2015-10-31 00:21:41', '2015-10-31 00:21:41', 1, NULL, 3, 0, 12, 0, 6, 0, NULL, '', NULL, '台', 1, '良好', '', '会计组', 'Phaser 3124', '财务资产科', 9),
(360, '三星一体机', '三星一体机 SF-565PR', 'G060223', '2012-08-01', 0.0000, '', NULL, '', 57, '2015-10-31 00:21:41', '2015-10-31 00:21:41', 1, NULL, 3, 0, 12, 0, 6, 0, NULL, '', NULL, '台', 1, '良好', '', '税金组', 'SF-565PR', '财务资产科', 4),
(361, '三星一体机', '三星一体机 三星', 'G060224', '2012-08-01', 0.0000, '', NULL, '', 57, '2015-10-31 00:21:41', '2015-10-31 00:21:41', 1, NULL, 3, 0, 12, 0, 6, 0, NULL, '', NULL, '台', 1, '良好', '', '407室', '三星', '财务资产科', 4),
(362, '联想一体机', '联想一体机 M7450F', 'G060225', '2012-08-01', 0.0000, '', NULL, '', 57, '2015-10-31 00:21:41', '2015-10-31 00:21:41', 1, NULL, 3, 0, 12, 0, 6, 0, NULL, '', NULL, '台', 1, '良好', '', '周义俊', 'M7450F', '工程技术科', 1),
(363, '联想一体机', '联想一体机 M7400', 'G060226', '2012-08-01', 0.0000, '', NULL, '', 57, '2015-10-31 00:21:41', '2015-10-31 00:21:41', 1, NULL, 3, 0, 12, 0, 6, 0, NULL, '', NULL, '台', 1, '良好', '', '赵通 ', 'M7400', '工程技术科', 1),
(364, '联想一体机', '联想一体机 M7400', 'G060227', '2012-08-01', 0.0000, '', NULL, '', 57, '2015-10-31 00:21:41', '2015-10-31 00:21:41', 1, NULL, 3, 0, 12, 0, 6, 0, NULL, '', NULL, '台', 1, '良好', '', '赵通 ', 'M7400', '工程技术科', 1),
(365, '联想一体机', '联想一体机 M7400', 'G060228', '2012-08-01', 0.0000, '', NULL, '', 57, '2015-10-31 00:21:41', '2015-10-31 00:21:41', 1, NULL, 3, 0, 12, 0, 6, 0, NULL, '', NULL, '台', 1, '良好', '', '汪世明', 'M7400', '工程技术科', 1),
(366, '三星一体机', '三星一体机 SF-565PR', 'G060229', '2012-08-01', 0.0000, '', NULL, '', 57, '2015-10-31 00:21:41', '2015-10-31 00:21:41', 1, NULL, 3, 0, 12, 0, 6, 0, NULL, '', NULL, '台', 1, '良好', '', '许从德', 'SF-565PR', '工程技术科', 4),
(367, '联想一体机', '联想一体机 M7400', 'G060230', '2012-08-01', 0.0000, '', NULL, '', 57, '2015-10-31 00:21:41', '2015-10-31 00:21:41', 1, NULL, 3, 0, 12, 0, 6, 0, NULL, '', NULL, '台', 1, '良好', '', '杨斐', 'M7400', '工程技术科', 1),
(368, '松下一体机', '松下一体机 KX-FL313CN', 'G060231', '2012-08-01', 0.0000, '', NULL, '', 57, '2015-10-31 00:21:41', '2015-10-31 00:21:41', 1, NULL, 3, 0, 12, 0, 6, 0, NULL, '', NULL, '台', 1, '良好', '', '无人', 'KX-FL313CN', '工程技术科', 14),
(369, '三星一体机', '三星一体机 SCX—4521HS', 'G060232', '2012-08-01', 0.0000, '', NULL, '', 57, '2015-10-31 00:21:41', '2015-10-31 00:21:41', 1, NULL, 3, 0, 12, 0, 6, 0, NULL, '', NULL, '台', 1, '良好', '', '503', 'SCX—4521HS', '装备科', 4),
(370, '惠普一体机', '惠普一体机 M1536', 'G060233', '2012-08-01', 0.0000, '', NULL, '', 57, '2015-10-31 00:21:41', '2015-10-31 00:21:41', 1, NULL, 3, 0, 12, 0, 6, 0, NULL, '', NULL, '台', 1, '良好', '', '510', 'M1536', '装备科', 12),
(371, '惠普一体机', '惠普一体机 LJM1319FMFP', 'G060234', '2012-08-01', 0.0000, '', NULL, '', 57, '2015-10-31 00:21:41', '2015-10-31 00:21:41', 1, NULL, 3, 0, 12, 0, 6, 0, NULL, '', NULL, '台', 1, '良好', '', '607', 'LJM1319FMFP', '质量安全环保科', 12),
(372, '三星一体机', '三星一体机 SCX-3401FH', 'G060235', '2012-08-01', 0.0000, '', NULL, '', 57, '2015-10-31 00:21:41', '2015-10-31 00:21:41', 1, NULL, 3, 0, 12, 0, 6, 0, NULL, '', NULL, '台', 1, '良好', '', '610', 'SCX-3401FH', '质量安全环保科', 4),
(373, '三星一体机', '三星一体机 LJ3050', 'G060236', '2012-08-01', 0.0000, '', NULL, '', 57, '2015-10-31 00:21:41', '2015-10-31 00:21:41', 1, NULL, 3, 0, 12, 0, 6, 0, NULL, '', NULL, '台', 1, '良好', '', '612', 'LJ3050', '质量安全环保科', 12),
(374, '佳能一体机', '佳能一体机 FAX-L160', 'G060237', '2012-08-01', 0.0000, '', NULL, '', 57, '2015-10-31 00:21:41', '2015-10-31 00:21:41', 1, NULL, 3, 0, 12, 0, 6, 0, NULL, '', NULL, '台', 1, '良好', '', '612', 'FAX-L160', '质量安全环保科', 21),
(375, '联想一体机', '联想一体机 M7450F', 'G060238', '2012-08-01', 0.0000, '', NULL, '', 57, '2015-10-31 00:21:41', '2015-10-31 00:21:41', 1, NULL, 3, 0, 12, 0, 6, 0, NULL, '', NULL, '台', 1, '良好', '', '严福寿', 'M7450F', '工程技术服务公司', 1),
(376, '三星一体机', '三星一体机 三星SCX-4623FH           ', 'G060239', '2012-08-01', 0.0000, '', NULL, '', 57, '2015-10-31 00:21:41', '2015-10-31 00:21:41', 1, NULL, 3, 0, 12, 0, 6, 0, NULL, '', NULL, '台', 1, '良好', '', '唐胜 ', '三星SCX-4623FH           ', '物资供应站', 4),
(377, '三星一体机', '三星一体机 三星 SF-565p', 'G060240', '2012-08-01', 0.0000, '', NULL, '', 57, '2015-10-31 00:21:41', '2015-10-31 00:21:41', 1, NULL, 3, 0, 12, 0, 6, 0, NULL, '', NULL, '台', 1, '良好', '', '计划员大办公室', '三星 SF-565p', '物资供应站', 4),
(378, '东芝一体机', '东芝一体机 e.STUPLO166', 'G060241', '2012-08-01', 0.0000, '', NULL, '', 57, '2015-10-31 00:21:41', '2015-10-31 00:21:41', 1, NULL, 3, 0, 12, 0, 6, 0, NULL, '', NULL, '台', 1, '良好', '', '计划员大办公室', 'e.STUPLO166', '物资供应站', 5),
(379, '三星一体机', '三星一体机 三星SF-565Pr    ', 'G060242', '2012-08-01', 0.0000, '', NULL, '', 57, '2015-10-31 00:21:41', '2015-10-31 00:21:41', 1, NULL, 3, 0, 12, 0, 6, 0, NULL, '', NULL, '台', 1, '良好', '', '任勇', '三星SF-565Pr    ', '物资供应站', 4),
(380, '三星一体机', '三星一体机 三星SCX-4623FH           ', 'G060243', '2012-08-01', 0.0000, '', NULL, '', 57, '2015-10-31 00:21:41', '2015-10-31 00:21:41', 1, NULL, 3, 0, 12, 0, 6, 0, NULL, '', NULL, '台', 1, '良好', '', '张志军', '三星SCX-4623FH           ', '物资供应站', 4),
(381, '兄弟一体机', '兄弟一体机 MFC-7340', 'G060244', '2012-08-01', 0.0000, '', NULL, '', 57, '2015-10-31 00:21:41', '2015-10-31 00:21:41', 1, NULL, 3, 0, 12, 0, 6, 0, NULL, '', NULL, '台', 1, '良好', '', '朱牛强', 'MFC-7340', '钻具井控服务公司', 6),
(382, '三星一体机', '三星一体机 SF-565PR', 'G060245', '2012-08-01', 0.0000, '', NULL, '', 57, '2015-10-31 00:21:41', '2015-10-31 00:21:41', 1, NULL, 3, 0, 12, 0, 6, 0, NULL, '', NULL, '台', 1, '良好', '', '范清云', 'SF-565PR', '钻具井控服务公司', 4),
(383, '佳能一体机', '佳能一体机 F152800', 'G060246', '2012-08-01', 0.0000, '', NULL, '', 57, '2015-10-31 00:21:41', '2015-10-31 00:21:41', 1, NULL, 3, 0, 12, 0, 6, 0, NULL, '', NULL, '台', 1, '良好', '', '符坚', 'F152800', '钻具井控服务公司', 21),
(384, '惠普一体机', '惠普一体机 Laserjet M1136 MEP', 'G060247', '2012-08-01', 0.0000, '', NULL, '', 57, '2015-10-31 00:21:41', '2015-10-31 00:21:41', 1, NULL, 3, 0, 12, 0, 6, 0, NULL, '', NULL, '台', 1, '良好', '', '', 'Laserjet M1136 MEP', '生产生活服务公司', 12),
(385, '惠普一体机', '惠普一体机 Laserjet M1136 MEP', 'G060248', '2012-08-01', 0.0000, '', NULL, '', 57, '2015-10-31 00:21:41', '2015-10-31 00:21:41', 1, NULL, 3, 0, 12, 0, 6, 0, NULL, '', NULL, '台', 1, '良好', '', '陈普荣', 'Laserjet M1136 MEP', '生产生活服务公司', 12),
(386, '三星一体机', '三星一体机 SF-565PR', 'G060249', '2012-08-01', 0.0000, '', NULL, '', 57, '2015-10-31 00:21:41', '2015-10-31 00:21:41', 1, NULL, 3, 0, 12, 0, 6, 0, NULL, '', NULL, '台', 1, '良好', '', '徐小洪', 'SF-565PR', '生产生活服务公司', 4),
(387, '富士一体机', '富士一体机 3200MFPV/B', 'G060250', '2012-08-01', 0.0000, '', NULL, '', 57, '2015-10-31 00:21:41', '2015-10-31 00:21:41', 1, NULL, 3, 0, 12, 0, 6, 0, NULL, '', NULL, '台', 1, '良好', '', '陈　强', '3200MFPV/B', '生产生活服务公司', 9),
(388, '佳能一体机', '佳能一体机 FAX-L120', 'G060251', '2012-08-01', 0.0000, '', NULL, '', 57, '2015-10-31 00:21:41', '2015-10-31 00:21:41', 1, NULL, 3, 0, 12, 0, 6, 0, NULL, '', NULL, '台', 1, '良好', '', '梁思利', 'FAX-L120', '生产生活服务公司', 21),
(389, '联想一体机', '联想一体机 M7450F', 'G060252', '2012-08-01', 0.0000, '', NULL, '', 57, '2015-10-31 00:21:41', '2015-10-31 00:21:41', 1, NULL, 3, 0, 12, 0, 6, 0, NULL, '', NULL, '台', 1, '良好', '', '严福寿', 'M7450F', '工程技术服务公司', 1),
(390, '索尼数码相机', '索尼数码相机 DSC-TX20', 'G070200', '2012-08-01', 0.0000, '', NULL, '', 57, '2015-10-31 00:21:41', '2015-10-31 00:21:41', 1, NULL, 3, 0, 12, 0, 7, 0, NULL, '', NULL, '台', 1, '良好', '', '王鹏', 'DSC-TX20', '公司办公室', 19),
(391, '索尼数码相机', '索尼数码相机 DSC-H50', 'G070201', '2012-08-01', 0.0000, '', NULL, '', 57, '2015-10-31 00:21:41', '2015-10-31 00:21:41', 1, NULL, 3, 0, 12, 0, 7, 0, NULL, '', NULL, '台', 1, '良好', '', '310', 'DSC-H50', '公司办公室', 19),
(392, '松下数码相机', '松下数码相机 DMC-LX7', 'G070202', '2012-08-01', 0.0000, '', NULL, '', 57, '2015-10-31 00:21:41', '2015-10-31 00:21:41', 1, NULL, 3, 0, 12, 0, 7, 0, NULL, '', NULL, '台', 1, '良好', '', '310', 'DMC-LX7', '公司办公室', 14),
(393, '松下数码相机', '松下数码相机 DMC-LX7', 'G070203', '2012-08-01', 0.0000, '', NULL, '', 57, '2015-10-31 00:21:41', '2015-10-31 00:21:41', 1, NULL, 3, 0, 12, 0, 7, 0, NULL, '', NULL, '台', 1, '良好', '', '310', 'DMC-LX7', '公司办公室', 14),
(394, '尼康数码相机', '尼康数码相机 D7000', 'G070204', '2012-08-01', 0.0000, '', NULL, '', 57, '2015-10-31 00:21:41', '2015-10-31 00:21:41', 1, NULL, 3, 0, 12, 0, 7, 0, NULL, '', NULL, '台', 1, '良好', '', '310', 'D7000', '公司办公室', 11),
(395, '尼康数码相机', '尼康数码相机 D300', 'G070205', '2012-08-01', 0.0000, '', NULL, '', 57, '2015-10-31 00:21:41', '2015-10-31 00:21:41', 1, NULL, 3, 0, 12, 0, 7, 0, NULL, '', NULL, '台', 1, '差', '', '609', 'D300', '党群工作科', 11),
(396, '尼康数码相机', '尼康数码相机 D700', 'G070206', '2012-08-01', 0.0000, '', NULL, '', 57, '2015-10-31 00:21:41', '2015-10-31 00:21:41', 1, NULL, 3, 0, 12, 0, 7, 0, NULL, '', NULL, '台', 1, '良好', '', '609', 'D700', '党群工作科', 11),
(397, '尼康数码相机', '尼康数码相机 D800', 'G070207', '2012-08-01', 0.0000, '', NULL, '', 57, '2015-10-31 00:21:41', '2015-10-31 00:21:41', 1, NULL, 3, 0, 12, 0, 7, 0, NULL, '', NULL, '台', 1, '良好', '', '609', 'D800', '党群工作科', 11),
(398, '尼康数码相机', '尼康数码相机 COOLPIX S70', 'G070208', '2012-08-01', 0.0000, '', NULL, '', 57, '2015-10-31 00:21:41', '2015-10-31 00:21:41', 1, NULL, 3, 0, 12, 0, 7, 0, NULL, '', NULL, '台', 1, '良好', '', '范志明', 'COOLPIX S70', '监察科', 11),
(399, '索尼数码相机', '索尼数码相机 DSC-W300', 'G070209', '2012-08-01', 0.0000, '', NULL, '', 57, '2015-10-31 00:21:41', '2015-10-31 00:21:41', 1, NULL, 3, 0, 12, 0, 7, 0, NULL, '', NULL, '台', 1, '良好', '', '张新宇', 'DSC-W300', '企管计划科', 19),
(400, '佳能数码相机', '佳能数码相机 ', 'G070210', '2012-08-01', 0.0000, '', NULL, '', 57, '2015-10-31 00:21:41', '2015-10-31 00:21:41', 1, NULL, 3, 0, 12, 0, 7, 0, NULL, '', NULL, '个', 1, '良好', '', '罗新华', '', '生产运行科', 21),
(401, '富士数码相机', '富士数码相机 FUGifilm', 'G070211', '2012-08-01', 0.0000, '', NULL, '', 57, '2015-10-31 00:21:41', '2015-10-31 00:21:41', 1, NULL, 3, 0, 12, 0, 7, 0, NULL, '', NULL, '台', 1, '良好', '', '黄福忠', 'FUGifilm', '工程技术科', 9),
(402, '富士数码相机', '富士数码相机 FUGifilm', 'G070212', '2012-08-01', 0.0000, '', NULL, '', 57, '2015-10-31 00:21:41', '2015-10-31 00:21:41', 1, NULL, 3, 0, 12, 0, 7, 0, NULL, '', NULL, '台', 1, '良好', '', '许从德', 'FUGifilm', '工程技术科', 9),
(403, '富士数码相机', NULL, 'G070213', NULL, 0.0000, '', NULL, '', 0, '0000-00-00 00:00:00', '0000-00-00 00:00:00', 1, NULL, 3, 0, NULL, 0, 7, 0, NULL, NULL, NULL, '台', 1, '良好', '无', '莫光文', 'FUGifilm', '工程技术科', 9),
(404, '佳能数码相机', NULL, 'G070214', NULL, 0.0000, '', NULL, '', 0, '0000-00-00 00:00:00', '0000-00-00 00:00:00', 1, NULL, 3, 0, NULL, 0, 7, 0, NULL, NULL, NULL, '台', 1, '良好', '无', '郭有智', 'A3400', '工程技术科', 21),
(405, '佳能数码相机', NULL, 'G070215', NULL, 0.0000, '', NULL, '', 0, '0000-00-00 00:00:00', '0000-00-00 00:00:00', 1, NULL, 3, 0, NULL, 0, 7, 0, NULL, NULL, NULL, '台', 1, '良好', '无', '杨斐', 'A3400', '工程技术科', 21),
(406, '佳能数码相机', NULL, 'G070216', NULL, 0.0000, '', NULL, '', 0, '0000-00-00 00:00:00', '0000-00-00 00:00:00', 1, NULL, 3, 0, NULL, 0, 7, 0, NULL, NULL, NULL, '台', 1, '良好', '无', '杨斐', 'A3400', '工程技术科', 21),
(407, '尼康数码相机', NULL, 'G070217', NULL, 0.0000, '', NULL, '', 0, '0000-00-00 00:00:00', '0000-00-00 00:00:00', 1, NULL, 3, 0, NULL, 0, 7, 0, NULL, NULL, NULL, '部', 1, '良好', '2009/3/20', '612', 'S1000', '质量安全环保科', 11),
(408, '佳能数码相机', NULL, 'G070218', NULL, 0.0000, '', NULL, '', 0, '0000-00-00 00:00:00', '0000-00-00 00:00:00', 1, NULL, 3, 0, NULL, 0, 7, 0, NULL, NULL, NULL, '部', 1, '良好', '2010/10/1', '王力', '佳能PC1468', '物资供应站', 21),
(409, '索尼数码相机', NULL, 'G070219', NULL, 0.0000, '', NULL, '', 0, '0000-00-00 00:00:00', '0000-00-00 00:00:00', 1, NULL, 3, 0, NULL, 0, 7, 0, NULL, NULL, NULL, '部', 1, '良好', '2009/11/1', '杨蕾', '19', '物资供应站', 19),
(410, '富士数码相机', NULL, 'G070220', NULL, 0.0000, '', NULL, '', 0, '0000-00-00 00:00:00', '0000-00-00 00:00:00', 1, NULL, 3, 0, NULL, 0, 7, 0, NULL, NULL, NULL, '台', 1, '良好', '', '顔念东', 'JX405', '钻具井控服务公司', 9),
(411, '尼康数码相机', NULL, 'G070221', NULL, 0.0000, '', NULL, '', 0, '0000-00-00 00:00:00', '0000-00-00 00:00:00', 1, NULL, 3, 0, NULL, 0, 7, 0, NULL, NULL, NULL, '台', 1, '良好', '', '廖世刚', 'S2600', '钻具井控服务公司', 11),
(412, '佳能数码相机', NULL, 'G070222', NULL, 0.0000, '', NULL, '', 0, '0000-00-00 00:00:00', '0000-00-00 00:00:00', 1, NULL, 3, 0, NULL, 0, 7, 0, NULL, NULL, NULL, '台', 1, '良好', '', '谭清勇', '2300', '钻具井控服务公司', 21),
(413, '富士数码相机', NULL, 'G070223', NULL, 0.0000, '', NULL, '', 0, '0000-00-00 00:00:00', '0000-00-00 00:00:00', 1, NULL, 3, 0, NULL, 0, 7, 0, NULL, NULL, NULL, '台', 1, '良好', '', '周相', 'JX405', '钻具井控服务公司', 9),
(414, '富士数码相机', NULL, 'G070224', NULL, 0.0000, '', NULL, '', 0, '0000-00-00 00:00:00', '0000-00-00 00:00:00', 1, NULL, 3, 0, NULL, 0, 7, 0, NULL, NULL, NULL, '台', 1, '良好', '', '先洪富', 'JX405', '钻具井控服务公司', 9),
(415, '富士数码相机', NULL, 'G070225', NULL, 0.0000, '', NULL, '', 0, '0000-00-00 00:00:00', '0000-00-00 00:00:00', 1, NULL, 3, 0, NULL, 0, 7, 0, NULL, NULL, NULL, '台', 1, '良好', '', '唐晓红', 'F505EXR', '钻具井控服务公司', 9),
(416, '佳能数码相机', NULL, 'G070226', NULL, 0.0000, '', NULL, '', 0, '0000-00-00 00:00:00', '0000-00-00 00:00:00', 1, NULL, 3, 0, NULL, 0, 7, 0, NULL, NULL, NULL, '台', 1, '坏', '', 'A313', 'PC1304', '钻具井控服务公司', 21),
(417, '佳能数码相机', NULL, 'G070227', NULL, 0.0000, '', NULL, '', 0, '0000-00-00 00:00:00', '0000-00-00 00:00:00', 1, NULL, 3, 0, NULL, 0, 7, 0, NULL, NULL, NULL, '台', 1, '良好', '', '贺彬', 'PC1468', '钻具井控服务公司', 21),
(418, '索尼数码相机', NULL, 'G070228', NULL, 0.0000, '', NULL, '', 0, '0000-00-00 00:00:00', '0000-00-00 00:00:00', 1, NULL, 3, 0, NULL, 0, 7, 0, NULL, NULL, NULL, '部', 1, '良好', '2013', '', 'DSC-W300', '生产生活服务公司', 19),
(419, '索尼数码相机', NULL, 'G070229', NULL, 0.0000, '', NULL, '', 0, '0000-00-00 00:00:00', '0000-00-00 00:00:00', 1, NULL, 3, 0, NULL, 0, 7, 0, NULL, NULL, NULL, '部', 1, '良好', '2013', '', 'DSC-W300', '生产生活服务公司', 19),
(420, '佳能数码相机', NULL, 'G070230', NULL, 0.0000, '', NULL, '', 0, '0000-00-00 00:00:00', '0000-00-00 00:00:00', 1, NULL, 3, 0, NULL, 0, 7, 0, NULL, NULL, NULL, '部', 1, '良好', '2010', '', 'DSC-TX200', '生产生活服务公司', 21),
(421, '佳能数码相机', NULL, 'G070231', NULL, 0.0000, '', NULL, '', 0, '0000-00-00 00:00:00', '0000-00-00 00:00:00', 1, NULL, 3, 0, NULL, 0, 7, 0, NULL, NULL, NULL, '部', 1, '良好', '2010', '', 'DSC-TX200', '生产生活服务公司', 21),
(422, '爱普生投影仪', NULL, 'G080100', NULL, 0.0000, '', NULL, '修复备用', 0, '0000-00-00 00:00:00', '0000-00-00 00:00:00', 1, NULL, 3, 0, NULL, 0, 8, 0, NULL, NULL, NULL, '台', 1, '良好', '2008.2', '310室', 'EMP1810', '公司办公室', 16),
(423, '爱普生投影仪', NULL, 'G080101', NULL, 0.0000, '', NULL, '修复备用', 0, '0000-00-00 00:00:00', '0000-00-00 00:00:00', 1, NULL, 3, 0, NULL, 0, 8, 0, NULL, NULL, NULL, '台', 1, '良好', '2008.2', '310室', 'EMP1810', '公司办公室', 16),
(424, '明基投影仪', NULL, 'G080102', NULL, 0.0000, '', NULL, '', 0, '0000-00-00 00:00:00', '0000-00-00 00:00:00', 1, NULL, 3, 0, NULL, 0, 8, 0, NULL, NULL, NULL, '台', 1, '良好', '', '三楼会议室', 'MX615+', '公司办公室', 22),
(425, '宏基投影机', NULL, 'G080103', NULL, 0.0000, '', NULL, '', 0, '0000-00-00 00:00:00', '0000-00-00 00:00:00', 1, NULL, 3, 0, NULL, 0, 8, 0, NULL, NULL, NULL, '台', 1, '良好', '', '二楼会议室', 'P1203', '公司办公室', 23),
(426, '爱普生投影仪', NULL, 'G080104', NULL, 0.0000, '', NULL, '', 0, '0000-00-00 00:00:00', '0000-00-00 00:00:00', 1, NULL, 3, 0, NULL, 0, 8, 0, NULL, NULL, NULL, '台', 1, '良好', '2008.4', '二楼综合会议室', 'EMP-7900', '公司办公室', 16),
(427, '明基投影仪', NULL, 'G080105', NULL, 0.0000, '', NULL, '王皓处未还', 0, '0000-00-00 00:00:00', '0000-00-00 00:00:00', 1, NULL, 3, 0, NULL, 0, 8, 0, NULL, NULL, NULL, '台', 1, '良好', '', '二楼综合会议室', '短焦投影仪', '公司办公室', 22),
(428, '惠普投影仪', NULL, 'G080106', NULL, 0.0000, '', NULL, '', 0, '0000-00-00 00:00:00', '0000-00-00 00:00:00', 1, NULL, 3, 0, NULL, 0, 8, 0, NULL, NULL, NULL, '台', 1, '良好', '2010/6/23', '612', 'HPVP6120', '质量安全环保科', 12),
(429, '明基投影仪', NULL, 'G080107', NULL, 0.0000, '', NULL, '', 0, '0000-00-00 00:00:00', '0000-00-00 00:00:00', 1, NULL, 3, 0, NULL, 0, 8, 0, NULL, NULL, NULL, '台', 1, '良好', ' 2011-09-20', '杨蕾', '', '物资供应站', 22),
(430, '三菱投影仪', NULL, 'G080109', NULL, 0.0000, '', NULL, '', 0, '0000-00-00 00:00:00', '0000-00-00 00:00:00', 1, NULL, 3, 0, NULL, 0, 8, 0, NULL, NULL, NULL, '台', 1, '良好', '', 'A2楼会议室', 'XL2U', '钻具井控服务公司', 24),
(431, '三菱投影仪', NULL, 'G080110', NULL, 0.0000, '', NULL, '新配', 0, '0000-00-00 00:00:00', '0000-00-00 00:00:00', 1, NULL, 3, 0, NULL, 0, 8, 0, NULL, NULL, NULL, '台', 1, '良好', '', '轮南现场技术服务队', 'XL2U', '钻具井控服务公司', 24),
(432, '日立投影仪', NULL, 'G080111', NULL, 0.0000, '', NULL, '新配', 0, '0000-00-00 00:00:00', '0000-00-00 00:00:00', 1, NULL, 3, 0, NULL, 0, 8, 0, NULL, NULL, NULL, '台', 1, '良好', '', '井控维修队', 'CP-HX2075A', '钻具井控服务公司', 30),
(433, '索尼摄像机', NULL, 'G090100', NULL, 0.0000, '', NULL, '党群科借用', 0, '0000-00-00 00:00:00', '0000-00-00 00:00:00', 1, NULL, 3, 0, NULL, 0, 9, 0, NULL, NULL, NULL, '台', 1, '良好', '', '310', '1080', '公司办公室', 19),
(434, '夏普液晶电视机', NULL, 'G090101', NULL, 0.0000, '', NULL, '', 0, '0000-00-00 00:00:00', '0000-00-00 00:00:00', 1, NULL, 3, 0, NULL, 0, 9, 0, NULL, NULL, NULL, '台', 1, '良好', '', '二楼综合会议室', 'AQUOS', '公司办公室', 8),
(435, 'HKC显示器', NULL, 'G090102', NULL, 0.0000, '', NULL, '', 0, '0000-00-00 00:00:00', '0000-00-00 00:00:00', 1, NULL, 3, 0, NULL, 0, 9, 0, NULL, NULL, NULL, '台', 1, '良好', '2014.1', '二楼综合会议室', '19寸', '公司办公室', 31),
(436, '科密碎纸机', NULL, 'G090103', NULL, 0.0000, '', NULL, '', 0, '0000-00-00 00:00:00', '0000-00-00 00:00:00', 1, NULL, 3, 0, NULL, 0, 9, 0, NULL, NULL, NULL, '台', 1, '良好', '2008', '602', 'S-728', '党群工作科', 25),
(437, '索尼摄像机', NULL, 'G090104', NULL, 0.0000, '', NULL, '', 0, '0000-00-00 00:00:00', '0000-00-00 00:00:00', 1, NULL, 3, 0, NULL, 0, 9, 0, NULL, NULL, NULL, '台', 1, '差', '2006', '609', 'HVR-PD190P', '党群工作科', 19),
(438, '索尼摄像机', NULL, 'G090105', NULL, 0.0000, '', NULL, '', 0, '0000-00-00 00:00:00', '0000-00-00 00:00:00', 1, NULL, 3, 0, NULL, 0, 9, 0, NULL, NULL, NULL, '台', 1, '良好', '2008', '609', 'HVR-Z5C', '党群工作科', 19),
(439, '科密碎纸机', NULL, 'G090106', NULL, 0.0000, '', NULL, '', 0, '0000-00-00 00:00:00', '0000-00-00 00:00:00', 1, NULL, 3, 0, NULL, 0, 9, 0, NULL, NULL, NULL, '台', 1, '良好', '2012.08', '606', 'C_638', '监察科', 25),
(440, '惠普扫描仪', NULL, 'G090107', NULL, 0.0000, '', NULL, '', 0, '0000-00-00 00:00:00', '0000-00-00 00:00:00', 1, NULL, 3, 0, NULL, 0, 9, 0, NULL, NULL, NULL, '台', 1, '良好', '无', '507', 'Hp scanjet5590', '人事劳资科', 12),
(441, '联想液晶显示器', NULL, 'G090108', NULL, 0.0000, '', NULL, '兼容机用', 0, '0000-00-00 00:00:00', '0000-00-00 00:00:00', 1, NULL, 3, 0, NULL, 0, 9, 0, NULL, NULL, NULL, '台', 1, '良好', '2009.02.01', '范星晨', 'L197wA', '企管计划科', 1),
(442, '联想液晶显示器', NULL, 'G090109', NULL, 0.0000, '', NULL, '兼容机用', 0, '0000-00-00 00:00:00', '0000-00-00 00:00:00', 1, NULL, 3, 0, NULL, 0, 9, 0, NULL, NULL, NULL, '台', 1, '良好', '2010.01', '张平', '2121', '企管计划科', 1),
(443, '惠普扫描仪', NULL, 'G090110', NULL, 0.0000, '', NULL, '', 0, '0000-00-00 00:00:00', '0000-00-00 00:00:00', 1, NULL, 3, 0, NULL, 0, 9, 0, NULL, NULL, NULL, '台', 1, '良好', '2012.03.29', '403', 'FCLSD-0605', '企管计划科', 12),
(444, '惠普扫描仪', NULL, 'G090111', NULL, 0.0000, '', NULL, '', 0, '0000-00-00 00:00:00', '0000-00-00 00:00:00', 1, NULL, 3, 0, NULL, 0, 9, 0, NULL, NULL, NULL, '台', 1, '良好', '2012.03.29', '408', 'Scanjet G4050', '企管计划科', 12),
(445, '佳能扫描仪', NULL, 'G090112', NULL, 0.0000, '', NULL, '', 0, '0000-00-00 00:00:00', '0000-00-00 00:00:00', 1, NULL, 3, 0, NULL, 0, 9, 0, NULL, NULL, NULL, '台', 1, '良好', '2012.05.07', '410', 'LiDE110', '企管计划科', 21),
(446, '科密碎纸机', NULL, 'G090113', NULL, 0.0000, '', NULL, '', 0, '0000-00-00 00:00:00', '0000-00-00 00:00:00', 1, NULL, 3, 0, NULL, 0, 9, 0, NULL, NULL, NULL, '台', 1, '良好', '不详', '402', 'S-728', '企管计划科', 25),
(447, '联想液晶显示器', NULL, 'G090114', NULL, 0.0000, '', NULL, '', 0, '0000-00-00 00:00:00', '0000-00-00 00:00:00', 1, NULL, 3, 0, NULL, 0, 9, 0, NULL, NULL, NULL, '台', 1, '良好', '2013.09.20', '黄松', '', '市场开发科', 1),
(448, '佳能扫描仪', NULL, 'G090115', NULL, 0.0000, '', NULL, '', 0, '0000-00-00 00:00:00', '0000-00-00 00:00:00', 1, NULL, 3, 0, NULL, 0, 9, 0, NULL, NULL, NULL, '台', 1, '良好', '不详', '周孝佳', 'LIDE 600F', '市场开发科', 21),
(449, '科密碎纸机', NULL, 'G090116', NULL, 0.0000, '', NULL, '', 0, '0000-00-00 00:00:00', '0000-00-00 00:00:00', 1, NULL, 3, 0, NULL, 0, 9, 0, NULL, NULL, NULL, '台', 1, '良好', '不详', '309', 'C-638', '市场开发科', 25),
(450, '科密碎纸机', NULL, 'G090117', NULL, 0.0000, '', NULL, '', 0, '0000-00-00 00:00:00', '0000-00-00 00:00:00', 1, NULL, 3, 0, NULL, 0, 9, 0, NULL, NULL, NULL, '台', 1, '良好', '不详', '313', 'S-728', '市场开发科', 25),
(451, '联想液晶显示器', NULL, 'G090118', NULL, 0.0000, '', NULL, '台式机用', 0, '0000-00-00 00:00:00', '0000-00-00 00:00:00', 1, NULL, 3, 0, NULL, 0, 9, 0, NULL, NULL, NULL, '台', 1, '良好', '2008/5/21', '任文峰', 'LXM-WL198H', '生产运行科', 1),
(452, '惠科液晶显示器', NULL, 'G090119', NULL, 0.0000, '', NULL, '台式机用', 0, '0000-00-00 00:00:00', '0000-00-00 00:00:00', 1, NULL, 3, 0, NULL, 0, 9, 0, NULL, NULL, NULL, '台', 1, '良好', '', '牛晓彤', 'S988A', '生产运行科', 26),
(453, '三星液晶显示器', NULL, 'G090120', NULL, 0.0000, '', NULL, '台式机用', 0, '0000-00-00 00:00:00', '0000-00-00 00:00:00', 1, NULL, 3, 0, NULL, 0, 9, 0, NULL, NULL, NULL, '台', 1, '良好', '2012/12/6', '孙勇', 'SyncMasterS2213310', '生产运行科', 4),
(454, '清华同方液晶显示器', NULL, 'G090121', NULL, 0.0000, '', NULL, '待报废', 0, '0000-00-00 00:00:00', '0000-00-00 00:00:00', 1, NULL, 3, 0, NULL, 0, 9, 0, NULL, NULL, NULL, '台', 1, '良好', '2001/11/23', '暂无人使用', 'LB563B-EA', '生产运行科', 27),
(455, '长城液晶显示器', NULL, 'G090122', NULL, 0.0000, '', NULL, '台式机用', 0, '0000-00-00 00:00:00', '0000-00-00 00:00:00', 1, NULL, 3, 0, NULL, 0, 9, 0, NULL, NULL, NULL, '台', 1, '良好', '2006-2-15', '梁新祥、火建中', 'W9J', '生产运行科', 28),
(456, '联想液晶显示器', NULL, 'G090123', NULL, 0.0000, '', NULL, '台式机用', 0, '0000-00-00 00:00:00', '0000-00-00 00:00:00', 1, NULL, 3, 0, NULL, 0, 9, 0, NULL, NULL, NULL, '台', 1, '良好', '2012-1-17', '石玉建', 'ICES/NMB-003', '生产运行科', 1),
(457, '方正液晶显示器', NULL, 'G090124', NULL, 0.0000, '', NULL, '台式机用', 0, '0000-00-00 00:00:00', '0000-00-00 00:00:00', 1, NULL, 3, 0, NULL, 0, 9, 0, NULL, NULL, NULL, '台', 1, '良好', '', '暂无人使用', 'FZ780-NG', '生产运行科', 29),
(458, '惠科液晶显示器', NULL, 'G090125', NULL, 0.0000, '', NULL, '台式机用', 0, '0000-00-00 00:00:00', '0000-00-00 00:00:00', 1, NULL, 3, 0, NULL, 0, 9, 0, NULL, NULL, NULL, '台', 1, '良好', '', '公用电脑', 'I816', '生产运行科', 26),
(459, '佳能传真机', NULL, 'G090126', NULL, 0.0000, '', NULL, '', 0, '0000-00-00 00:00:00', '0000-00-00 00:00:00', 1, NULL, 3, 0, NULL, 0, 9, 0, NULL, NULL, NULL, '台', 2, '良好', '', '梁新祥、火建中', 'FAX-L120J', '生产运行科', 21),
(460, '佳能传真机', NULL, 'G090127', NULL, 0.0000, '', NULL, '', 0, '0000-00-00 00:00:00', '0000-00-00 00:00:00', 1, NULL, 3, 0, NULL, 0, 9, 0, NULL, NULL, NULL, '台', 2, '良好', '', '梁新祥、火建中', 'FAX-L120J', '生产运行科', 21),
(461, '科密碎纸机', NULL, 'G090128', NULL, 0.0000, '', NULL, '', 0, '0000-00-00 00:00:00', '0000-00-00 00:00:00', 1, NULL, 3, 0, NULL, 0, 9, 0, NULL, NULL, NULL, '台', 1, '良好', '', '公用', 'C-638', '生产运行科', 25),
(462, '科密碎纸机', NULL, 'G090129', NULL, 0.0000, '', NULL, '暂搁置调度值班室', 0, '0000-00-00 00:00:00', '0000-00-00 00:00:00', 1, NULL, 3, 0, NULL, 0, 9, 0, NULL, NULL, NULL, '台', 1, '良好', '', '公用', '3738', '生产运行科', 25),
(463, '索尼数码录音棒', NULL, 'G090130', NULL, 0.0000, '', NULL, '', 0, '0000-00-00 00:00:00', '0000-00-00 00:00:00', 1, NULL, 3, 0, NULL, 0, 9, 0, NULL, NULL, NULL, '个', 1, '良好', '', '牛晓彤、罗晓宇', 'ICD-UX533F', '生产运行科', 19),
(464, '希捷移动硬盘', NULL, 'G090131', NULL, 0.0000, '', NULL, '', 0, '0000-00-00 00:00:00', '0000-00-00 00:00:00', 1, NULL, 3, 0, NULL, 0, 9, 0, NULL, NULL, NULL, '个', 1, '良好', '', '杨坤', 'SRD00F1 500GB', '生产运行科', 37),
(465, '希捷移动硬盘', NULL, 'G090132', NULL, 0.0000, '', NULL, '', 0, '0000-00-00 00:00:00', '0000-00-00 00:00:00', 1, NULL, 3, 0, NULL, 0, 9, 0, NULL, NULL, NULL, '个', 1, '良好', '', '牛晓彤、罗晓宇', 'SRD00F1 500GB', '生产运行科', 37),
(466, '视频监控系统（含四块屏幕+台式电脑一台）', NULL, 'G090133', NULL, 0.0000, '', NULL, '安装队监控视频', 0, '0000-00-00 00:00:00', '0000-00-00 00:00:00', 1, NULL, 3, 0, NULL, 0, 9, 0, NULL, NULL, NULL, '台', 1, '良好', '2014/1/15', '', 'LT2024WA', '生产运行科', 1),
(467, '金图装订机', NULL, 'G090134', NULL, 0.0000, '', NULL, '', 0, '0000-00-00 00:00:00', '0000-00-00 00:00:00', 1, NULL, 3, 0, NULL, 0, 9, 0, NULL, NULL, NULL, '台', 1, '良好', '2013/9/1', '成本组', 'NB 208', '财务资产科', 40),
(468, '联想传真机', NULL, 'G090135', NULL, 0.0000, '', NULL, '', 0, '0000-00-00 00:00:00', '0000-00-00 00:00:00', 1, NULL, 3, 0, NULL, 0, 9, 0, NULL, NULL, NULL, '台', 1, '良好', '2011/12/1', '会计组', 'M3120', '财务资产科', 1),
(469, '三木碎纸机', NULL, 'G090136', NULL, 0.0000, '', NULL, '', 0, '0000-00-00 00:00:00', '0000-00-00 00:00:00', 1, NULL, 3, 0, NULL, 0, 9, 0, NULL, NULL, NULL, '台', 1, '良好', '2010/12/1', '会计组', '三木 SD9310', '财务资产科', 32),
(470, '增值税票扫描仪', NULL, 'G090137', NULL, 0.0000, '', NULL, '', 0, '0000-00-00 00:00:00', '0000-00-00 00:00:00', 1, NULL, 3, 0, NULL, 0, 9, 0, NULL, NULL, NULL, '部', 1, '良好', '2009/12/1', '税金组', 'AV710', '财务资产科', 33),
(471, '增值税开票机', NULL, 'G090138', NULL, 0.0000, '', NULL, '', 0, '0000-00-00 00:00:00', '0000-00-00 00:00:00', 1, NULL, 3, 0, NULL, 0, 9, 0, NULL, NULL, NULL, '部', 1, '良好', '2009/12/2', '税金组', 'SK-800II', '财务资产科', 33),
(472, '三木碎纸机', NULL, 'G090139', NULL, 0.0000, '', NULL, '', 0, '0000-00-00 00:00:00', '0000-00-00 00:00:00', 1, NULL, 3, 0, NULL, 0, 9, 0, NULL, NULL, NULL, '台', 1, '良好', '2007/12/1', '407室', '三木 SD9310', '财务资产科', 32),
(473, '科密碎纸机', NULL, 'G090140', NULL, 0.0000, '', NULL, '', 0, '0000-00-00 00:00:00', '0000-00-00 00:00:00', 1, NULL, 3, 0, NULL, 0, 9, 0, NULL, NULL, NULL, '台', 1, '良好', '2006/12/1', '出纳室', '科密 C-738', '财务资产科', 25),
(474, '验钞机', NULL, 'G090141', NULL, 0.0000, '', NULL, '', 0, '0000-00-00 00:00:00', '0000-00-00 00:00:00', 1, NULL, 3, 0, NULL, 0, 9, 0, NULL, NULL, NULL, ' ', 1, '良好', '2005/12/1', '出纳室', 'WJD-HP-5003R', '财务资产科', 38),
(475, '天神保险柜', NULL, 'G090142', NULL, 0.0000, '', NULL, '', 0, '0000-00-00 00:00:00', '0000-00-00 00:00:00', 1, NULL, 3, 0, NULL, 0, 9, 0, NULL, NULL, NULL, '台', 1, '良好', '2004/12/1', '出纳室', '神宝', '财务资产科', 39),
(476, '佳能扫描仪', NULL, 'G090143', NULL, 0.0000, '', NULL, '', 0, '0000-00-00 00:00:00', '0000-00-00 00:00:00', 1, NULL, 3, 0, NULL, 0, 9, 0, NULL, NULL, NULL, '台', 1, '良好', '无', '张代荣', 'Lide110', '工程技术科', 21),
(477, '佳能扫描仪', NULL, 'G090144', NULL, 0.0000, '', NULL, '', 0, '0000-00-00 00:00:00', '0000-00-00 00:00:00', 1, NULL, 3, 0, NULL, 0, 9, 0, NULL, NULL, NULL, '台', 1, '已修未用', '无', '杨斐', 'Lide680F', '工程技术科', 21),
(478, '科密碎纸机', NULL, 'G090145', NULL, 0.0000, '', NULL, '', 0, '0000-00-00 00:00:00', '0000-00-00 00:00:00', 1, NULL, 3, 0, NULL, 0, 9, 0, NULL, NULL, NULL, '台', 1, '良好', '无', '陈立', 'C-638', '工程技术科', 25),
(479, '科密碎纸机', NULL, 'G090146', NULL, 0.0000, '', NULL, '', 0, '0000-00-00 00:00:00', '0000-00-00 00:00:00', 1, NULL, 3, 0, NULL, 0, 9, 0, NULL, NULL, NULL, '台', 1, '良好', '无', '汪世明', 'C-638', '工程技术科', 25),
(480, '科密碎纸机', NULL, 'G090147', NULL, 0.0000, '', NULL, '', 0, '0000-00-00 00:00:00', '0000-00-00 00:00:00', 1, NULL, 3, 0, NULL, 0, 9, 0, NULL, NULL, NULL, '台', 1, '良好', '无', '许从德', '3638', '工程技术科', 25),
(481, '索尼摄象机', NULL, 'G090148', NULL, 0.0000, '', NULL, '', 0, '0000-00-00 00:00:00', '0000-00-00 00:00:00', 1, NULL, 3, 0, NULL, 0, 9, 0, NULL, NULL, NULL, '台', 1, '良好', '2010.08', '510', 'VPC—SH1', '装备科', 19),
(482, '深高科美摄象机', NULL, 'G090149', NULL, 0.0000, '', NULL, '', 0, '0000-00-00 00:00:00', '0000-00-00 00:00:00', 1, NULL, 3, 0, NULL, 0, 9, 0, NULL, NULL, NULL, '台', 1, '良好', '2010.08', '510', '', '装备科', 36),
(483, '佳能扫描仪', NULL, 'G090150', NULL, 0.0000, '', NULL, '', 0, '0000-00-00 00:00:00', '0000-00-00 00:00:00', 1, NULL, 3, 0, NULL, 0, 9, 0, NULL, NULL, NULL, '台', 1, '良好', '2011/8/20', '612', 'K10318', '质量安全环保科', 21),
(484, '联想扫描仪', NULL, 'G090151', NULL, 0.0000, '', NULL, '轮南实验室', 0, '0000-00-00 00:00:00', '0000-00-00 00:00:00', 1, NULL, 3, 0, NULL, 0, 9, 0, NULL, NULL, NULL, '台', 1, '良好', '2011.6.8', '齐玉才', 'Canoscan Lide 110', '工程技术服务公司', 1),
(485, '松下复印机', NULL, 'G090152', NULL, 0.0000, '', NULL, '', 0, '0000-00-00 00:00:00', '0000-00-00 00:00:00', 1, NULL, 3, 0, NULL, 0, 9, 0, NULL, NULL, NULL, '台', 1, '良好', '', '刘曲', 'DP-8016P-PK', '钻具井控服务公司', 14),
(486, '中晶扫描仪', NULL, 'G090153', NULL, 0.0000, '', NULL, '', 0, '0000-00-00 00:00:00', '0000-00-00 00:00:00', 1, NULL, 3, 0, NULL, 0, 9, 0, NULL, NULL, NULL, '台', 1, '良好', '', 'A313', '6180', '钻具井控服务公司', 34),
(487, '佳能扫描仪', NULL, 'G090154', NULL, 0.0000, '', NULL, '新配', 0, '0000-00-00 00:00:00', '0000-00-00 00:00:00', 1, NULL, 3, 0, NULL, 0, 9, 0, NULL, NULL, NULL, '台', 1, '良好', '', '蒋龙', '佳能LIDE110', '钻具井控服务公司', 21),
(488, '亚太过塑机', NULL, 'G090155', NULL, 0.0000, '', NULL, '新配', 0, '0000-00-00 00:00:00', '0000-00-00 00:00:00', 1, NULL, 3, 0, NULL, 0, 9, 0, NULL, NULL, NULL, '台', 1, '良好', '2012.08', '代振娜', '320', '钻具井控服务公司', 35),
(489, '佳能扫描仪', NULL, 'G090156', NULL, 0.0000, '', NULL, '', 0, '0000-00-00 00:00:00', '2015-11-10 00:39:17', 1, NULL, 3, 0, 12, 0, 9, 0, 0, NULL, NULL, '台', 1, '良好', '2013', '石英', 'CanoScanLIDE110', '生产生活服务公司', 21);

-- --------------------------------------------------------

--
-- 表的结构 `asset_logs`
--

CREATE TABLE IF NOT EXISTS `asset_logs` (
  `id` int(10) unsigned NOT NULL AUTO_INCREMENT,
  `user_id` int(11) NOT NULL,
  `action_type` varchar(255) COLLATE utf8_unicode_ci NOT NULL,
  `asset_id` int(11) DEFAULT NULL,
  `checkedout_to` int(11) DEFAULT NULL,
  `location_id` int(11) DEFAULT NULL,
  `created_at` datetime DEFAULT '0000-00-00 00:00:00',
  `asset_type` varchar(100) COLLATE utf8_unicode_ci DEFAULT NULL,
  `note` text COLLATE utf8_unicode_ci,
  `filename` text COLLATE utf8_unicode_ci,
  `updated_at` timestamp NOT NULL DEFAULT '0000-00-00 00:00:00',
  `deleted_at` timestamp NULL DEFAULT NULL,
  `requested_at` datetime DEFAULT NULL,
  `accepted_at` datetime DEFAULT NULL,
  `accessory_id` int(11) DEFAULT NULL,
  `accepted_id` int(11) DEFAULT NULL,
  `consumable_id` int(11) DEFAULT NULL,
  `expected_checkin` date DEFAULT NULL,
  `thread_id` int(11) DEFAULT NULL,
  PRIMARY KEY (`id`),
  KEY `asset_logs_thread_id_index` (`thread_id`)
) ENGINE=InnoDB  DEFAULT CHARSET=utf8 COLLATE=utf8_unicode_ci AUTO_INCREMENT=4 ;

--
-- 转存表中的数据 `asset_logs`
--

INSERT INTO `asset_logs` (`id`, `user_id`, `action_type`, `asset_id`, `checkedout_to`, `location_id`, `created_at`, `asset_type`, `note`, `filename`, `updated_at`, `deleted_at`, `requested_at`, `accepted_at`, `accessory_id`, `accepted_id`, `consumable_id`, `expected_checkin`, `thread_id`) VALUES
(1, 57, 'checkout', 489, NULL, NULL, '2015-11-10 16:39:17', 'hardware', ' 更新资产', NULL, '2015-11-10 00:39:17', NULL, NULL, NULL, NULL, NULL, NULL, NULL, NULL),
(2, 57, 'checkout', 2, NULL, NULL, '2015-11-10 16:43:45', 'hardware', ' 更新资产', NULL, '2015-11-10 00:43:45', NULL, NULL, NULL, NULL, NULL, NULL, NULL, NULL),
(3, 57, 'checkout', 2, NULL, NULL, '2015-11-10 16:44:20', 'hardware', ' 更新资产', NULL, '2015-11-10 00:44:20', NULL, NULL, NULL, NULL, NULL, NULL, NULL, NULL);

-- --------------------------------------------------------

--
-- 表的结构 `asset_maintenances`
--

CREATE TABLE IF NOT EXISTS `asset_maintenances` (
  `id` int(10) unsigned NOT NULL AUTO_INCREMENT,
  `asset_id` int(10) unsigned NOT NULL,
  `supplier_id` int(10) unsigned NOT NULL,
  `asset_maintenance_type` enum('Maintenance','Repair','Upgrade') COLLATE utf8_unicode_ci NOT NULL,
  `title` varchar(100) COLLATE utf8_unicode_ci NOT NULL,
  `is_warranty` tinyint(1) NOT NULL,
  `start_date` date NOT NULL,
  `completion_date` date DEFAULT NULL,
  `asset_maintenance_time` int(11) DEFAULT NULL,
  `notes` longtext COLLATE utf8_unicode_ci,
  `cost` decimal(10,2) DEFAULT NULL,
  `deleted_at` datetime DEFAULT NULL,
  `created_at` timestamp NOT NULL DEFAULT '0000-00-00 00:00:00',
  `updated_at` timestamp NOT NULL DEFAULT '0000-00-00 00:00:00',
  PRIMARY KEY (`id`)
) ENGINE=InnoDB  DEFAULT CHARSET=utf8 COLLATE=utf8_unicode_ci AUTO_INCREMENT=3 ;

--
-- 转存表中的数据 `asset_maintenances`
--

INSERT INTO `asset_maintenances` (`id`, `asset_id`, `supplier_id`, `asset_maintenance_type`, `title`, `is_warranty`, `start_date`, `completion_date`, `asset_maintenance_time`, `notes`, `cost`, `deleted_at`, `created_at`, `updated_at`) VALUES
(1, 4, 4, '', 'abc', 0, '2015-11-08', '2015-11-09', NULL, 'aaa', 10.00, NULL, '2015-11-07 08:15:23', '2015-11-07 08:15:23'),
(2, 244, 4, '', 'cab', 1, '2015-11-01', '2015-11-11', NULL, 'aaaa', 10.00, NULL, '2015-11-07 16:32:43', '2015-11-07 16:32:43');

-- --------------------------------------------------------

--
-- 表的结构 `asset_uploads`
--

CREATE TABLE IF NOT EXISTS `asset_uploads` (
  `id` int(10) unsigned NOT NULL AUTO_INCREMENT,
  `user_id` int(11) NOT NULL,
  `filename` varchar(255) COLLATE utf8_unicode_ci NOT NULL,
  `asset_id` int(11) NOT NULL,
  `filenotes` varchar(255) COLLATE utf8_unicode_ci NOT NULL,
  `created_at` timestamp NOT NULL DEFAULT '0000-00-00 00:00:00',
  `updated_at` timestamp NOT NULL DEFAULT '0000-00-00 00:00:00',
  `deleted_at` timestamp NULL DEFAULT NULL,
  PRIMARY KEY (`id`)
) ENGINE=InnoDB DEFAULT CHARSET=utf8 COLLATE=utf8_unicode_ci AUTO_INCREMENT=1 ;

-- --------------------------------------------------------

--
-- 表的结构 `categories`
--

CREATE TABLE IF NOT EXISTS `categories` (
  `id` int(10) unsigned NOT NULL AUTO_INCREMENT,
  `name` varchar(255) COLLATE utf8_unicode_ci NOT NULL,
  `created_at` timestamp NOT NULL DEFAULT '0000-00-00 00:00:00',
  `updated_at` timestamp NOT NULL DEFAULT '0000-00-00 00:00:00',
  `user_id` int(11) NOT NULL,
  `deleted_at` timestamp NULL DEFAULT NULL,
  `eula_text` longtext COLLATE utf8_unicode_ci,
  `use_default_eula` tinyint(1) NOT NULL DEFAULT '0',
  `require_acceptance` tinyint(1) NOT NULL DEFAULT '0',
  `category_type` varchar(255) COLLATE utf8_unicode_ci DEFAULT 'asset',
  `checkin_email` tinyint(1) NOT NULL DEFAULT '0',
  PRIMARY KEY (`id`)
) ENGINE=InnoDB  DEFAULT CHARSET=utf8 COLLATE=utf8_unicode_ci AUTO_INCREMENT=10 ;

--
-- 转存表中的数据 `categories`
--

INSERT INTO `categories` (`id`, `name`, `created_at`, `updated_at`, `user_id`, `deleted_at`, `eula_text`, `use_default_eula`, `require_acceptance`, `category_type`, `checkin_email`) VALUES
(3, '台式机', '2015-10-30 11:20:25', '2015-11-03 22:11:30', 57, NULL, '', 0, 0, 'asset', 0),
(4, '笔记本电脑', '2015-10-30 11:21:19', '2015-11-03 22:11:59', 57, NULL, '', 0, 0, 'asset', 0),
(5, '打印机', '2015-10-30 11:22:01', '2015-11-03 22:12:59', 57, NULL, '', 0, 0, 'asset', 0),
(6, '一体机', '2015-10-30 11:22:12', '2015-11-03 22:13:09', 57, NULL, '', 0, 0, 'asset', 0),
(7, '数码相机', '2015-10-30 11:22:52', '2015-11-03 22:13:19', 57, NULL, '', 0, 0, 'asset', 0),
(8, '投影仪', '2015-10-30 11:23:12', '2015-11-03 22:14:15', 57, NULL, '', 0, 0, 'asset', 0),
(9, '移动硬盘及其它', '2015-10-30 11:23:29', '2015-11-03 22:14:25', 57, NULL, '', 0, 0, 'asset', 0);

-- --------------------------------------------------------

--
-- 表的结构 `consumables`
--

CREATE TABLE IF NOT EXISTS `consumables` (
  `id` int(10) unsigned NOT NULL AUTO_INCREMENT,
  `name` varchar(255) COLLATE utf8_unicode_ci DEFAULT NULL,
  `category_id` int(11) DEFAULT NULL,
  `location_id` int(11) DEFAULT NULL,
  `user_id` int(11) DEFAULT NULL,
  `qty` int(11) NOT NULL DEFAULT '0',
  `requestable` tinyint(1) NOT NULL DEFAULT '0',
  `created_at` timestamp NOT NULL DEFAULT '0000-00-00 00:00:00',
  `updated_at` timestamp NOT NULL DEFAULT '0000-00-00 00:00:00',
  `deleted_at` timestamp NULL DEFAULT NULL,
  PRIMARY KEY (`id`)
) ENGINE=InnoDB DEFAULT CHARSET=utf8 COLLATE=utf8_unicode_ci AUTO_INCREMENT=1 ;

-- --------------------------------------------------------

--
-- 表的结构 `consumables_users`
--

CREATE TABLE IF NOT EXISTS `consumables_users` (
  `id` int(10) unsigned NOT NULL AUTO_INCREMENT,
  `user_id` int(11) DEFAULT NULL,
  `consumable_id` int(11) DEFAULT NULL,
  `assigned_to` int(11) DEFAULT NULL,
  `created_at` timestamp NOT NULL DEFAULT '0000-00-00 00:00:00',
  `updated_at` timestamp NOT NULL DEFAULT '0000-00-00 00:00:00',
  PRIMARY KEY (`id`)
) ENGINE=InnoDB DEFAULT CHARSET=utf8 COLLATE=utf8_unicode_ci AUTO_INCREMENT=1 ;

-- --------------------------------------------------------

--
-- 表的结构 `depreciations`
--

CREATE TABLE IF NOT EXISTS `depreciations` (
  `id` int(10) unsigned NOT NULL AUTO_INCREMENT,
  `name` varchar(255) COLLATE utf8_unicode_ci NOT NULL,
  `months` int(11) NOT NULL,
  `created_at` timestamp NOT NULL DEFAULT '0000-00-00 00:00:00',
  `updated_at` timestamp NOT NULL DEFAULT '0000-00-00 00:00:00',
  `user_id` int(11) NOT NULL,
  PRIMARY KEY (`id`)
) ENGINE=InnoDB DEFAULT CHARSET=utf8 COLLATE=utf8_unicode_ci AUTO_INCREMENT=1 ;

-- --------------------------------------------------------

--
-- 表的结构 `groups`
--

CREATE TABLE IF NOT EXISTS `groups` (
  `id` int(10) unsigned NOT NULL AUTO_INCREMENT,
  `name` varchar(255) COLLATE utf8_unicode_ci NOT NULL,
  `permissions` text COLLATE utf8_unicode_ci,
  `created_at` timestamp NOT NULL DEFAULT '0000-00-00 00:00:00',
  `updated_at` timestamp NOT NULL DEFAULT '0000-00-00 00:00:00',
  PRIMARY KEY (`id`),
  UNIQUE KEY `groups_name_unique` (`name`)
) ENGINE=InnoDB  DEFAULT CHARSET=utf8 COLLATE=utf8_unicode_ci AUTO_INCREMENT=4 ;

--
-- 转存表中的数据 `groups`
--

INSERT INTO `groups` (`id`, `name`, `permissions`, `created_at`, `updated_at`) VALUES
(1, 'Admin', '{"admin":1,"users":1,"reports":1}', '2015-10-21 00:55:29', '2015-10-21 00:55:29'),
(2, 'Reporting', '{"users":1,"reports":1}', '2015-10-21 00:55:29', '2015-10-21 00:55:29'),
(3, 'Users', '{"users":1}', '2015-10-21 00:55:29', '2015-10-21 00:55:29');

-- --------------------------------------------------------

--
-- 表的结构 `history`
--

CREATE TABLE IF NOT EXISTS `history` (
  `id` int(10) unsigned NOT NULL AUTO_INCREMENT,
  `checkedout_to` int(11) NOT NULL,
  `location_id` int(11) NOT NULL,
  `created_at` timestamp NOT NULL DEFAULT '0000-00-00 00:00:00',
  `updated_at` timestamp NOT NULL DEFAULT '0000-00-00 00:00:00',
  `user_id` int(11) NOT NULL,
  PRIMARY KEY (`id`)
) ENGINE=InnoDB DEFAULT CHARSET=utf8 COLLATE=utf8_unicode_ci AUTO_INCREMENT=1 ;

-- --------------------------------------------------------

--
-- 表的结构 `licenses`
--

CREATE TABLE IF NOT EXISTS `licenses` (
  `id` int(10) unsigned NOT NULL AUTO_INCREMENT,
  `name` varchar(255) COLLATE utf8_unicode_ci NOT NULL,
  `serial` text COLLATE utf8_unicode_ci,
  `purchase_date` date DEFAULT NULL,
  `purchase_cost` decimal(13,4) DEFAULT NULL,
  `order_number` varchar(50) COLLATE utf8_unicode_ci DEFAULT NULL,
  `seats` int(11) NOT NULL DEFAULT '1',
  `notes` text COLLATE utf8_unicode_ci,
  `user_id` int(11) NOT NULL,
  `depreciation_id` tinyint(1) NOT NULL DEFAULT '0',
  `created_at` timestamp NOT NULL DEFAULT '0000-00-00 00:00:00',
  `updated_at` timestamp NOT NULL DEFAULT '0000-00-00 00:00:00',
  `deleted_at` timestamp NULL DEFAULT NULL,
  `license_name` varchar(100) COLLATE utf8_unicode_ci DEFAULT NULL,
  `license_email` varchar(120) COLLATE utf8_unicode_ci DEFAULT NULL,
  `depreciate` tinyint(1) DEFAULT '0',
  `supplier_id` int(11) DEFAULT NULL,
  `expiration_date` date DEFAULT NULL,
  `purchase_order` varchar(255) COLLATE utf8_unicode_ci DEFAULT NULL,
  `termination_date` date DEFAULT NULL,
  `maintained` tinyint(1) NOT NULL,
  `reassignable` tinyint(1) NOT NULL DEFAULT '1',
  PRIMARY KEY (`id`)
) ENGINE=InnoDB DEFAULT CHARSET=utf8 COLLATE=utf8_unicode_ci AUTO_INCREMENT=1 ;

-- --------------------------------------------------------

--
-- 表的结构 `license_seats`
--

CREATE TABLE IF NOT EXISTS `license_seats` (
  `id` int(10) unsigned NOT NULL AUTO_INCREMENT,
  `license_id` int(11) NOT NULL,
  `assigned_to` int(11) DEFAULT NULL,
  `notes` text COLLATE utf8_unicode_ci,
  `user_id` int(11) NOT NULL,
  `created_at` timestamp NOT NULL DEFAULT '0000-00-00 00:00:00',
  `updated_at` timestamp NOT NULL DEFAULT '0000-00-00 00:00:00',
  `deleted_at` timestamp NULL DEFAULT NULL,
  `asset_id` int(11) DEFAULT NULL,
  PRIMARY KEY (`id`)
) ENGINE=InnoDB DEFAULT CHARSET=utf8 COLLATE=utf8_unicode_ci AUTO_INCREMENT=1 ;

-- --------------------------------------------------------

--
-- 表的结构 `locations`
--

CREATE TABLE IF NOT EXISTS `locations` (
  `id` int(10) unsigned NOT NULL AUTO_INCREMENT,
  `name` varchar(255) COLLATE utf8_unicode_ci NOT NULL,
  `city` varchar(255) COLLATE utf8_unicode_ci NOT NULL,
  `state` varchar(255) COLLATE utf8_unicode_ci NOT NULL,
  `country` varchar(2) COLLATE utf8_unicode_ci NOT NULL,
  `created_at` timestamp NOT NULL DEFAULT '0000-00-00 00:00:00',
  `updated_at` timestamp NOT NULL DEFAULT '0000-00-00 00:00:00',
  `user_id` int(11) NOT NULL,
  `address` varchar(80) COLLATE utf8_unicode_ci NOT NULL,
  `address2` varchar(255) COLLATE utf8_unicode_ci DEFAULT NULL,
  `zip` varchar(10) COLLATE utf8_unicode_ci DEFAULT NULL,
  `deleted_at` timestamp NULL DEFAULT NULL,
  `parent_id` int(11) DEFAULT NULL,
  `currency` varchar(10) COLLATE utf8_unicode_ci DEFAULT NULL,
  PRIMARY KEY (`id`)
) ENGINE=InnoDB DEFAULT CHARSET=utf8 COLLATE=utf8_unicode_ci AUTO_INCREMENT=1 ;

-- --------------------------------------------------------

--
-- 表的结构 `manufacturers`
--

CREATE TABLE IF NOT EXISTS `manufacturers` (
  `id` int(10) unsigned NOT NULL AUTO_INCREMENT,
  `name` varchar(255) COLLATE utf8_unicode_ci NOT NULL,
  `created_at` timestamp NOT NULL DEFAULT '0000-00-00 00:00:00',
  `updated_at` timestamp NOT NULL DEFAULT '0000-00-00 00:00:00',
  `user_id` int(11) NOT NULL,
  `deleted_at` timestamp NULL DEFAULT NULL,
  PRIMARY KEY (`id`)
) ENGINE=InnoDB  DEFAULT CHARSET=utf8 COLLATE=utf8_unicode_ci AUTO_INCREMENT=41 ;

--
-- 转存表中的数据 `manufacturers`
--

INSERT INTO `manufacturers` (`id`, `name`, `created_at`, `updated_at`, `user_id`, `deleted_at`) VALUES
(1, '联想', '2015-10-30 22:58:54', '2015-10-30 22:58:54', 57, NULL),
(2, 'IBM', '2015-10-30 14:58:54', '2015-10-30 14:58:54', 57, NULL),
(3, '三星笔记本', '2015-10-30 14:58:54', '2015-10-30 14:58:54', 57, NULL),
(4, '三星电子', '2015-10-30 14:58:54', '2015-10-30 14:58:54', 57, NULL),
(5, '东芝', '2015-10-30 14:58:54', '2015-10-30 14:58:54', 57, NULL),
(6, '兄弟', '2015-10-30 14:58:54', '2015-10-30 14:58:54', 57, NULL),
(7, '华硕', '2015-10-30 14:58:54', '2015-10-30 14:58:54', 57, NULL),
(8, '夏普', '2015-10-30 14:58:54', '2015-10-30 14:58:54', 57, NULL),
(9, '富士', '2015-10-30 14:58:54', '2015-10-30 14:58:54', 57, NULL),
(10, '富士施乐', '2015-10-30 14:58:54', '2015-10-30 14:58:54', 57, NULL),
(11, '尼康', '2015-10-30 14:58:54', '2015-10-30 14:58:54', 57, NULL),
(12, '惠普', '2015-10-30 14:58:54', '2015-10-30 14:58:54', 57, NULL),
(13, '戴尔', '2015-10-30 14:58:54', '2015-10-30 14:58:54', 57, NULL),
(14, '松下', '2015-10-30 14:58:54', '2015-10-30 14:58:54', 57, NULL),
(15, '富士通', '2015-10-30 14:58:54', '2015-10-30 14:58:54', 57, NULL),
(16, '爱普生', '2015-10-30 14:58:54', '2015-10-30 14:58:54', 57, NULL),
(17, '王牌', '2015-10-30 14:58:54', '2015-10-30 14:58:54', 57, NULL),
(18, '理光', '2015-10-30 14:58:54', '2015-10-30 14:58:54', 57, NULL),
(19, '索尼', '2015-10-30 14:58:54', '2015-10-30 14:58:54', 57, NULL),
(20, '组装机', '2015-10-30 14:58:54', '2015-10-30 14:58:54', 57, NULL),
(21, '佳能', '2015-11-08 08:00:00', '2015-11-08 08:00:00', 57, NULL),
(22, '明基', '2015-11-09 08:00:00', '2015-11-09 08:00:00', 57, NULL),
(23, '宏基', '2015-11-09 08:00:00', '2015-11-09 08:00:00', 57, NULL),
(24, '三菱', '2015-11-09 08:00:00', '2015-11-09 08:00:00', 57, NULL),
(25, '科密', '2015-11-09 08:00:00', '2015-11-09 08:00:00', 57, NULL),
(26, '惠科', '2015-11-09 08:00:00', '2015-11-09 08:00:00', 57, NULL),
(27, '南京LG', '2015-11-09 08:00:00', '0000-00-00 00:00:00', 57, '2015-11-09 08:00:00'),
(28, '长城', '2015-11-09 08:00:00', '2015-11-09 08:00:00', 57, NULL),
(29, '北大方正', '2015-11-09 08:00:00', '2015-11-09 08:00:00', 57, NULL),
(30, '日立', '2015-11-09 08:00:00', '2015-11-09 08:00:00', 57, NULL),
(31, 'HKC', '2015-11-09 08:00:00', '2015-11-09 08:00:00', 57, NULL),
(32, '三木', '2015-11-09 08:00:00', '2015-11-09 08:00:00', 57, NULL),
(33, '虹光', '2015-11-09 08:00:00', '2015-11-09 08:00:00', 57, NULL),
(34, '中晶', '2015-11-09 08:00:00', '2015-11-09 08:00:00', 57, NULL),
(35, '亚太', '2015-11-09 08:00:00', '2015-11-09 08:00:00', 57, NULL),
(36, '深高科美', '2015-11-09 08:00:00', '2015-11-09 08:00:00', 57, NULL),
(37, '希捷', '2015-11-09 08:00:00', '2015-11-09 08:00:00', 57, NULL),
(38, '新疆华平', '2015-11-09 08:00:00', '2015-11-09 08:00:00', 57, NULL),
(39, '天神', '2015-11-09 08:00:00', '2015-11-09 08:00:00', 57, NULL),
(40, '金图', '2015-11-09 08:00:00', '2015-11-09 08:00:00', 57, NULL);

-- --------------------------------------------------------

--
-- 表的结构 `migrations`
--

CREATE TABLE IF NOT EXISTS `migrations` (
  `migration` varchar(255) COLLATE utf8_unicode_ci NOT NULL,
  `batch` int(11) NOT NULL
) ENGINE=InnoDB DEFAULT CHARSET=utf8 COLLATE=utf8_unicode_ci;

--
-- 转存表中的数据 `migrations`
--

INSERT INTO `migrations` (`migration`, `batch`) VALUES
('2012_12_06_225921_migration_cartalyst_sentry_install_users', 1),
('2012_12_06_225929_migration_cartalyst_sentry_install_groups', 1),
('2012_12_06_225945_migration_cartalyst_sentry_install_users_groups_pivot', 1),
('2012_12_06_225988_migration_cartalyst_sentry_install_throttle', 1),
('2013_03_23_193214_update_users_table', 2),
('2013_11_13_075318_create_models_table', 2),
('2013_11_13_075335_create_categories_table', 2),
('2013_11_13_075347_create_manufacturers_table', 2),
('2013_11_15_015858_add_user_id_to_categories', 2),
('2013_11_15_112701_add_user_id_to_manufacturers', 2),
('2013_11_15_190327_create_assets_table', 2),
('2013_11_15_190357_create_licenses_table', 2),
('2013_11_15_201848_add_license_name_to_licenses', 2),
('2013_11_16_040323_create_depreciations_table', 2),
('2013_11_16_042851_add_depreciation_id_to_models', 2),
('2013_11_16_084923_add_user_id_to_models', 2),
('2013_11_16_103258_create_locations_table', 2),
('2013_11_16_103336_add_location_id_to_assets', 2),
('2013_11_16_103407_add_checkedout_to_to_assets', 2),
('2013_11_16_103425_create_history_table', 2),
('2013_11_17_054359_drop_licenses_table', 2),
('2013_11_17_054526_add_physical_to_assets', 2),
('2013_11_17_055126_create_settings_table', 2),
('2013_11_17_062634_add_license_to_assets', 2),
('2013_11_18_134332_add_contacts_to_users', 2),
('2013_11_18_142847_add_info_to_locations', 2),
('2013_11_18_152942_remove_location_id_from_asset', 2),
('2013_11_18_164423_set_nullvalues_for_user', 2),
('2013_11_19_013337_create_asset_logs_table', 2),
('2013_11_19_061409_edit_added_on_asset_logs_table', 2),
('2013_11_19_062250_edit_location_id_asset_logs_table', 2),
('2013_11_20_055822_add_soft_delete_on_assets', 2),
('2013_11_20_121404_add_soft_delete_on_locations', 2),
('2013_11_20_123137_add_soft_delete_on_manufacturers', 2),
('2013_11_20_123725_add_soft_delete_on_categories', 2),
('2013_11_20_130248_create_status_labels', 2),
('2013_11_20_130830_add_status_id_on_assets_table', 2),
('2013_11_20_131544_add_status_type_on_status_labels', 2),
('2013_11_20_134103_add_archived_to_assets', 2),
('2013_11_21_002321_add_uploads_table', 2),
('2013_11_21_024531_remove_deployable_boolean_from_status_labels', 2),
('2013_11_22_075308_add_option_label_to_settings_table', 2),
('2013_11_22_213400_edits_to_settings_table', 2),
('2013_11_25_013244_create_licenses_table', 2),
('2013_11_25_031458_create_license_seats_table', 2),
('2013_11_25_032022_add_type_to_actionlog_table', 2),
('2013_11_25_033008_delete_bad_licenses_table', 2),
('2013_11_25_033131_create_new_licenses_table', 2),
('2013_11_25_033534_add_licensed_to_licenses_table', 2),
('2013_11_25_101308_add_warrantee_to_assets_table', 2),
('2013_11_25_104343_alter_warranty_column_on_assets', 2),
('2013_11_25_150450_drop_parent_from_categories', 2),
('2013_11_25_151920_add_depreciate_to_assets', 2),
('2013_11_25_152903_add_depreciate_to_licenses_table', 2),
('2013_11_26_211820_drop_license_from_assets_table', 2),
('2013_11_27_062510_add_note_to_asset_logs_table', 2),
('2013_12_01_113426_add_filename_to_asset_log', 2),
('2013_12_06_094618_add_nullable_to_licenses_table', 2),
('2013_12_10_084038_add_eol_on_models_table', 2),
('2013_12_12_055218_add_manager_to_users_table', 2),
('2014_01_28_031200_add_qr_code_to_settings_table', 2),
('2014_02_13_183016_add_qr_text_to_settings_table', 2),
('2014_05_24_093839_alter_default_license_depreciation_id', 2),
('2014_05_27_231658_alter_default_values_licenses', 2),
('2014_06_19_191508_add_asset_name_to_settings', 2),
('2014_06_20_004847_make_asset_log_checkedout_to_nullable', 2),
('2014_06_20_005050_make_asset_log_purchasedate_to_nullable', 2),
('2014_06_24_003011_add_suppliers', 2),
('2014_06_24_010742_add_supplier_id_to_asset', 2),
('2014_06_24_012839_add_zip_to_supplier', 2),
('2014_06_24_033908_add_url_to_supplier', 2),
('2014_07_08_054116_add_employee_id_to_users', 2),
('2014_07_09_134316_add_requestable_to_assets', 2),
('2014_07_17_085822_add_asset_to_software', 2),
('2014_07_17_161625_make_asset_id_in_logs_nullable', 2),
('2014_08_12_053504_alpha_0_4_2_release', 2),
('2014_08_17_083523_make_location_id_nullable', 2),
('2014_10_16_200626_add_rtd_location_to_assets', 2),
('2014_10_24_000417_alter_supplier_state_to_32', 2),
('2014_10_24_015641_add_display_checkout_date', 2),
('2014_10_28_222654_add_avatar_field_to_users_table', 2),
('2014_10_29_045924_add_image_field_to_models_table', 2),
('2014_11_01_214955_add_eol_display_to_settings', 2),
('2014_11_04_231416_update_group_field_for_reporting', 2),
('2014_11_05_212408_add_fields_to_licenses', 2),
('2014_11_07_021042_add_image_to_supplier', 2),
('2014_11_20_203007_add_username_to_user', 2),
('2014_11_20_223947_add_auto_to_settings', 2),
('2014_11_20_224421_add_prefix_to_settings', 2),
('2014_11_21_104401_change_licence_type', 2),
('2014_12_09_082500_add_fields_maintained_term_to_licenses', 2),
('2015_02_04_155757_increase_user_field_lengths', 2),
('2015_02_07_013537_add_soft_deleted_to_log', 2),
('2015_02_10_040958_fix_bad_assigned_to_ids', 2),
('2015_02_10_053310_migrate_data_to_new_statuses', 2),
('2015_02_11_044104_migrate_make_license_assigned_null', 2),
('2015_02_11_104406_migrate_create_requests_table', 2),
('2015_02_12_001312_add_mac_address_to_asset', 2),
('2015_02_12_024100_change_license_notes_type', 2),
('2015_02_17_231020_add_localonly_to_settings', 2),
('2015_02_19_222322_add_logo_and_colors_to_settings', 2),
('2015_02_24_072043_add_alerts_to_settings', 2),
('2015_02_25_022931_add_eula_fields', 2),
('2015_02_25_204513_add_accessories_table', 2),
('2015_02_26_091228_add_accessories_user_table', 2),
('2015_02_26_115128_add_deleted_at_models', 2),
('2015_02_26_233005_add_category_type', 2),
('2015_03_01_231912_update_accepted_at_to_acceptance_id', 2),
('2015_03_05_011929_add_qr_type_to_settings', 2),
('2015_03_18_055327_add_note_to_user', 2),
('2015_04_29_234704_add_slack_to_settings', 2),
('2015_05_04_085151_add_parent_id_to_locations_table', 2),
('2015_05_22_124421_add_reassignable_to_licenses', 2),
('2015_06_10_003314_fix_default_for_user_notes', 2),
('2015_06_10_003554_create_consumables', 2),
('2015_06_15_183253_move_email_to_username', 2),
('2015_06_23_070346_make_email_nullable', 2),
('2015_06_26_213716_create_asset_maintenances_table', 2),
('2015_07_09_014359_add_currency_to_settings_and_locations', 2),
('2015_07_21_122022_add_expected_checkin_date_to_asset_logs', 2),
('2015_07_24_093845_add_checkin_email_to_category_table', 2),
('2015_07_25_055415_remove_email_unique_constraint', 2),
('2015_07_29_230054_add_thread_id_to_asset_logs_table', 2),
('2015_07_31_015430_add_accepted_to_assets', 2),
('2015_09_09_195301_add_custom_css_to_settings', 2),
('2015_09_28_003314_fix_default_purchase_order', 2);

-- --------------------------------------------------------

--
-- 表的结构 `models`
--

CREATE TABLE IF NOT EXISTS `models` (
  `id` int(10) unsigned NOT NULL AUTO_INCREMENT,
  `name` varchar(255) COLLATE utf8_unicode_ci NOT NULL,
  `modelno` varchar(255) COLLATE utf8_unicode_ci DEFAULT NULL,
  `manufacturer_id` int(11) NOT NULL,
  `category_id` int(11) NOT NULL,
  `created_at` timestamp NOT NULL DEFAULT '0000-00-00 00:00:00',
  `updated_at` timestamp NOT NULL DEFAULT '0000-00-00 00:00:00',
  `depreciation_id` int(11) NOT NULL DEFAULT '0',
  `user_id` int(11) NOT NULL,
  `eol` int(11) DEFAULT '0',
  `image` varchar(255) COLLATE utf8_unicode_ci DEFAULT NULL,
  `show_mac_address` tinyint(1) NOT NULL DEFAULT '0',
  `deleted_at` timestamp NULL DEFAULT NULL,
  PRIMARY KEY (`id`)
) ENGINE=InnoDB  DEFAULT CHARSET=utf8 COLLATE=utf8_unicode_ci AUTO_INCREMENT=10 ;

--
-- 转存表中的数据 `models`
--

INSERT INTO `models` (`id`, `name`, `modelno`, `manufacturer_id`, `category_id`, `created_at`, `updated_at`, `depreciation_id`, `user_id`, `eol`, `image`, `show_mac_address`, `deleted_at`) VALUES
(1, '03', '03', 1, 1, '2015-10-31 08:21:35', '2015-10-31 08:21:35', 0, 57, 0, NULL, 0, NULL),
(2, '04', '04', 1, 2, '2015-10-31 08:21:35', '2015-10-31 08:21:35', 0, 57, 0, NULL, 0, NULL),
(3, '05', '05', 1, 3, '2015-10-31 08:21:35', '2015-10-31 08:21:35', 0, 57, 0, NULL, 0, NULL),
(4, '06', '06', 1, 4, '2015-10-31 08:21:35', '2015-10-31 08:21:35', 0, 57, 0, NULL, 0, NULL),
(5, '07', '07', 1, 5, '2015-10-31 08:21:35', '2015-10-31 08:21:35', 0, 57, 0, NULL, 0, NULL),
(6, '08', '08', 1, 6, '2015-10-31 08:21:35', '2015-10-31 08:21:35', 0, 57, 0, NULL, 0, NULL),
(7, '09', '09', 1, 7, '2015-10-31 08:21:35', '2015-10-31 08:21:35', 0, 57, 0, NULL, 0, NULL),
(8, 'G460', 'G460', 4, 1, '2015-11-03 22:31:19', '2015-11-03 22:31:19', 0, 57, 0, NULL, 0, NULL),
(9, 'ML', '1861', 4, 2, '2015-11-03 22:31:25', '2015-11-03 22:31:25', 0, 1, 0, NULL, 0, NULL);

-- --------------------------------------------------------

--
-- 表的结构 `requested_assets`
--

CREATE TABLE IF NOT EXISTS `requested_assets` (
  `id` int(10) unsigned NOT NULL AUTO_INCREMENT,
  `asset_id` int(11) NOT NULL,
  `user_id` int(11) NOT NULL,
  `accepted_at` datetime DEFAULT NULL,
  `denied_at` datetime DEFAULT NULL,
  `notes` varchar(255) COLLATE utf8_unicode_ci NOT NULL,
  `created_at` timestamp NOT NULL DEFAULT '0000-00-00 00:00:00',
  `updated_at` timestamp NOT NULL DEFAULT '0000-00-00 00:00:00',
  PRIMARY KEY (`id`)
) ENGINE=InnoDB DEFAULT CHARSET=utf8 COLLATE=utf8_unicode_ci AUTO_INCREMENT=1 ;

-- --------------------------------------------------------

--
-- 表的结构 `requests`
--

CREATE TABLE IF NOT EXISTS `requests` (
  `id` int(10) unsigned NOT NULL AUTO_INCREMENT,
  `asset_id` int(11) NOT NULL,
  `user_id` int(11) NOT NULL,
  `request_code` text COLLATE utf8_unicode_ci NOT NULL,
  `created_at` timestamp NOT NULL DEFAULT '0000-00-00 00:00:00',
  `updated_at` timestamp NOT NULL DEFAULT '0000-00-00 00:00:00',
  `deleted_at` timestamp NULL DEFAULT NULL,
  PRIMARY KEY (`id`)
) ENGINE=InnoDB DEFAULT CHARSET=utf8 COLLATE=utf8_unicode_ci AUTO_INCREMENT=1 ;

-- --------------------------------------------------------

--
-- 表的结构 `settings`
--

CREATE TABLE IF NOT EXISTS `settings` (
  `id` int(10) unsigned NOT NULL AUTO_INCREMENT,
  `created_at` timestamp NOT NULL DEFAULT '0000-00-00 00:00:00',
  `updated_at` timestamp NOT NULL DEFAULT '0000-00-00 00:00:00',
  `user_id` int(11) NOT NULL,
  `per_page` int(11) NOT NULL DEFAULT '20',
  `site_name` varchar(100) COLLATE utf8_unicode_ci NOT NULL DEFAULT 'Snipe IT Asset Management',
  `qr_code` int(11) DEFAULT NULL,
  `qr_text` varchar(32) COLLATE utf8_unicode_ci DEFAULT NULL,
  `display_asset_name` int(11) DEFAULT NULL,
  `display_checkout_date` int(11) DEFAULT NULL,
  `display_eol` int(11) DEFAULT NULL,
  `auto_increment_assets` int(11) NOT NULL DEFAULT '0',
  `auto_increment_prefix` varchar(255) COLLATE utf8_unicode_ci NOT NULL DEFAULT '0',
  `load_remote` tinyint(1) NOT NULL DEFAULT '1',
  `logo` varchar(255) COLLATE utf8_unicode_ci DEFAULT NULL,
  `header_color` varchar(255) COLLATE utf8_unicode_ci DEFAULT NULL,
  `alert_email` varchar(255) COLLATE utf8_unicode_ci DEFAULT NULL,
  `alerts_enabled` tinyint(1) NOT NULL DEFAULT '1',
  `default_eula_text` longtext COLLATE utf8_unicode_ci,
  `barcode_type` varchar(255) COLLATE utf8_unicode_ci DEFAULT 'QRCODE',
  `slack_endpoint` varchar(255) COLLATE utf8_unicode_ci DEFAULT NULL,
  `slack_channel` varchar(255) COLLATE utf8_unicode_ci DEFAULT NULL,
  `slack_botname` varchar(255) COLLATE utf8_unicode_ci DEFAULT NULL,
  `default_currency` varchar(10) COLLATE utf8_unicode_ci DEFAULT NULL,
  `custom_css` text COLLATE utf8_unicode_ci,
  `brand` int(11) NOT NULL,
  PRIMARY KEY (`id`)
) ENGINE=InnoDB  DEFAULT CHARSET=utf8 COLLATE=utf8_unicode_ci AUTO_INCREMENT=2 ;

--
-- 转存表中的数据 `settings`
--

INSERT INTO `settings` (`id`, `created_at`, `updated_at`, `user_id`, `per_page`, `site_name`, `qr_code`, `qr_text`, `display_asset_name`, `display_checkout_date`, `display_eol`, `auto_increment_assets`, `auto_increment_prefix`, `load_remote`, `logo`, `header_color`, `alert_email`, `alerts_enabled`, `default_eula_text`, `barcode_type`, `slack_endpoint`, `slack_channel`, `slack_botname`, `default_currency`, `custom_css`, `brand`) VALUES
(1, '2015-10-21 00:55:30', '2015-11-03 22:06:10', 1, 100, '办公用品管理系统', 0, '', NULL, NULL, NULL, 0, '', 0, NULL, '', '', 1, '', 'QRCODE', '', '', '', '$', '', 1);

-- --------------------------------------------------------

--
-- 表的结构 `status_labels`
--

CREATE TABLE IF NOT EXISTS `status_labels` (
  `id` int(10) unsigned NOT NULL AUTO_INCREMENT,
  `name` varchar(100) COLLATE utf8_unicode_ci NOT NULL,
  `user_id` int(11) NOT NULL,
  `created_at` timestamp NOT NULL DEFAULT '0000-00-00 00:00:00',
  `updated_at` timestamp NOT NULL DEFAULT '0000-00-00 00:00:00',
  `deleted_at` timestamp NULL DEFAULT NULL,
  `deployable` tinyint(1) NOT NULL DEFAULT '0',
  `pending` tinyint(1) NOT NULL DEFAULT '0',
  `archived` tinyint(1) NOT NULL DEFAULT '0',
  `notes` text COLLATE utf8_unicode_ci,
  PRIMARY KEY (`id`)
) ENGINE=InnoDB  DEFAULT CHARSET=utf8 COLLATE=utf8_unicode_ci AUTO_INCREMENT=8 ;

--
-- 转存表中的数据 `status_labels`
--

INSERT INTO `status_labels` (`id`, `name`, `user_id`, `created_at`, `updated_at`, `deleted_at`, `deployable`, `pending`, `archived`, `notes`) VALUES
(1, 'Ready to Deploy', 1, '2015-07-22 00:55:30', '2015-07-22 00:55:30', NULL, 1, 0, 0, ''),
(2, 'Pending', 1, '2015-07-22 00:55:30', '2015-07-22 00:55:30', NULL, 0, 1, 0, ''),
(3, 'Archived', 1, '2015-07-22 00:55:30', '2015-07-22 00:55:30', NULL, 0, 0, 1, 'These assets are permanently undeployable'),
(4, 'Out for Diagnostics', 1, '2015-07-22 00:55:30', '2015-07-22 00:55:30', NULL, 0, 0, 0, ''),
(5, 'Out for Repair', 1, '2015-07-22 00:55:30', '2015-07-22 00:55:30', NULL, 0, 0, 0, ''),
(6, 'Broken - Not Fixable', 1, '2015-07-22 00:55:30', '2015-07-22 00:55:30', NULL, 0, 0, 1, ''),
(7, 'Lost/Stolen', 1, '2015-07-22 00:55:30', '2015-07-22 00:55:30', NULL, 0, 0, 1, '');

-- --------------------------------------------------------

--
-- 表的结构 `suppliers`
--

CREATE TABLE IF NOT EXISTS `suppliers` (
  `id` int(10) unsigned NOT NULL AUTO_INCREMENT,
  `name` varchar(255) COLLATE utf8_unicode_ci NOT NULL,
  `address` varchar(50) COLLATE utf8_unicode_ci DEFAULT NULL,
  `address2` varchar(50) COLLATE utf8_unicode_ci DEFAULT NULL,
  `city` varchar(255) COLLATE utf8_unicode_ci DEFAULT NULL,
  `state` varchar(32) COLLATE utf8_unicode_ci DEFAULT NULL,
  `country` varchar(2) COLLATE utf8_unicode_ci DEFAULT NULL,
  `phone` varchar(20) COLLATE utf8_unicode_ci DEFAULT NULL,
  `fax` varchar(20) COLLATE utf8_unicode_ci DEFAULT NULL,
  `email` varchar(150) COLLATE utf8_unicode_ci DEFAULT NULL,
  `contact` varchar(100) COLLATE utf8_unicode_ci DEFAULT NULL,
  `notes` varchar(255) COLLATE utf8_unicode_ci DEFAULT NULL,
  `created_at` timestamp NOT NULL DEFAULT '0000-00-00 00:00:00',
  `updated_at` timestamp NOT NULL DEFAULT '0000-00-00 00:00:00',
  `user_id` int(11) NOT NULL,
  `deleted_at` timestamp NULL DEFAULT NULL,
  `zip` varchar(10) COLLATE utf8_unicode_ci DEFAULT NULL,
  `url` varchar(250) COLLATE utf8_unicode_ci DEFAULT NULL,
  `image` varchar(255) COLLATE utf8_unicode_ci DEFAULT NULL,
  PRIMARY KEY (`id`)
) ENGINE=InnoDB  DEFAULT CHARSET=utf8 COLLATE=utf8_unicode_ci AUTO_INCREMENT=5 ;

--
-- 转存表中的数据 `suppliers`
--

INSERT INTO `suppliers` (`id`, `name`, `address`, `address2`, `city`, `state`, `country`, `phone`, `fax`, `email`, `contact`, `notes`, `created_at`, `updated_at`, `user_id`, `deleted_at`, `zip`, `url`, `image`) VALUES
(1, '联想lenove', NULL, NULL, NULL, NULL, NULL, NULL, NULL, NULL, NULL, NULL, '2015-10-30 22:44:47', '2015-10-30 22:44:47', 57, NULL, NULL, NULL, NULL),
(2, '惠普Hp', NULL, NULL, NULL, NULL, NULL, NULL, NULL, NULL, NULL, NULL, '2015-10-30 22:45:09', '2015-10-30 22:45:09', 57, NULL, NULL, NULL, NULL),
(3, '戴尔deel', NULL, NULL, NULL, NULL, NULL, NULL, NULL, NULL, NULL, NULL, '2015-10-30 22:45:39', '2015-10-30 22:45:39', 57, NULL, NULL, NULL, NULL),
(4, '华硕ausu', '', '', '', '', '', '', '', '', '', '', '2015-10-30 23:37:16', '2015-10-30 23:37:16', 57, NULL, '', 'http://', NULL);

-- --------------------------------------------------------

--
-- 表的结构 `throttle`
--

CREATE TABLE IF NOT EXISTS `throttle` (
  `id` int(10) unsigned NOT NULL AUTO_INCREMENT,
  `user_id` int(10) unsigned DEFAULT NULL,
  `ip_address` varchar(255) COLLATE utf8_unicode_ci DEFAULT NULL,
  `attempts` int(11) NOT NULL DEFAULT '0',
  `suspended` tinyint(1) NOT NULL DEFAULT '0',
  `banned` tinyint(1) NOT NULL DEFAULT '0',
  `last_attempt_at` timestamp NULL DEFAULT NULL,
  `suspended_at` timestamp NULL DEFAULT NULL,
  `banned_at` timestamp NULL DEFAULT NULL,
  PRIMARY KEY (`id`),
  KEY `throttle_user_id_index` (`user_id`)
) ENGINE=InnoDB  DEFAULT CHARSET=utf8 COLLATE=utf8_unicode_ci AUTO_INCREMENT=48 ;

--
-- 转存表中的数据 `throttle`
--

INSERT INTO `throttle` (`id`, `user_id`, `ip_address`, `attempts`, `suspended`, `banned`, `last_attempt_at`, `suspended_at`, `banned_at`) VALUES
(1, 1, '171.212.215.206', 0, 0, 0, NULL, NULL, NULL),
(2, 1, '118.122.85.172', 0, 0, 0, NULL, NULL, NULL),
(3, 3, '118.122.85.212', 0, 0, 0, NULL, NULL, NULL),
(4, 1, '125.71.214.177', 0, 0, 0, NULL, NULL, NULL),
(5, 3, '118.122.85.148', 0, 0, 0, NULL, NULL, NULL),
(6, 3, '125.71.65.109', 0, 0, 0, NULL, NULL, NULL),
(7, 1, '118.115.185.130', 0, 0, 0, NULL, NULL, NULL),
(8, 1, '182.144.185.93', 0, 0, 0, NULL, NULL, NULL),
(9, 1, '171.217.179.149', 0, 0, 0, NULL, NULL, NULL),
(10, 1, '118.122.85.194', 0, 0, 0, NULL, NULL, NULL),
(11, 4, '118.122.85.130', 0, 0, 0, NULL, NULL, NULL),
(12, 1, '118.122.85.130', 0, 0, 0, NULL, NULL, NULL),
(13, 3, '171.88.57.61', 0, 0, 0, NULL, NULL, NULL),
(14, 1, '171.212.140.222', 0, 0, 0, NULL, NULL, NULL),
(15, 1, '118.122.85.208', 0, 0, 0, NULL, NULL, NULL),
(16, 1, '118.122.85.144', 0, 0, 0, NULL, NULL, NULL),
(17, 1, '171.88.57.61', 0, 0, 0, NULL, NULL, NULL),
(18, 57, '222.211.211.86', 0, 0, 0, NULL, NULL, NULL),
(19, 57, '171.221.63.230', 0, 0, 0, NULL, NULL, NULL),
(20, 57, '119.4.9.162', 0, 0, 0, NULL, NULL, NULL),
(21, 57, '118.113.159.77', 0, 0, 0, NULL, NULL, NULL),
(22, 57, '120.135.24.79', 0, 0, 0, NULL, NULL, NULL),
(23, 57, '171.212.214.23', 0, 0, 0, NULL, NULL, NULL),
(24, 1, '120.135.24.79', 0, 0, 0, '2015-11-03 08:34:25', NULL, NULL),
(25, 57, '119.4.70.55', 0, 0, 0, NULL, NULL, NULL),
(26, 3, '120.135.24.79', 0, 0, 0, NULL, NULL, NULL),
(27, 4, '125.71.162.177', 0, 0, 0, NULL, NULL, NULL),
(28, 57, '120.135.24.73', 0, 0, 0, NULL, NULL, NULL),
(29, 57, '171.212.140.230', 0, 0, 0, NULL, NULL, NULL),
(30, 57, '119.4.71.113', 0, 0, 0, NULL, NULL, NULL),
(31, 57, '182.144.158.69', 0, 0, 0, NULL, NULL, NULL),
(32, 57, '222.212.29.86', 0, 0, 0, NULL, NULL, NULL),
(33, 1, '120.135.24.73', 0, 0, 0, NULL, NULL, NULL),
(34, 1, '61.157.45.248', 0, 0, 0, NULL, NULL, NULL),
(35, 57, '120.135.24.69', 0, 0, 0, NULL, NULL, NULL),
(36, 57, '222.212.26.64', 0, 0, 0, NULL, NULL, NULL),
(37, 57, '112.18.79.71', 0, 0, 0, NULL, NULL, NULL),
(38, 1, '120.135.24.82', 0, 0, 0, NULL, NULL, NULL),
(39, 57, '120.135.24.77', 0, 0, 0, NULL, NULL, NULL),
(40, 57, '171.212.141.214', 0, 0, 0, NULL, NULL, NULL),
(41, 6, '101.204.175.195', 0, 0, 0, NULL, NULL, NULL),
(42, 1, '120.135.24.89', 1, 0, 0, '2016-01-21 02:41:14', NULL, NULL),
(43, 3, '120.135.24.89', 0, 0, 0, NULL, NULL, NULL),
(44, 4, '110.153.13.3', 0, 0, 0, NULL, NULL, NULL),
(45, 1, '120.135.24.74', 1, 0, 0, '2016-02-18 06:28:38', NULL, NULL),
(46, 3, '120.135.24.74', 0, 0, 0, NULL, NULL, NULL),
(47, 119, '110.153.13.3', 0, 0, 0, NULL, NULL, NULL);

-- --------------------------------------------------------

--
-- 表的结构 `users`
--

CREATE TABLE IF NOT EXISTS `users` (
  `id` int(10) unsigned NOT NULL AUTO_INCREMENT,
  `email` varchar(255) COLLATE utf8_unicode_ci DEFAULT NULL,
  `password` varchar(255) COLLATE utf8_unicode_ci NOT NULL,
  `permissions` text COLLATE utf8_unicode_ci,
  `activated` tinyint(1) NOT NULL DEFAULT '0',
  `activation_code` varchar(255) COLLATE utf8_unicode_ci DEFAULT NULL,
  `activated_at` timestamp NULL DEFAULT NULL,
  `last_login` timestamp NULL DEFAULT NULL,
  `persist_code` varchar(255) COLLATE utf8_unicode_ci DEFAULT NULL,
  `reset_password_code` varchar(255) COLLATE utf8_unicode_ci DEFAULT NULL,
  `first_name` varchar(255) COLLATE utf8_unicode_ci NOT NULL,
  `last_name` varchar(255) COLLATE utf8_unicode_ci NOT NULL,
  `created_at` timestamp NOT NULL DEFAULT '0000-00-00 00:00:00',
  `updated_at` timestamp NOT NULL DEFAULT '0000-00-00 00:00:00',
  `deleted_at` timestamp NULL DEFAULT NULL,
  `website` varchar(255) COLLATE utf8_unicode_ci DEFAULT NULL,
  `country` varchar(255) COLLATE utf8_unicode_ci DEFAULT NULL,
  `gravatar` varchar(255) COLLATE utf8_unicode_ci DEFAULT NULL,
  `location_id` int(11) DEFAULT NULL,
  `phone` varchar(20) COLLATE utf8_unicode_ci DEFAULT NULL,
  `jobtitle` varchar(100) COLLATE utf8_unicode_ci DEFAULT NULL,
  `manager_id` int(11) DEFAULT NULL,
  `employee_num` text COLLATE utf8_unicode_ci,
  `avatar` varchar(255) COLLATE utf8_unicode_ci DEFAULT NULL,
  `username` varchar(255) COLLATE utf8_unicode_ci DEFAULT NULL,
  `notes` varchar(255) COLLATE utf8_unicode_ci DEFAULT NULL,
  PRIMARY KEY (`id`),
  KEY `users_activation_code_index` (`activation_code`),
  KEY `users_reset_password_code_index` (`reset_password_code`)
) ENGINE=InnoDB  DEFAULT CHARSET=utf8 COLLATE=utf8_unicode_ci AUTO_INCREMENT=120 ;

--
-- 转存表中的数据 `users`
--

INSERT INTO `users` (`id`, `email`, `password`, `permissions`, `activated`, `activation_code`, `activated_at`, `last_login`, `persist_code`, `reset_password_code`, `first_name`, `last_name`, `created_at`, `updated_at`, `deleted_at`, `website`, `country`, `gravatar`, `location_id`, `phone`, `jobtitle`, `manager_id`, `employee_num`, `avatar`, `username`, `notes`) VALUES
(1, 'zhongzhengquan@intermaker.cn', '$2y$08$3WzG3JUB06ENSZKPXxOX2OcOymWn8n3poYlraNOPV8InjeyX2rthq', '{"admin":1,"user":1}', 1, NULL, NULL, '2015-11-13 21:05:47', '$2y$08$Qh4JSIL6vNYgMljCDDB8fOxU22ARKp6F8dJtmvU5mfU8bq2Z7JNw6', NULL, 'z', 'zq', '2015-10-21 00:55:29', '2015-11-13 21:05:47', NULL, NULL, NULL, NULL, NULL, NULL, NULL, NULL, NULL, NULL, 'zzq', 'Generated on install'),
(3, '', '$2y$08$H8pSQd83UCpV9GOLhCnA0O1zpeDArDX8tckw8SsReI3AgqMnv.WOG', '{"superuser":-1}', 1, NULL, NULL, '2016-02-18 06:28:48', '$2y$08$WbrvP0oWKFuzaE7JW7L23OaxLQOXGGLTekKHQG3eIyHX0MjWKG3Xe', NULL, '鹏祺', 'yang', '2015-10-21 14:30:39', '2016-02-18 06:28:48', NULL, NULL, NULL, NULL, NULL, '', '', NULL, '', NULL, 'ypq', ''),
(4, '', '$2y$08$BguHoNjuzAorsrQimkjVhusGc/YlIG8BEVgDUV2Y07sPspU3zT8ki', '{"superuser":-1}', 1, NULL, NULL, '2016-02-15 02:23:50', '$2y$08$WSEzc3raj642EUuOfXGDRePtJ6212Kc4rEMam5Q4x.q9nVI7nBnZi', NULL, 'test', 'test', '2015-10-21 21:28:01', '2016-02-15 02:23:50', NULL, NULL, NULL, NULL, NULL, '', '', NULL, '', NULL, 'test', ''),
(5, '', '$2y$08$rzFwWGsv9TVgD1CcCZRml.qMEhxbqKua60Mx3sKnEJmDvMDg9PnpC', '{"superuser":-1}', 1, NULL, NULL, NULL, NULL, NULL, 'test2', 'test2', '2015-10-21 21:30:19', '2015-11-13 21:18:16', NULL, NULL, NULL, NULL, NULL, '', '', NULL, '', NULL, 'test2', ''),
(6, '', '$2y$08$Ivg8GsjWRQPascMF6MjCnucB/TyCwE8PvS4Ul0iY097BxW4q2qnNu', '{"superuser":-1}', 1, NULL, NULL, '2016-01-21 02:37:30', '$2y$08$D98JrzUH4XDrbwCHSF5yQ.m9cFvoD7az/yeAEKVAp7jb2VqXsyhsC', NULL, 'yu', 'su', '2015-10-21 21:32:30', '2016-01-21 02:37:30', NULL, NULL, NULL, NULL, NULL, '', '', NULL, '', NULL, 'suyu', ''),
(57, '', '$2y$08$yx0wutDO0HNEiMjhHwSSsuvLJGIC3RorfspDOuDJcihqnrdzr3aXW', '{"superuser":-1}', 1, NULL, NULL, '2015-11-26 11:33:38', '$2y$08$qr8wjvtmKla9CkCzk7x4U.aV08BDiVh8RMSQ.Z0Xzyx9FwaznpZky', NULL, 'yuanjing', 'yuan', '2015-10-29 17:03:54', '2015-11-26 11:33:38', NULL, NULL, NULL, NULL, NULL, '', '', NULL, '', NULL, 'yj', ''),
(58, 'miranda@selfware.ch', '$2y$08$6VXOnDIgYKvwWz6iJDprjOKZ1qeZEmwJDpco84ez/MCIVcHGMeK9W', '{"user":1}', 1, NULL, NULL, NULL, NULL, NULL, 'William', ' Dixon', '2015-10-30 11:05:26', '2015-11-05 11:46:47', '2015-11-05 11:46:47', NULL, NULL, NULL, NULL, NULL, NULL, NULL, NULL, NULL, 'william.dixon', 'User imported through asset importer'),
(59, 'jesper@madefeed.cf', '$2y$08$cWbGtSQFhuhG7FEAH6BOEOf5s4GkRq.RmIO6oxTkO39EXShO5YJL.', '{"user":1}', 1, NULL, NULL, NULL, NULL, NULL, 'Debbie', ' Mullins', '2015-10-30 11:05:26', '2015-11-05 11:44:14', '2015-11-05 11:44:14', NULL, NULL, NULL, NULL, NULL, NULL, NULL, NULL, NULL, 'debbie.mullins', 'User imported through asset importer'),
(60, 'kirk@tagbase.kp', '$2y$08$NAjjqB6T1B88VAMTVt3PKu0yGleB1c8elaYywgwWErhIC/M.1I6TW', '{"user":1}', 1, NULL, NULL, NULL, NULL, NULL, 'Wolfgang', ' Mitchell', '2015-10-30 11:05:27', '2015-11-05 11:46:43', '2015-11-05 11:46:43', NULL, NULL, NULL, NULL, NULL, NULL, NULL, NULL, NULL, 'wolfgang.mitchell', 'User imported through asset importer'),
(61, 'le@tidything.ac', '$2y$08$E6GiZdpTSHf2uQez5G1sQ.P6Hioo6HCHOsQ2CmSFsAjt0MaUIy3G.', '{"user":1}', 1, NULL, NULL, NULL, NULL, NULL, 'Anne-Marie', ' Wallace', '2015-10-30 11:05:27', '2015-11-05 11:43:38', '2015-11-05 11:43:38', NULL, NULL, NULL, NULL, NULL, NULL, NULL, NULL, NULL, 'anne-marie.wallace', 'User imported through asset importer'),
(62, 'alain@quitsource.pa', '$2y$08$OtruVfNCpL9l3dsBR8De0u7kJNKld./MyjkJAtRYtSYQfLh22NLQG', '{"user":1}', 1, NULL, NULL, NULL, NULL, NULL, 'Shane', ' Booker', '2015-10-30 11:05:27', '2015-11-05 11:45:53', '2015-11-05 11:45:53', NULL, NULL, NULL, NULL, NULL, NULL, NULL, NULL, NULL, 'shane.booker', 'User imported through asset importer'),
(63, 'margaret@quitbot.tf', '$2y$08$fS274RRWjdMvYpPRZLuae.deQOAOkXgujPfbc2rVfk600mToo/oJa', '{"user":1}', 1, NULL, NULL, NULL, NULL, NULL, 'Olivier', ' Walter', '2015-10-30 11:05:27', '2015-11-05 11:45:44', '2015-11-05 11:45:44', NULL, NULL, NULL, NULL, NULL, NULL, NULL, NULL, NULL, 'olivier.walter', 'User imported through asset importer'),
(64, 'welch@busybeat.kp', '$2y$08$QBujnaRve221xCJO1dUMpeIe0GLFks78a290.6gOnugQ3FYYUt8bC', '{"user":1}', 1, NULL, NULL, NULL, NULL, NULL, 'Adrian', ' Montgomery', '2015-10-30 11:05:27', '2015-11-05 11:42:27', '2015-11-05 11:42:27', NULL, NULL, NULL, NULL, NULL, NULL, NULL, NULL, NULL, 'adrian.montgomery', 'User imported through asset importer'),
(65, 'massey@jetwords.at', '$2y$08$XXs9Qg6WkALyutfG5CrL0.YYF3diSMsALVdGxXjtovHaQT3RQH4KO', '{"user":1}', 1, NULL, NULL, NULL, NULL, NULL, 'Joan', ' Merrill', '2015-10-30 11:05:27', '2015-11-05 11:45:02', '2015-11-05 11:45:02', NULL, NULL, NULL, NULL, NULL, NULL, NULL, NULL, NULL, 'joan.merrill', 'User imported through asset importer'),
(66, 'wright@quitsource.jp', '$2y$08$T4UJ0u12iwg2XL5dn8Kg8O0CzfWC9D9XzDsEUzJ.5S2ZoizQbI6ja', '{"user":1}', 1, NULL, NULL, NULL, NULL, NULL, 'Stella', ' Gilmore', '2015-10-30 11:05:27', '2015-11-05 11:45:56', '2015-11-05 11:45:56', NULL, NULL, NULL, NULL, NULL, NULL, NULL, NULL, NULL, 'stella.gilmore', 'User imported through asset importer'),
(67, 'rivera@lowwerk.lv', '$2y$08$N5nbGRKYa6MLMhbQUkiBeunQ5OZIB40E9w8J2skbSqzb2XXXzdcrC', '{"user":1}', 1, NULL, NULL, NULL, NULL, NULL, 'Georgina', ' Wiley', '2015-10-30 11:05:27', '2015-11-05 11:44:33', '2015-11-05 11:44:33', NULL, NULL, NULL, NULL, NULL, NULL, NULL, NULL, NULL, 'georgina.wiley', 'User imported through asset importer'),
(68, 'jane@tagbot.tc', '$2y$08$BjDnoEo4iGie2qwAQ2sP7OG.ab3Lc/VBzNI1IJ1iBxttgqoNuiNa2', '{"user":1}', 1, NULL, NULL, NULL, NULL, NULL, 'Barry', ' Hudson', '2015-10-30 11:05:27', '2015-11-05 11:43:41', '2015-11-05 11:43:41', NULL, NULL, NULL, NULL, NULL, NULL, NULL, NULL, NULL, 'barry.hudson', 'User imported through asset importer'),
(69, 'jim.douglas@quitpower.si', '$2y$08$4gt7js7XAyKXu12dclQeIuUSvL7PPllB/bUQZPlS.SGpXqzbnI7m6', '{"user":1}', 1, NULL, NULL, NULL, NULL, NULL, 'Leigh', ' Stewart', '2015-10-30 11:05:27', '2015-11-05 11:45:19', '2015-11-05 11:45:19', NULL, NULL, NULL, NULL, NULL, NULL, NULL, NULL, NULL, 'leigh.stewart', 'User imported through asset importer'),
(70, 'nigel.blackburn@gigabase.md', '$2y$08$58DJa1R6khWbSsMi3njWZ.k4TuwAkTrfNRCcZj8xUCg1BsZrlgmb6', '{"user":1}', 1, NULL, NULL, NULL, NULL, NULL, 'Travis', ' Flynn', '2015-10-30 11:05:27', '2015-11-05 11:46:26', '2015-11-05 11:46:26', NULL, NULL, NULL, NULL, NULL, NULL, NULL, NULL, NULL, 'travis.flynn', 'User imported through asset importer'),
(71, 'sanders@madeclicks.travel', '$2y$08$HGKCakeeN9bUmO0AmGYOkOSHxsl49aKAdR5MKxU8Rxq6UIlZiVMz2', '{"user":1}', 1, NULL, NULL, NULL, NULL, NULL, 'Edward', ' Park', '2015-10-30 11:05:27', '2015-11-05 11:44:27', '2015-11-05 11:44:27', NULL, NULL, NULL, NULL, NULL, NULL, NULL, NULL, NULL, 'edward.park', 'User imported through asset importer'),
(72, 'lester@getdesk.at', '$2y$08$NA9kPvMYqsUR3fisZiacxugWSmBUH1AZGRBclBNHiZBkpOAnyWCpK', '{"user":1}', 1, NULL, NULL, NULL, NULL, NULL, 'Stig', ' Molina', '2015-10-30 11:05:27', '2015-11-05 11:46:00', '2015-11-05 11:46:00', NULL, NULL, NULL, NULL, NULL, NULL, NULL, NULL, NULL, 'stig.molina', 'User imported through asset importer'),
(73, 'ali.hobbs@gigawerk.gu', '$2y$08$vnfAEo5HRrlDNiUesScZKuTzJc4z7QRZ2WD9sVwTQuQsMQvEWHvMK', '{"user":1}', 1, NULL, NULL, NULL, NULL, NULL, 'Bruce', ' Watts', '2015-10-30 11:05:27', '2015-11-05 11:43:56', '2015-11-05 11:43:56', NULL, NULL, NULL, NULL, NULL, NULL, NULL, NULL, NULL, 'bruce.watts', 'User imported through asset importer'),
(74, 'michelle.daniel@presssource.sk', '$2y$08$pW2i0CrLvvPe2UVlHsOrqu2V304GRB.igXW9cadFzJtATWUIIXEUi', '{"user":1}', 1, NULL, NULL, NULL, NULL, NULL, 'Lincoln', ' Soto', '2015-10-30 11:05:27', '2015-11-05 11:45:22', '2015-11-05 11:45:22', NULL, NULL, NULL, NULL, NULL, NULL, NULL, NULL, NULL, 'lincoln.soto', 'User imported through asset importer'),
(75, 'charles@chatspace.th', '$2y$08$KyA080rszgbHRk5PS1onrOg8W0fFSioHUaoC3YTuV6ygy4Joyubl2', '{"user":1}', 1, NULL, NULL, NULL, NULL, NULL, 'Camilla', ' Morrison', '2015-10-30 11:05:27', '2015-11-05 11:43:59', '2015-11-05 11:43:59', NULL, NULL, NULL, NULL, NULL, NULL, NULL, NULL, NULL, 'camilla.morrison', 'User imported through asset importer'),
(76, 'stafford@rollthing.nf', '$2y$08$RdU0EXNDzRehSuwwtWtpfe02osaCIItJEAOMPeM7Imc8ka3a.RGjq', '{"user":1}', 1, NULL, NULL, NULL, NULL, NULL, 'Josie', ' English', '2015-10-30 11:05:28', '2015-11-05 11:45:05', '2015-11-05 11:45:05', NULL, NULL, NULL, NULL, NULL, NULL, NULL, NULL, NULL, 'josie.english', 'User imported through asset importer'),
(77, 'johan.cook@pressbit.ai', '$2y$08$ZZtoluotI6f4I3HbZR1LN.hAlX4ouIl32.BsTsE/yRgz2lkLs4J02', '{"user":1}', 1, NULL, NULL, NULL, NULL, NULL, 'Alia', ' Salazar', '2015-10-30 11:05:28', '2015-11-05 11:43:19', '2015-11-05 11:43:19', NULL, NULL, NULL, NULL, NULL, NULL, NULL, NULL, NULL, 'alia.salazar', 'User imported through asset importer'),
(78, 'coral.le@chatsource.dj', '$2y$08$7rV1uDlJaCRFi706AMv5fud8nQZscVjgAhe9n7adAeqjoEkJL3Hpa', '{"user":1}', 1, NULL, NULL, NULL, NULL, NULL, 'Beth', ' Sweeney', '2015-10-30 11:05:28', '2015-11-05 11:43:52', '2015-11-05 11:43:52', NULL, NULL, NULL, NULL, NULL, NULL, NULL, NULL, NULL, 'beth.sweeney', 'User imported through asset importer'),
(79, 'lydia@rollsimple.tp', '$2y$08$T8HCAnQ4y2sg5gVumsx0M.fN66nPJ3AhsNJqcs4Qx4Nl9PSm9r.WC', '{"user":1}', 1, NULL, NULL, NULL, NULL, NULL, 'Stig', ' Bender', '2015-10-30 11:05:28', '2015-11-05 11:46:03', '2015-11-05 11:46:03', NULL, NULL, NULL, NULL, NULL, NULL, NULL, NULL, NULL, 'stig.bender', 'User imported through asset importer'),
(80, 'villarreal@selfserv.sg', '$2y$08$ieugdMCDiRPjKVnbIOASk.tQUVvKTQ13zM/z.e9JkKNVYVEGv28hq', '{"user":1}', 1, NULL, NULL, NULL, NULL, NULL, 'Angelique', ' Lindsay', '2015-10-30 11:05:28', '2015-11-05 11:43:34', '2015-11-05 11:43:34', NULL, NULL, NULL, NULL, NULL, NULL, NULL, NULL, NULL, 'angelique.lindsay', 'User imported through asset importer'),
(81, 'raimonds@gigadesk.bd', '$2y$08$gXTG5NDjoshMIvVCXFcWAu.OKSbwUxbPvc.LXkLPn72yDgVMPpwEu', '{"user":1}', 1, NULL, NULL, NULL, NULL, NULL, 'Guillermo', ' Black', '2015-10-30 11:05:28', '2015-11-05 11:44:39', '2015-11-05 11:44:39', NULL, NULL, NULL, NULL, NULL, NULL, NULL, NULL, NULL, 'guillermo.black', 'User imported through asset importer'),
(82, 'campos@fuelserv.bg', '$2y$08$LHUCPoWydYoEfDUSVrN7XOEVLqqHsz2EP6Z0FfjoS8jHMXZvFxOr.', '{"user":1}', 1, NULL, NULL, NULL, NULL, NULL, 'Christof', ' Castaneda', '2015-10-30 11:05:28', '2015-11-05 11:44:05', '2015-11-05 11:44:05', NULL, NULL, NULL, NULL, NULL, NULL, NULL, NULL, NULL, 'christof.castaneda', 'User imported through asset importer'),
(83, 'antony@busybase.eu', '$2y$08$sNQu9UBd1b21kQw72BkYO.X2cksNGcAyapXzrVjTvnWeCaycEkp16', '{"user":1}', 1, NULL, NULL, NULL, NULL, NULL, 'Chloe', ' Chen', '2015-10-30 11:05:28', '2015-11-05 11:44:02', '2015-11-05 11:44:02', NULL, NULL, NULL, NULL, NULL, NULL, NULL, NULL, NULL, 'chloe.chen', 'User imported through asset importer'),
(84, 'bjorn@jetwerk.hn', '$2y$08$6EdyIhTPKpMfVmuQLd9V5OgIN484TdphXdr/mdSDsLFZvo1uZxWCa', '{"user":1}', 1, NULL, NULL, NULL, NULL, NULL, 'Andreas', ' McCann', '2015-10-30 11:05:28', '2015-11-05 11:43:27', '2015-11-05 11:43:27', NULL, NULL, NULL, NULL, NULL, NULL, NULL, NULL, NULL, 'andreas.mccann', 'User imported through asset importer'),
(85, 'dragan.graves@quitdesk.cg', '$2y$08$1wFpefUtSy2CyyPUwYt6nu/qeUWKXyY8z.yVF2bDgJX19KdQWRpi6', '{"user":1}', 1, NULL, NULL, NULL, NULL, NULL, 'Owen', ' Buckley', '2015-10-30 11:05:28', '2015-11-05 11:45:47', '2015-11-05 11:45:47', NULL, NULL, NULL, NULL, NULL, NULL, NULL, NULL, NULL, 'owen.buckley', 'User imported through asset importer'),
(86, 'arnold.henderson@earlybeat.cz', '$2y$08$8cVTaOS2G0mEQBjZCYexVOtko5F32UQXYyZ0nf1OZvdPfI0nTDBQq', '{"user":1}', 1, NULL, NULL, NULL, NULL, NULL, 'Damian', ' Serrano', '2015-10-30 11:05:28', '2015-11-05 11:44:11', '2015-11-05 11:44:11', NULL, NULL, NULL, NULL, NULL, NULL, NULL, NULL, NULL, 'damian.serrano', 'User imported through asset importer'),
(87, 'tobias@tagbase.hk', '$2y$08$8sRKrqWvHfPLkTOUPellBuOUa2r9UwCLkjq1n0QGVlR7AGCm8swUK', '{"user":1}', 1, NULL, NULL, NULL, NULL, NULL, 'Vicky', ' Petty', '2015-10-30 11:05:28', '2015-11-05 11:46:35', '2015-11-05 11:46:35', NULL, NULL, NULL, NULL, NULL, NULL, NULL, NULL, NULL, 'vicky.petty', 'User imported through asset importer'),
(88, 'adrian@fuellive.hu', '$2y$08$rZdcRPRhgs6urVXVeCkfM.yCiMZ9.uDfAuysRmCgbKek5xuIb2Hq2', '{"user":1}', 1, NULL, NULL, NULL, NULL, NULL, 'Reginald', ' Wong', '2015-10-30 11:05:28', '2015-11-05 11:45:50', '2015-11-05 11:45:50', NULL, NULL, NULL, NULL, NULL, NULL, NULL, NULL, NULL, 'reginald.wong', 'User imported through asset importer'),
(89, 'claudio.potts@rollblog.nz', '$2y$08$EDecCThcAfUdWF8jq85GouwrDIMd1NH0tndj6utQGSvO/fc2VQq1.', '{"user":1}', 1, NULL, NULL, NULL, NULL, NULL, 'Belinda', ' Gillespie', '2015-10-30 11:05:28', '2015-11-05 11:43:49', '2015-11-05 11:43:49', NULL, NULL, NULL, NULL, NULL, NULL, NULL, NULL, NULL, 'belinda.gillespie', 'User imported through asset importer'),
(90, 'guillermo@madewerk.ca', '$2y$08$1Bx3270kMUWYAqB8ATl2o.PrwYv3NeJLUG6/XSt4yl9ckPB59XNAa', '{"user":1}', 1, NULL, NULL, NULL, NULL, NULL, 'Isidro', ' Kelly', '2015-10-30 11:05:28', '2015-11-05 11:44:43', '2015-11-05 11:44:43', NULL, NULL, NULL, NULL, NULL, NULL, NULL, NULL, NULL, 'isidro.kelly', 'User imported through asset importer'),
(91, 'ballard@getserv.nr', '$2y$08$QUdapXhEl5Cjby0H6ThRXOn17u9EUKnKzizfay17yGEAMWgWCnlCa', '{"user":1}', 1, NULL, NULL, NULL, NULL, NULL, 'Kris', ' Carlson', '2015-10-30 11:05:28', '2015-11-05 11:45:13', '2015-11-05 11:45:13', NULL, NULL, NULL, NULL, NULL, NULL, NULL, NULL, NULL, 'kris.carlson', 'User imported through asset importer'),
(92, 'ilia.dunlap@rollsource.af', '$2y$08$JbQhTCqwcDmNOEXMXRmFQ.JZZFtM4o8XvxfLyw2HdPPLDJxgfIlpC', '{"user":1}', 1, NULL, NULL, NULL, NULL, NULL, 'Ivo', ' May', '2015-10-30 11:05:28', '2015-11-05 11:44:45', '2015-11-05 11:44:45', NULL, NULL, NULL, NULL, NULL, NULL, NULL, NULL, NULL, 'ivo.may', 'User imported through asset importer'),
(93, 'jenkins@tagclicks.gt', '$2y$08$X2SWJSaICymlpTOR7GV0h.RYXPMlRFu2iYDMLsQkftbLCnUmXysam', '{"user":1}', 1, NULL, NULL, NULL, NULL, NULL, 'Valery', ' Bailey', '2015-10-30 11:05:28', '2015-11-05 11:46:31', '2015-11-05 11:46:31', NULL, NULL, NULL, NULL, NULL, NULL, NULL, NULL, NULL, 'valery.bailey', 'User imported through asset importer'),
(94, 'huynh@busybase.sh', '$2y$08$FSyOfoekCQ1AnuhUgO9iVeks306UezKmcM9YCGgJ47PABO0Q4U9pq', '{"user":1}', 1, NULL, NULL, NULL, NULL, NULL, 'Edna', ' Hunt', '2015-10-30 11:05:29', '2015-11-05 11:44:20', '2015-11-05 11:44:20', NULL, NULL, NULL, NULL, NULL, NULL, NULL, NULL, NULL, 'edna.hunt', 'User imported through asset importer'),
(95, 'anderson@fussbit.do', '$2y$08$Gg5HJNOsbwNffyxd3CNH0e4BeosThEzpKqhMdhzGNG8Fu.6pcFHsa', '{"user":1}', 1, NULL, NULL, NULL, NULL, NULL, 'Debbie', ' Padilla', '2015-10-30 11:05:29', '2015-11-05 11:44:17', '2015-11-05 11:44:17', NULL, NULL, NULL, NULL, NULL, NULL, NULL, NULL, NULL, 'debbie.padilla', 'User imported through asset importer'),
(96, 'russell.blake@tagserv.tt', '$2y$08$Ou1A8MNWxO7A57SiyVljue7AXXKTlSNii7vRBVVfmeep3PLpmO1HW', '{"user":1}', 1, NULL, NULL, NULL, NULL, NULL, 'Michael', ' Carlson', '2015-10-30 11:05:29', '2015-11-05 11:45:25', '2015-11-05 11:45:25', NULL, NULL, NULL, NULL, NULL, NULL, NULL, NULL, NULL, 'michael.carlson', 'User imported through asset importer'),
(97, 'jorgen@putbase.mz', '$2y$08$N5BZvg7tqgg8psRXhnO1X.Tgkb6QNAMZB8v3eIofptZLwbJozS/OG', '{"user":1}', 1, NULL, NULL, NULL, NULL, NULL, 'Jay', ' Marsh', '2015-10-30 11:05:29', '2015-11-05 11:44:52', '2015-11-05 11:44:52', NULL, NULL, NULL, NULL, NULL, NULL, NULL, NULL, NULL, 'jay.marsh', 'User imported through asset importer'),
(98, 'clay@jetlive.ms', '$2y$08$7Ta6Kzzpz4hEufQcjWh2WOh3etZgbKUvvfxO8H.WTrMFllBr.D92K', '{"user":1}', 1, NULL, NULL, NULL, NULL, NULL, 'Lawrence', ' Golden', '2015-10-30 11:05:29', '2015-11-05 11:45:16', '2015-11-05 11:45:16', NULL, NULL, NULL, NULL, NULL, NULL, NULL, NULL, NULL, 'lawrence.golden', 'User imported through asset importer'),
(99, 'salazar@shutsphere.fo', '$2y$08$IwPegrQKD0myxV2SNjL0bOS17w5Ce715NpFhwF4UcZiRnqE.uiwlG', '{"user":1}', 1, NULL, NULL, NULL, NULL, NULL, 'Jean', ' Paul Mayer', '2015-10-30 11:05:29', '2015-11-05 11:44:55', '2015-11-05 11:44:55', NULL, NULL, NULL, NULL, NULL, NULL, NULL, NULL, NULL, 'jean.paulmayer', 'User imported through asset importer'),
(100, 'daisy.dunlap@selfware.ca', '$2y$08$5MysaguQogJIKtRhauocEe2YCFhGRapzLYPHQAJ1oTEe8s7Dj4vDS', '{"user":1}', 1, NULL, NULL, NULL, NULL, NULL, 'Kieran', ' McIntyre', '2015-10-30 11:05:29', '2015-11-05 11:45:10', '2015-11-05 11:45:10', NULL, NULL, NULL, NULL, NULL, NULL, NULL, NULL, NULL, 'kieran.mcintyre', 'User imported through asset importer'),
(101, 'almir.carson@putunit.gn', '$2y$08$H8ZbpEPC99akwMUGJQ6peuGlFxHkNi3TLMWrGg.Ooa4h/KP.72B6y', '{"user":1}', 1, NULL, NULL, NULL, NULL, NULL, 'Amy', ' Singleton', '2015-10-30 11:05:29', '2015-11-05 11:43:24', '2015-11-05 11:43:24', NULL, NULL, NULL, NULL, NULL, NULL, NULL, NULL, NULL, 'amy.singleton', 'User imported through asset importer'),
(102, 'sharon@tidyware.nf', '$2y$08$ykRTDEdtSPF5sb85c7SH2eTFhB1mn/UtwW30TBqU.KWeZLfszIgq6', '{"user":1}', 1, NULL, NULL, NULL, NULL, NULL, 'Justine', ' Buck', '2015-10-30 11:05:29', '2015-11-05 11:45:07', '2015-11-05 11:45:07', NULL, NULL, NULL, NULL, NULL, NULL, NULL, NULL, NULL, 'justine.buck', 'User imported through asset importer'),
(103, 'jane.montoya@fuelblog.my', '$2y$08$WkJb8IWs3l3IhCmviw0aPODYfwhHaqIGTG5IeDH6a71QIYYMY5CgW', '{"user":1}', 1, NULL, NULL, NULL, NULL, NULL, 'Clifton', ' Watkins', '2015-10-30 11:05:29', '2015-11-05 11:44:08', '2015-11-05 11:44:08', NULL, NULL, NULL, NULL, NULL, NULL, NULL, NULL, NULL, 'clifton.watkins', 'User imported through asset importer'),
(104, 'debbie@rollclicks.in', '$2y$08$eB5BT0KTNAmHQ1X8F3lsaOnr/F12uKD2GxhCWTacwx0fSHQez6tLe', '{"user":1}', 1, NULL, NULL, NULL, NULL, NULL, 'Javier', ' Goodman', '2015-10-30 11:05:29', '2015-11-05 11:44:49', '2015-11-05 11:44:49', NULL, NULL, NULL, NULL, NULL, NULL, NULL, NULL, NULL, 'javier.goodman', 'User imported through asset importer'),
(105, 'sarah@mybit.edu', '$2y$08$hZDFMcCzvEiPCgxiplS7wOCdZIUQdLNK3IOlrX3qpelMrMhdZEoeG', '{"user":1}', 1, NULL, NULL, NULL, NULL, NULL, 'Andreas', ' Cross', '2015-10-30 11:05:29', '2015-11-05 11:43:31', '2015-11-05 11:43:31', NULL, NULL, NULL, NULL, NULL, NULL, NULL, NULL, NULL, 'andreas.cross', 'User imported through asset importer'),
(106, 'brett@getblog.ga', '$2y$08$xg1fXNNif5XCynEkK9iLVO5pxG6/qtoCKDLOKKHdgTfsEBfMSaDFy', '{"user":1}', 1, NULL, NULL, NULL, NULL, NULL, 'Michael', ' Hudson', '2015-10-30 11:05:29', '2015-11-05 11:45:28', '2015-11-05 11:45:28', NULL, NULL, NULL, NULL, NULL, NULL, NULL, NULL, NULL, 'michael.hudson', 'User imported through asset importer'),
(107, 'ayala@earlywerk.bo', '$2y$08$3Bu5ONc6kesR7uxxS1EZteuSH1La3uVNstWkTBXugS8ZZjpqX1Vpy', '{"user":1}', 1, NULL, NULL, NULL, NULL, NULL, 'Travis', ' Sullivan', '2015-10-30 11:05:29', '2015-11-05 11:46:39', '2015-11-05 11:46:39', NULL, NULL, NULL, NULL, NULL, NULL, NULL, NULL, NULL, 'travis.sullivan', 'User imported through asset importer'),
(108, '@', '$2y$08$q2PjKLNrga4uUdo7LntG4O4Rmdcs9cZEqq6mVjb3Hw3No/Jgr5wrO', '{"user":1}', 1, NULL, NULL, NULL, NULL, NULL, '', '', '2015-10-30 11:07:10', '2015-11-04 00:04:21', '2015-11-04 00:04:21', NULL, NULL, NULL, NULL, NULL, NULL, NULL, NULL, NULL, '', 'User imported through asset importer'),
(109, 'aaa@qq.com', '$2y$08$wl0APY0wTrQO763ptG8Hqe2Hgv0fbt.r.B.MkN4n5YCVqiXiYTVH6', '{"user":1,"superuser":-1}', 1, NULL, NULL, NULL, NULL, NULL, 'aaa', 'jack', '2015-10-30 11:07:11', '2015-11-05 11:43:15', '2015-11-05 11:43:15', NULL, NULL, NULL, NULL, '', '', 93, '', NULL, 'bbbb', 'User imported through asset importer'),
(110, 'g', '$2y$08$YCnBHeFzIupbJGySKBnMZ.lEWhlOxYVZFxgWgty2Suy955W1cAGfe', '{"user":1}', 1, NULL, NULL, NULL, NULL, NULL, 'g', '', '2015-10-30 11:07:11', '2015-11-05 11:44:30', '2015-11-05 11:44:30', NULL, NULL, NULL, NULL, NULL, NULL, NULL, NULL, NULL, 'g', 'User imported through asset importer'),
(111, 'ney', '$2y$08$jSBspeGgZeCtsdXBQXdc3ev6/knNg6su5UjMQYtCpV6Z1krsyWKf.', '{"user":1}', 1, NULL, NULL, NULL, NULL, NULL, 'Ney', '', '2015-10-30 11:07:11', '2015-11-05 11:45:38', '2015-11-05 11:45:38', NULL, NULL, NULL, NULL, NULL, NULL, NULL, NULL, NULL, 'ney', 'User imported through asset importer'),
(112, 'o9n9n@', '$2y$08$rI1bdbHERS8kWIuhj96DxOYqn3AvpMRsvXGS2V5yQfv.12xRVIksC', '{"user":1}', 1, NULL, NULL, NULL, NULL, NULL, 'O9N9N', '', '2015-10-30 11:07:11', '2015-11-05 11:45:41', '2015-11-05 11:45:41', NULL, NULL, NULL, NULL, NULL, NULL, NULL, NULL, NULL, 'o9n9n', 'User imported through asset importer'),
(113, 't', '$2y$08$YQw0d8UIpx9Kiqseq8wWZ.MRdqziPWgR0.Q.7nO8y4uwzS3ojqE.y', '{"user":1}', 1, NULL, NULL, NULL, NULL, NULL, 'T', '', '2015-10-30 11:07:11', '2015-11-05 11:46:22', '2015-11-05 11:46:22', NULL, NULL, NULL, NULL, NULL, NULL, NULL, NULL, NULL, 't', 'User imported through asset importer'),
(114, 'n', '$2y$08$6cSmXgSEBiv7Y8dwFYep3uiHKmmHQOwOjy6vNgE24hYvYS7hzWtCm', '{"user":1}', 1, NULL, NULL, NULL, NULL, NULL, 'N', '', '2015-10-30 11:07:11', '2015-11-05 11:45:31', '2015-11-05 11:45:31', NULL, NULL, NULL, NULL, NULL, NULL, NULL, NULL, NULL, 'n', 'User imported through asset importer'),
(115, 'n+t>f:yhv@', '$2y$08$bNUfwzvWy4pokYT1khIWXOOIUVssp0sHTM0UlXrmVRsZ/xjEOr7g.', '{"user":1}', 1, NULL, NULL, NULL, NULL, NULL, 'N+T>f:yhV', '', '2015-10-30 11:07:11', '2015-11-05 11:45:34', '2015-11-05 11:45:34', NULL, NULL, NULL, NULL, NULL, NULL, NULL, NULL, NULL, 'n+t>f:yhv', 'User imported through asset importer'),
(116, 'yy(u@', '$2y$08$ddrjGsIxxFMw9dQUXie7s.B7x.sclE3FgkQXh/bgBwaMODIZ4N4a2', '{"user":1}', 1, NULL, NULL, NULL, NULL, NULL, 'YY(u', '', '2015-10-30 11:07:12', '2015-11-05 11:46:57', '2015-11-05 11:46:57', NULL, NULL, NULL, NULL, NULL, NULL, NULL, NULL, NULL, 'yy(u', 'User imported through asset importer'),
(117, 'gl', '$2y$08$1uB3TIKegbENyvEYwqQcce6lhcc8kjJHrAxQH9Gy5I/nqljAATuDa', '{"user":1}', 1, NULL, NULL, NULL, NULL, NULL, 'gl', '', '2015-10-30 11:07:12', '2015-11-05 11:44:36', '2015-11-05 11:44:36', NULL, NULL, NULL, NULL, NULL, NULL, NULL, NULL, NULL, 'gl', 'User imported through asset importer'),
(118, 'yps:g@', '$2y$08$0wXnCSBVT4oWybInZlzNfesltbqSDxswyFTrvvA2o27XU4EoHQcTO', '{"user":1}', 1, NULL, NULL, NULL, NULL, NULL, 'YpS:g', '', '2015-10-30 11:07:12', '2015-11-05 11:46:51', '2015-11-05 11:46:51', NULL, NULL, NULL, NULL, NULL, NULL, NULL, NULL, NULL, 'yps:g', 'User imported through asset importer'),
(119, '', '$2y$08$5itBkV4PxNO5Rp1rVHlnseCAhpBi.R9Oe07U/E73K8hrvQ3A/9j8O', '{"superuser":-1}', 1, NULL, NULL, '2016-02-18 06:35:43', '$2y$08$lKNVjtXehN7mo7pRiG8MAeTzTAi1Ig.FOxepnfIi/DPIa8a/kEcMe', NULL, '梁辉', '梁辉', '2016-02-18 06:31:28', '2016-02-18 06:35:43', NULL, NULL, NULL, NULL, NULL, '', '', NULL, '', NULL, 'liangh', '');

-- --------------------------------------------------------

--
-- 表的结构 `users_groups`
--

CREATE TABLE IF NOT EXISTS `users_groups` (
  `user_id` int(10) unsigned NOT NULL,
  `group_id` int(10) unsigned NOT NULL,
  PRIMARY KEY (`user_id`,`group_id`)
) ENGINE=InnoDB DEFAULT CHARSET=utf8 COLLATE=utf8_unicode_ci;

--
-- 转存表中的数据 `users_groups`
--

INSERT INTO `users_groups` (`user_id`, `group_id`) VALUES
(1, 1),
(3, 1),
(3, 2),
(3, 3),
(4, 1),
(4, 2),
(4, 3),
(5, 1),
(5, 2),
(6, 1),
(6, 2),
(6, 3),
(7, 3),
(8, 3),
(9, 3),
(10, 3),
(11, 3),
(12, 3),
(13, 3),
(14, 3),
(15, 3),
(16, 3),
(17, 3),
(18, 3),
(19, 3),
(20, 3),
(21, 3),
(22, 3),
(23, 3),
(24, 3),
(25, 3),
(26, 3),
(27, 3),
(28, 3),
(29, 3),
(30, 3),
(31, 3),
(32, 3),
(33, 3),
(34, 3),
(35, 3),
(36, 3),
(37, 3),
(38, 3),
(39, 3),
(40, 3),
(41, 3),
(42, 3),
(43, 3),
(44, 3),
(45, 3),
(46, 3),
(47, 3),
(48, 3),
(49, 3),
(50, 3),
(51, 3),
(52, 3),
(53, 3),
(54, 3),
(55, 3),
(56, 3),
(57, 1),
(57, 2),
(57, 3),
(119, 1);

/*!40101 SET CHARACTER_SET_CLIENT=@OLD_CHARACTER_SET_CLIENT */;
/*!40101 SET CHARACTER_SET_RESULTS=@OLD_CHARACTER_SET_RESULTS */;
/*!40101 SET COLLATION_CONNECTION=@OLD_COLLATION_CONNECTION */;
