-- MySQL dump 10.13  Distrib 5.5.46, for debian-linux-gnu (x86_64)
--
-- Host: localhost    Database: snipeit
-- ------------------------------------------------------
-- Server version	5.5.46-0ubuntu0.14.04.2

/*!40101 SET @OLD_CHARACTER_SET_CLIENT=@@CHARACTER_SET_CLIENT */;
/*!40101 SET @OLD_CHARACTER_SET_RESULTS=@@CHARACTER_SET_RESULTS */;
/*!40101 SET @OLD_COLLATION_CONNECTION=@@COLLATION_CONNECTION */;
/*!40101 SET NAMES utf8 */;
/*!40103 SET @OLD_TIME_ZONE=@@TIME_ZONE */;
/*!40103 SET TIME_ZONE='+00:00' */;
/*!40014 SET @OLD_UNIQUE_CHECKS=@@UNIQUE_CHECKS, UNIQUE_CHECKS=0 */;
/*!40014 SET @OLD_FOREIGN_KEY_CHECKS=@@FOREIGN_KEY_CHECKS, FOREIGN_KEY_CHECKS=0 */;
/*!40101 SET @OLD_SQL_MODE=@@SQL_MODE, SQL_MODE='NO_AUTO_VALUE_ON_ZERO' */;
/*!40111 SET @OLD_SQL_NOTES=@@SQL_NOTES, SQL_NOTES=0 */;

--
-- Table structure for table `08投影仪`
--

DROP TABLE IF EXISTS `08投影仪`;
/*!40101 SET @saved_cs_client     = @@character_set_client */;
/*!40101 SET character_set_client = utf8 */;
CREATE TABLE `08投影仪` (
  `序号` varchar(255) DEFAULT NULL,
  `单位` varchar(255) DEFAULT NULL,
  `资产   编码` varchar(255) DEFAULT NULL,
  `办公用 品编号` varchar(255) DEFAULT NULL,
  `资产名称` varchar(255) DEFAULT NULL,
  `规格型号` varchar(255) DEFAULT NULL,
  `制造厂家` varchar(255) DEFAULT NULL,
  `投产日期` varchar(255) DEFAULT NULL,
  `计量单位` varchar(255) DEFAULT NULL,
  `数量` varchar(255) DEFAULT NULL,
  `存放地点` varchar(255) DEFAULT NULL,
  `存放地` varchar(255) DEFAULT NULL,
  `备注` varchar(255) DEFAULT NULL
) ENGINE=MyISAM DEFAULT CHARSET=utf8;
/*!40101 SET character_set_client = @saved_cs_client */;

--
-- Dumping data for table `08投影仪`
--

LOCK TABLES `08投影仪` WRITE;
/*!40000 ALTER TABLE `08投影仪` DISABLE KEYS */;
INSERT INTO `08投影仪` VALUES ('1','公司办公室','','G080100','爱普生投影仪','EMP1810','爱普生','2008.2','台','1','良好','310室','修复备用'),('2','公司办公室','','G080101','爱普生投影仪','EMP1810','爱普生','2008.2','台','1','良好','310室','修复备用'),('3','公司办公室','','G080102','明基投影仪','MX615+','明基','','台','1','良好','三楼会议室',''),('4','公司办公室','','G080103','宏基投影机','P1203','宏基','','台','1','良好','二楼会议室',''),('5','公司办公室','','G080104','爱普生投影仪','EMP-7900','爱普生','2008.4','台','1','良好','二楼综合会议室',''),('6','公司办公室','','G080105','明基投影仪','短焦投影仪','明基','','台','1','良好','二楼综合会议室','王皓处未还'),('7','质量安全环保科','','G080106','惠普投影仪','HPVP6120','惠普','2010/6/23','台','1','良好','612',''),('8','物资供应站','','G080107','明基投影仪','','明基',' 2011-09-20','台','1','良好','杨蕾',''),('9','钻具井控服务公司','','G080109','三菱投影仪','XL2U','三菱','','台','1','良好','A2楼会议室',''),('10','钻具井控服务公司','','G080110','三菱投影仪','XL2U','三菱','','台','1','良好','轮南现场技术服务队','新配'),('11','钻具井控服务公司','','G080111','日立投影仪','CP-HX2075A','日立','','台','1','良好','井控维修队','新配'),('1','公司办公室','','G090100','索尼摄像机','1080','索尼','','台','1','良好','310','党群科借用'),('2','公司办公室','','G090101','夏普液晶电视机','AQUOS','夏普','','台','1','良好','二楼综合会议室',''),('3','公司办公室','','G090102','HKC显示器','19寸','HKC','2014.1','台','1','良好','二楼综合会议室',''),('4','党群工作科','','G090103','科密碎纸机','S-728','科密','2008','台','1','良好','602',''),('5','党群工作科','','G090104','索尼摄像机','HVR-PD190P','索尼','2006','台','1','差','609',''),('6','党群工作科','','G090105','索尼摄像机','HVR-Z5C','索尼','2008','台','1','良好','609',''),('7','监察科','','G090106','科密碎纸机','C_638','科密','2012.08','台','1','良好','606',''),('8','人事劳资科','','G090107','惠普扫描仪','Hp scanjet5590','惠普','无','台','1','良好','507',''),('9','企管计划科','','G090108','联想液晶显示器','L197wA','联想','2009.02.01','台','1','良好','范星晨','兼容机用'),('10','企管计划科','','G090109','联想液晶显示器','2121','联想','2010.01','台','1','良好','张平','兼容机用'),('11','企管计划科','','G090110','惠普扫描仪','FCLSD-0605','惠普','2012.03.29','台','1','良好','403',''),('12','企管计划科','','G090111','惠普扫描仪','Scanjet G4050','惠普','2012.03.29','台','1','良好','408',''),('13','企管计划科','','G090112','佳能扫描仪','LiDE110','佳能','2012.05.07','台','1','良好','410',''),('14','企管计划科','','G090113','科密碎纸机','S-728','科密','不详','台','1','良好','402',''),('15','市场开发科','','G090114','联想液晶显示器','','联想','2013.09.20','台','1','良好','黄松',''),('16','市场开发科','','G090115','佳能扫描仪','LIDE 600F','佳能','不详','台','1','良好','周孝佳',''),('17','市场开发科','','G090116','科密碎纸机','C-638','科密','不详','台','1','良好','309',''),('18','市场开发科','','G090117','科密碎纸机','S-728','科密','不详','台','1','良好','313',''),('19','生产运行科','','G090118','联想液晶显示器','LXM-WL198H','联想','2008/5/21','台','1','良好','任文峰','台式机用'),('20','生产运行科','','G090119','惠科液晶显示器','S988A','惠科','','台','1','良好','牛晓彤','台式机用'),('21','生产运行科','','G090120','三星液晶显示器','SyncMasterS2213310','三星','2012/12/6','台','1','良好','孙勇','台式机用'),('22','生产运行科','','G090121','清华同方液晶显示器','LB563B-EA','南京LG','2001/11/23','台','1','良好','暂无人使用','待报废'),('23','生产运行科','','G090122','长城液晶显示器','W9J','长城','2006-2-15','台','1','良好','梁新祥、火建中','台式机用'),('24','生产运行科','','G090123','联想液晶显示器','ICES/NMB-003','联想','2012-1-17','台','1','良好','石玉建','台式机用'),('25','生产运行科','','G090124','方正液晶显示器','FZ780-NG','北大方正','','台','1','良好','暂无人使用','台式机用'),('26','生产运行科','','G090125','惠科液晶显示器','I816','惠科','','台','1','良好','公用电脑','台式机用'),('27','生产运行科','','G090126','佳能传真机','FAX-L120J','佳能','','台','2','良好','梁新祥、火建中',''),('28','生产运行科','','G090127','佳能传真机','FAX-L120J','佳能','','台','2','良好','梁新祥、火建中',''),('29','生产运行科','','G090128','科密碎纸机','C-638','科密','','台','1','良好','公用',''),('30','生产运行科','','G090129','科密碎纸机','3738','科密','','台','1','良好','公用','暂搁置调度值班室'),('31','生产运行科','','G090130','索尼数码录音棒','ICD-UX533F','索尼','','个','1','良好','牛晓彤、罗晓宇',''),('32','生产运行科','','G090131','希捷移动硬盘','SRD00F1 500GB','希捷','','个','1','良好','杨坤',''),('33','生产运行科','','G090132','希捷移动硬盘','SRD00F1 500GB','细节','','个','1','良好','牛晓彤、罗晓宇',''),('34','生产运行科','','G090133','视频监控系统（含四块屏幕+台式电脑一台）','LT2024WA','联想','2014/1/15','台','1','良好','','安装队监控视频'),('35','财务资产科','','G090134','金图装订机','NB 208','金图','2013/9/1','台','1','良好','成本组',''),('36','财务资产科','','G090135','联想传真机','M3120','联想','2011/12/1','台','1','良好','会计组',''),('37','财务资产科','','G090136','三木碎纸机','三木 SD9310','三木','2010/12/1','台','1','良好','会计组',''),('38','财务资产科','','G090137','增值税票扫描仪','AV710','虹光','2009/12/1','部','1','良好','税金组',''),('39','财务资产科','','G090138','增值税开票机','SK-800II','虹光','2009/12/2','部','1','良好','税金组',''),('40','财务资产科','','G090139','三木碎纸机','三木 SD9310','三木','2007/12/1','台','1','良好','407室',''),('41','财务资产科','','G090140','科密碎纸机','科密 C-738','科密','2006/12/1','台','1','良好','出纳室',''),('42','财务资产科','','G090141','验钞机','WJD-HP-5003R','新疆华平','2005/12/1',' ','1','良好','出纳室',''),('43','财务资产科','','G090142','天神保险柜','神宝','天神','2004/12/1','台','1','良好','出纳室',''),('44','工程技术科','','G090143','佳能扫描仪','Lide110','佳能','无','台','1','良好','张代荣',''),('45','工程技术科','','G090144','佳能扫描仪','Lide680F','佳能','无','台','1','已修未用','杨斐',''),('46','工程技术科','','G090145','科密碎纸机','C-638','科密','无','台','1','良好','陈立',''),('47','工程技术科','','G090146','科密碎纸机','C-638','科密','无','台','1','良好','汪世明',''),('48','工程技术科','','G090147','科密碎纸机','3638','科密','无','台','1','良好','许从德',''),('49','装备科','','G090148','索尼摄象机','VPC—SH1','索尼','2010.08','台','1','良好','510',''),('50','装备科','','G090149','深高科美摄象机','','深高科美','2010.08','台','1','良好','510',''),('51','质量安全环保科','','G090150','佳能扫描仪','K10318','佳能','2011/8/20','台','1','良好','612',''),('52','工程技术服务公司','','G090151','联想扫描仪','Canoscan Lide 110','联想','2011.6.8','台','1','良好','齐玉才','轮南实验室'),('53','钻具井控服务公司','','G090152','松下复印机','DP-8016P-PK','松下','','台','1','良好','刘曲',''),('54','钻具井控服务公司','','G090153','中晶扫描仪','6180','中晶','','台','1','良好','A313',''),('55','钻具井控服务公司','','G090154','佳能扫描仪','佳能LIDE110','佳能','','台','1','良好','蒋龙','新配'),('56','钻具井控服务公司','','G090155','亚太过塑机','320','亚太','2012.08','台','1','良好','代振娜','新配'),('57','生产生活服务公司','','G090156','佳能扫描仪','CanoScanLIDE110','佳能','2013','台','','良好','石英','');
/*!40000 ALTER TABLE `08投影仪` ENABLE KEYS */;
UNLOCK TABLES;

--
-- Table structure for table `accessories`
--

DROP TABLE IF EXISTS `accessories`;
/*!40101 SET @saved_cs_client     = @@character_set_client */;
/*!40101 SET character_set_client = utf8 */;
CREATE TABLE `accessories` (
  `id` int(10) unsigned NOT NULL AUTO_INCREMENT,
  `name` varchar(255) COLLATE utf8_unicode_ci DEFAULT NULL,
  `category_id` int(11) DEFAULT NULL,
  `user_id` int(11) DEFAULT NULL,
  `qty` int(11) NOT NULL DEFAULT '0',
  `requestable` tinyint(1) NOT NULL DEFAULT '0',
  `created_at` timestamp NOT NULL DEFAULT '0000-00-00 00:00:00',
  `updated_at` timestamp NOT NULL DEFAULT '0000-00-00 00:00:00',
  `deleted_at` timestamp NULL DEFAULT NULL,
  `location_id` int(11) DEFAULT NULL,
  PRIMARY KEY (`id`)
) ENGINE=InnoDB DEFAULT CHARSET=utf8 COLLATE=utf8_unicode_ci;
/*!40101 SET character_set_client = @saved_cs_client */;

--
-- Dumping data for table `accessories`
--

LOCK TABLES `accessories` WRITE;
/*!40000 ALTER TABLE `accessories` DISABLE KEYS */;
/*!40000 ALTER TABLE `accessories` ENABLE KEYS */;
UNLOCK TABLES;

--
-- Table structure for table `accessories_users`
--

DROP TABLE IF EXISTS `accessories_users`;
/*!40101 SET @saved_cs_client     = @@character_set_client */;
/*!40101 SET character_set_client = utf8 */;
CREATE TABLE `accessories_users` (
  `id` int(10) unsigned NOT NULL AUTO_INCREMENT,
  `user_id` int(11) DEFAULT NULL,
  `accessory_id` int(11) DEFAULT NULL,
  `assigned_to` int(11) DEFAULT NULL,
  `created_at` timestamp NOT NULL DEFAULT '0000-00-00 00:00:00',
  `updated_at` timestamp NOT NULL DEFAULT '0000-00-00 00:00:00',
  PRIMARY KEY (`id`)
) ENGINE=InnoDB DEFAULT CHARSET=utf8 COLLATE=utf8_unicode_ci;
/*!40101 SET character_set_client = @saved_cs_client */;

--
-- Dumping data for table `accessories_users`
--

LOCK TABLES `accessories_users` WRITE;
/*!40000 ALTER TABLE `accessories_users` DISABLE KEYS */;
/*!40000 ALTER TABLE `accessories_users` ENABLE KEYS */;
UNLOCK TABLES;

--
-- Table structure for table `asset_logs`
--

DROP TABLE IF EXISTS `asset_logs`;
/*!40101 SET @saved_cs_client     = @@character_set_client */;
/*!40101 SET character_set_client = utf8 */;
CREATE TABLE `asset_logs` (
  `id` int(10) unsigned NOT NULL AUTO_INCREMENT,
  `user_id` int(11) NOT NULL,
  `action_type` varchar(255) COLLATE utf8_unicode_ci NOT NULL,
  `asset_id` int(11) DEFAULT NULL,
  `checkedout_to` int(11) DEFAULT NULL,
  `location_id` int(11) DEFAULT NULL,
  `created_at` datetime DEFAULT '0000-00-00 00:00:00',
  `asset_type` varchar(100) COLLATE utf8_unicode_ci DEFAULT NULL,
  `note` text COLLATE utf8_unicode_ci,
  `filename` text COLLATE utf8_unicode_ci,
  `updated_at` timestamp NOT NULL DEFAULT '0000-00-00 00:00:00',
  `deleted_at` timestamp NULL DEFAULT NULL,
  `requested_at` datetime DEFAULT NULL,
  `accepted_at` datetime DEFAULT NULL,
  `accessory_id` int(11) DEFAULT NULL,
  `accepted_id` int(11) DEFAULT NULL,
  `consumable_id` int(11) DEFAULT NULL,
  `expected_checkin` date DEFAULT NULL,
  `thread_id` int(11) DEFAULT NULL,
  PRIMARY KEY (`id`),
  KEY `asset_logs_thread_id_index` (`thread_id`)
) ENGINE=InnoDB AUTO_INCREMENT=11 DEFAULT CHARSET=utf8 COLLATE=utf8_unicode_ci;
/*!40101 SET character_set_client = @saved_cs_client */;

--
-- Dumping data for table `asset_logs`
--

LOCK TABLES `asset_logs` WRITE;
/*!40000 ALTER TABLE `asset_logs` DISABLE KEYS */;
INSERT INTO `asset_logs` VALUES (1,119,'添加资产',1,NULL,NULL,'2016-05-13 15:07:51','hardware','',NULL,'2016-05-13 07:07:51',NULL,NULL,NULL,NULL,NULL,NULL,NULL,NULL),(2,119,'uploaded',256,NULL,NULL,'2016-05-14 01:15:40','hardware','','hardware-256-SmwJYjPg-1png.png','2016-05-13 17:15:40',NULL,NULL,NULL,NULL,NULL,NULL,NULL,NULL),(3,119,'删除资产',947,NULL,NULL,'2016-05-15 02:08:46','hardware','',NULL,'2016-05-14 18:08:46',NULL,NULL,NULL,NULL,NULL,NULL,NULL,NULL),(4,119,'删除资产',947,NULL,NULL,'2016-05-15 02:14:21','hardware','',NULL,'2016-05-14 18:14:21',NULL,NULL,NULL,NULL,NULL,NULL,NULL,NULL),(5,119,'更新资产',8,NULL,NULL,'2016-05-18 09:42:39','hardware','',NULL,'2016-05-18 01:42:39',NULL,NULL,NULL,NULL,NULL,NULL,NULL,NULL),(6,119,'更新资产',8,NULL,NULL,'2016-05-18 09:43:12','hardware','',NULL,'2016-05-18 01:43:12',NULL,NULL,NULL,NULL,NULL,NULL,NULL,NULL),(7,119,'更新资产',103,NULL,NULL,'2016-05-18 09:46:53','hardware','',NULL,'2016-05-18 01:46:53',NULL,NULL,NULL,NULL,NULL,NULL,NULL,NULL),(8,119,'更新资产',103,NULL,NULL,'2016-05-18 09:48:08','hardware','',NULL,'2016-05-18 01:48:08',NULL,NULL,NULL,NULL,NULL,NULL,NULL,NULL),(9,119,'更新资产',8,NULL,NULL,'2016-05-18 09:49:13','hardware','',NULL,'2016-05-18 01:49:13',NULL,NULL,NULL,NULL,NULL,NULL,NULL,NULL),(10,119,'更新资产',11,NULL,NULL,'2016-05-18 10:53:45','hardware','',NULL,'2016-05-18 02:53:45',NULL,NULL,NULL,NULL,NULL,NULL,NULL,NULL);
/*!40000 ALTER TABLE `asset_logs` ENABLE KEYS */;
UNLOCK TABLES;

--
-- Table structure for table `asset_maintenances`
--

DROP TABLE IF EXISTS `asset_maintenances`;
/*!40101 SET @saved_cs_client     = @@character_set_client */;
/*!40101 SET character_set_client = utf8 */;
CREATE TABLE `asset_maintenances` (
  `id` int(10) unsigned NOT NULL AUTO_INCREMENT,
  `asset_id` int(10) unsigned NOT NULL,
  `supplier_id` int(10) unsigned NOT NULL,
  `asset_maintenance_type` enum('Maintenance','Repair','Upgrade') COLLATE utf8_unicode_ci NOT NULL,
  `title` varchar(100) COLLATE utf8_unicode_ci NOT NULL,
  `is_warranty` tinyint(1) NOT NULL,
  `start_date` date NOT NULL,
  `completion_date` date DEFAULT NULL,
  `asset_maintenance_time` int(11) DEFAULT NULL,
  `notes` longtext COLLATE utf8_unicode_ci,
  `cost` decimal(10,2) DEFAULT NULL,
  `deleted_at` datetime DEFAULT NULL,
  `created_at` timestamp NOT NULL DEFAULT '0000-00-00 00:00:00',
  `updated_at` timestamp NOT NULL DEFAULT '0000-00-00 00:00:00',
  PRIMARY KEY (`id`)
) ENGINE=InnoDB AUTO_INCREMENT=3 DEFAULT CHARSET=utf8 COLLATE=utf8_unicode_ci;
/*!40101 SET character_set_client = @saved_cs_client */;

--
-- Dumping data for table `asset_maintenances`
--

LOCK TABLES `asset_maintenances` WRITE;
/*!40000 ALTER TABLE `asset_maintenances` DISABLE KEYS */;
INSERT INTO `asset_maintenances` VALUES (1,4,4,'','abc',0,'2015-11-08','2015-11-09',NULL,'aaa',10.00,NULL,'2015-11-07 08:15:23','2015-11-07 08:15:23'),(2,244,4,'','cab',1,'2015-11-01','2015-11-11',NULL,'aaaa',10.00,NULL,'2015-11-07 16:32:43','2015-11-07 16:32:43');
/*!40000 ALTER TABLE `asset_maintenances` ENABLE KEYS */;
UNLOCK TABLES;

--
-- Table structure for table `asset_uploads`
--

DROP TABLE IF EXISTS `asset_uploads`;
/*!40101 SET @saved_cs_client     = @@character_set_client */;
/*!40101 SET character_set_client = utf8 */;
CREATE TABLE `asset_uploads` (
  `id` int(10) unsigned NOT NULL AUTO_INCREMENT,
  `user_id` int(11) NOT NULL,
  `filename` varchar(255) COLLATE utf8_unicode_ci NOT NULL,
  `asset_id` int(11) NOT NULL,
  `filenotes` varchar(255) COLLATE utf8_unicode_ci NOT NULL,
  `created_at` timestamp NOT NULL DEFAULT '0000-00-00 00:00:00',
  `updated_at` timestamp NOT NULL DEFAULT '0000-00-00 00:00:00',
  `deleted_at` timestamp NULL DEFAULT NULL,
  PRIMARY KEY (`id`)
) ENGINE=InnoDB DEFAULT CHARSET=utf8 COLLATE=utf8_unicode_ci;
/*!40101 SET character_set_client = @saved_cs_client */;

--
-- Dumping data for table `asset_uploads`
--

LOCK TABLES `asset_uploads` WRITE;
/*!40000 ALTER TABLE `asset_uploads` DISABLE KEYS */;
/*!40000 ALTER TABLE `asset_uploads` ENABLE KEYS */;
UNLOCK TABLES;

--
-- Table structure for table `assets`
--

DROP TABLE IF EXISTS `assets`;
/*!40101 SET @saved_cs_client     = @@character_set_client */;
/*!40101 SET character_set_client = utf8 */;
CREATE TABLE `assets` (
  `id` int(10) unsigned NOT NULL AUTO_INCREMENT,
  `name` varchar(255) COLLATE utf8_unicode_ci DEFAULT NULL COMMENT '部门',
  `asset_tag` varchar(255) COLLATE utf8_unicode_ci DEFAULT NULL,
  `size` varchar(255) COLLATE utf8_unicode_ci DEFAULT NULL COMMENT '规格型号',
  `purchase_date` date DEFAULT NULL,
  `purchase_cost` decimal(13,4) NOT NULL DEFAULT '0.0000',
  `order_number` varchar(255) COLLATE utf8_unicode_ci DEFAULT NULL,
  `assigned_to` int(11) DEFAULT NULL,
  `notes` text COLLATE utf8_unicode_ci COMMENT '备注',
  `user_id` int(11) NOT NULL,
  `created_at` timestamp NOT NULL DEFAULT '0000-00-00 00:00:00',
  `updated_at` timestamp NOT NULL DEFAULT '0000-00-00 00:00:00',
  `physical` tinyint(1) NOT NULL DEFAULT '1',
  `deleted_at` timestamp NULL DEFAULT NULL,
  `status_id` int(11) DEFAULT NULL,
  `archived` tinyint(1) NOT NULL DEFAULT '0',
  `warranty_months` int(3) DEFAULT NULL,
  `depreciate` tinyint(1) NOT NULL DEFAULT '0',
  `model_id` int(11) DEFAULT NULL COMMENT '设备类别',
  `requestable` tinyint(4) NOT NULL DEFAULT '0',
  `rtd_location_id` int(11) DEFAULT NULL,
  `mac_address` varchar(255) COLLATE utf8_unicode_ci DEFAULT NULL,
  `accepted` enum('pending','accepted','rejected') COLLATE utf8_unicode_ci DEFAULT NULL,
  `product_number` varchar(100) COLLATE utf8_unicode_ci DEFAULT NULL COMMENT '设备编号',
  `product_code` varchar(100) COLLATE utf8_unicode_ci DEFAULT NULL COMMENT '资产编码',
  `base_code` varchar(100) COLLATE utf8_unicode_ci DEFAULT NULL COMMENT '出厂编号',
  `address` varchar(100) COLLATE utf8_unicode_ci DEFAULT NULL COMMENT '使用岗位 (使用地方)',
  `owner` varchar(100) COLLATE utf8_unicode_ci DEFAULT NULL COMMENT '使用人 （保管人）',
  `user_check` varchar(100) COLLATE utf8_unicode_ci DEFAULT NULL COMMENT '出厂时间',
  `money_way` varchar(100) COLLATE utf8_unicode_ci DEFAULT NULL COMMENT '资金渠道',
  `sugguset` varchar(100) COLLATE utf8_unicode_ci DEFAULT NULL COMMENT '拟报废或更新意见',
  `manufacturer_id` int(11) DEFAULT NULL COMMENT '生产厂家',
  PRIMARY KEY (`id`)
) ENGINE=InnoDB AUTO_INCREMENT=948 DEFAULT CHARSET=utf8 COLLATE=utf8_unicode_ci;
/*!40101 SET character_set_client = @saved_cs_client */;

--
-- Dumping data for table `assets`
--

LOCK TABLES `assets` WRITE;
/*!40000 ALTER TABLE `assets` DISABLE KEYS */;
INSERT INTO `assets` VALUES (1,'党群科',NULL,'扬天R4900D',NULL,0.0000,NULL,NULL,'',1,'2016-05-13 16:02:55','2016-05-13 16:02:55',1,NULL,3,0,12,0,3,0,NULL,NULL,NULL,'B0010033','','BS01760636','工会','王辉','2014.6','','',1),(2,'党群科',NULL,'Ideacentre K3 R1',NULL,0.0000,NULL,NULL,'',1,'2016-05-13 16:02:55','2016-05-13 16:02:55',1,NULL,3,0,12,0,3,0,NULL,NULL,NULL,'B0010035','14030105012347','NS13845066','维稳办','孟轲','2011.6','','',1),(3,'党群科',NULL,'扬天M6880N',NULL,0.0000,NULL,NULL,'',1,'2016-05-13 16:02:55','2016-05-13 16:02:55',1,NULL,3,0,12,0,3,0,NULL,NULL,NULL,'B0010034','14030101000042','NS14339087','维稳办','迪丽努尔','2010.11','','',1),(4,'党群科',NULL,'开天M4700',NULL,0.0000,NULL,NULL,'',1,'2016-05-13 16:02:55','2016-05-13 16:02:55',1,NULL,3,0,12,0,3,0,NULL,NULL,NULL,'','15019901000337','SA07346736','党群科','屈天航','2008.6','','',1),(5,'党群科',NULL,'启天4360-B063',NULL,0.0000,NULL,NULL,'',1,'2016-05-13 16:02:55','2016-05-13 16:02:55',1,NULL,3,0,12,0,3,0,NULL,NULL,NULL,'','','NA21285862','党群科','于波','2013.1','','',1),(6,'党群科',NULL,'开天M4700',NULL,0.0000,NULL,NULL,'',1,'2016-05-13 16:02:55','2016-05-13 16:02:55',1,NULL,3,0,12,0,3,0,NULL,NULL,NULL,'','15019901000356','NA09689427','党群科','丁小明','2008.5','','',1),(7,'党群科',NULL,'10CO-0005CD',NULL,0.0000,NULL,NULL,'',1,'2016-05-13 16:02:55','2016-05-13 16:02:55',1,NULL,3,0,12,0,3,0,NULL,NULL,NULL,'','','','党群科','肖磊','','','',1),(8,'北疆项目部',NULL,'Ideacentre K3 R1',NULL,0.0000,NULL,NULL,'2016年5月18日有党群工作科调拨至北疆项目部，设备完好，无损坏，硬盘已要求格式化。',1,'2016-05-13 16:02:55','2016-05-18 01:49:13',1,NULL,3,0,12,0,3,0,0,NULL,NULL,'','','','北疆项目部','张子腾','2012.7','','',1),(9,'党群科',NULL,'扬天R4900D',NULL,0.0000,NULL,NULL,'',1,'2016-05-13 16:02:55','2016-05-13 16:02:55',1,NULL,3,0,12,0,3,0,NULL,NULL,NULL,'','','BS01760635','工会','刘欣','2014.6','','',1),(10,'党群科',NULL,'SL400',NULL,0.0000,NULL,NULL,'',1,'2016-05-13 16:02:55','2016-05-13 16:02:55',1,NULL,3,0,12,0,4,0,NULL,NULL,NULL,'','14030105006207','27437HC','党群科','肖磊','2008.12','','',1),(11,'党群科',NULL,'IBM  T61',NULL,0.0000,NULL,NULL,'',1,'2016-05-13 16:02:55','2016-05-18 02:53:45',1,NULL,3,0,12,0,4,0,0,NULL,NULL,'','14039901000075','SLM3-FH192','党群科','','2010.9','','',1),(12,'党群科',NULL,'X220-A94',NULL,0.0000,NULL,NULL,'',1,'2016-05-13 16:02:55','2016-05-13 16:02:55',1,NULL,3,0,12,0,4,0,NULL,NULL,NULL,'','14030105013963','4287A94','党群科','丁小明','2012.12','','',1),(13,'党群科',NULL,'X220-A94',NULL,0.0000,NULL,NULL,'',1,'2016-05-13 16:02:55','2016-05-13 16:02:55',1,NULL,3,0,12,0,4,0,NULL,NULL,NULL,'','14030105013964','4287A94','党群科','于波','2013.12','','',1),(14,'党群科',NULL,'M1005-MFP',NULL,0.0000,NULL,NULL,'',1,'2016-05-13 16:02:55','2016-05-13 16:02:55',1,NULL,3,0,12,0,5,0,NULL,NULL,NULL,'','','','工会','田学平','2008.12','','',12),(15,'党群科',NULL,'HP-LaserJet-1010',NULL,0.0000,NULL,NULL,'',1,'2016-05-13 16:02:55','2016-05-13 16:02:55',1,NULL,3,0,12,0,5,0,NULL,NULL,NULL,'','','','维稳办','孟轲','2008.12','','',12),(16,'党群科',NULL,'FAX-L170',NULL,0.0000,NULL,NULL,'',1,'2016-05-13 16:02:55','2016-05-13 16:02:55',1,NULL,3,0,12,0,10,0,NULL,NULL,NULL,'','','','党群科','肖磊','2008.12','','',21),(17,'党群科',NULL,'FAX-L160',NULL,0.0000,NULL,NULL,'',1,'2016-05-13 16:02:55','2016-05-13 16:02:55',1,NULL,3,0,12,0,10,0,NULL,NULL,NULL,'','','','工会','王辉','2008.12','','',21),(18,'党群科',NULL,'SF-565PR',NULL,0.0000,NULL,NULL,'',1,'2016-05-13 16:02:55','2016-05-13 16:02:55',1,NULL,3,0,12,0,10,0,NULL,NULL,NULL,'','14030202001678','9F40BASB','维稳办','迪丽努尔','2012.12','','',41),(19,'党群科',NULL,'HP-LaserJet-3020',NULL,0.0000,NULL,NULL,'',1,'2016-05-13 16:02:55','2016-05-13 16:02:55',1,NULL,3,0,12,0,10,0,NULL,NULL,NULL,'','15019901000245','Q2665A','党群科','屈天航','2008.1','','',12),(20,'党群科',NULL,'190P',NULL,0.0000,NULL,NULL,'',1,'2016-05-13 16:02:55','2016-05-13 16:02:55',1,NULL,3,0,12,0,11,0,NULL,NULL,NULL,'','14039901000073','319312','党群科','','2008.12','','',19),(21,'党群科',NULL,' HVR-Z5C',NULL,0.0000,NULL,NULL,'',1,'2016-05-13 16:02:55','2016-05-13 16:02:55',1,NULL,3,0,12,0,11,0,NULL,NULL,NULL,'','15060201000081','314659','党群科','','2010.9','','',19),(22,'党群科',NULL,'D300',NULL,0.0000,NULL,NULL,'',1,'2016-05-13 16:02:55','2016-05-13 16:02:55',1,NULL,3,0,12,0,12,0,NULL,NULL,NULL,'','14039901000074','7041170','党群科','','2008.12','','',11),(23,'党群科',NULL,'D700',NULL,0.0000,NULL,NULL,'',1,'2016-05-13 16:02:55','2016-05-13 16:02:55',1,NULL,3,0,12,0,12,0,NULL,NULL,NULL,'','15060201000082','2345541','党群科','','2010.12','','',11),(24,'党群科',NULL,'D800',NULL,0.0000,NULL,NULL,'',1,'2016-05-13 16:02:55','2016-05-13 16:02:55',1,NULL,3,0,12,0,12,0,NULL,NULL,NULL,'','14030299000446','9055958','党群科','','2005.12','','',11),(25,'监察科',NULL,'LS2233WC',NULL,0.0000,NULL,NULL,'',1,'2016-05-13 16:02:55','2016-05-13 16:02:55',1,NULL,3,0,12,0,3,0,NULL,NULL,NULL,'','','','605办公室 ','范志明','2014.8','','',1),(26,'监察科',NULL,'LS2233WC',NULL,0.0000,NULL,NULL,'',1,'2016-05-13 16:02:55','2016-05-13 16:02:55',1,NULL,3,0,12,0,3,0,NULL,NULL,NULL,'B0010037','','','606办公室','张晶晶','2014.1','','',1),(27,'监察科',NULL,'L2021MA',NULL,0.0000,NULL,NULL,'',1,'2016-05-13 16:02:55','2016-05-13 16:02:55',1,NULL,3,0,12,0,3,0,NULL,NULL,NULL,'B0010036','','','606办公室','罗腾月','2010.11','','',1),(28,'监察科',NULL,'LS2023WC',NULL,0.0000,NULL,NULL,'',1,'2016-05-13 16:02:55','2016-05-13 16:02:55',1,NULL,3,0,12,0,3,0,NULL,NULL,NULL,'B0010038','','','606办公室','戈兵','2012.11','','',1),(29,'监察科',NULL,'COREi3',NULL,0.0000,NULL,NULL,'',1,'2016-05-13 16:02:55','2016-05-13 16:02:55',1,NULL,3,0,12,0,4,0,NULL,NULL,NULL,'B0020050','','','605办公室','公用','2013.2','','',1),(30,'监察科',NULL,'COREi3',NULL,0.0000,NULL,NULL,'',1,'2016-05-13 16:02:55','2016-05-13 16:02:55',1,NULL,3,0,12,0,4,0,NULL,NULL,NULL,'B0020051','','','606办公室','公用','2010.4','','',1),(31,'监察科',NULL,'CNUCO92',NULL,0.0000,NULL,NULL,'',1,'2016-05-13 16:02:55','2016-05-13 16:02:55',1,NULL,3,0,12,0,4,0,NULL,NULL,NULL,'B0020052','','','606办公室','公用','2014.5','','',12),(32,'监察科',NULL,'M1216',NULL,0.0000,NULL,NULL,'',1,'2016-05-13 16:02:55','2016-05-13 16:02:55',1,NULL,3,0,12,0,5,0,NULL,NULL,NULL,'','','','605办公室','范志明','2013.6','','',12),(33,'监察科',NULL,'M1319',NULL,0.0000,NULL,NULL,'',1,'2016-05-13 16:02:55','2016-05-13 16:02:55',1,NULL,3,0,12,0,5,0,NULL,NULL,NULL,'B0030008','','','606办公室','公用','2013.6','','',12),(34,'监察科',NULL,'DS126251',NULL,0.0000,NULL,NULL,'',1,'2016-05-13 16:02:55','2016-05-13 16:02:55',1,NULL,3,0,12,0,7,0,NULL,NULL,NULL,'B0050012','','','605办公室 ','公用','2012.5','','',21),(35,'监察科',NULL,'DSC-HX400',NULL,0.0000,NULL,NULL,'',1,'2016-05-13 16:02:55','2016-05-13 16:02:55',1,NULL,3,0,12,0,7,0,NULL,NULL,NULL,'B0050013','','','606办公室','公用','2014.7','','',19),(36,'人事劳资科',NULL,'兼容机',NULL,0.0000,NULL,NULL,'',1,'2016-05-13 16:02:55','2016-05-13 16:02:55',1,NULL,3,0,12,0,3,0,NULL,NULL,NULL,'','','','','王勇','2013.4','','',42),(37,'人事劳资科',NULL,'扬天T5900v',NULL,0.0000,NULL,NULL,'',1,'2016-05-13 16:02:55','2016-05-13 16:02:55',1,NULL,3,0,12,0,3,0,NULL,NULL,NULL,'','','','','刘鑫','2009.12','','',1),(38,'人事劳资科',NULL,'开天M6900',NULL,0.0000,NULL,NULL,'',1,'2016-05-13 16:02:55','2016-05-13 16:02:55',1,NULL,3,0,12,0,3,0,NULL,NULL,NULL,'','','','','邹丽华','2008.12','','',1),(39,'人事劳资科',NULL,'开天B6600',NULL,0.0000,NULL,NULL,'',1,'2016-05-13 16:02:55','2016-05-13 16:02:55',1,NULL,3,0,12,0,3,0,NULL,NULL,NULL,'','','','','邹丽华','2008.1','','',1),(40,'人事劳资科',NULL,'兼容机',NULL,0.0000,NULL,NULL,'',1,'2016-05-13 16:02:55','2016-05-13 16:02:55',1,NULL,3,0,12,0,3,0,NULL,NULL,NULL,'','','','','庞文君','2013.4','','',42),(41,'人事劳资科',NULL,'扬天T5900v',NULL,0.0000,NULL,NULL,'',1,'2016-05-13 16:02:55','2016-05-13 16:02:55',1,NULL,3,0,12,0,3,0,NULL,NULL,NULL,'','','','','周坚','2009.12','','',1),(42,'人事劳资科',NULL,'扬天T5900v',NULL,0.0000,NULL,NULL,'',1,'2016-05-13 16:02:55','2016-05-13 16:02:55',1,NULL,3,0,12,0,3,0,NULL,NULL,NULL,'','','','','杨建军','2009.12','','',1),(43,'人事劳资科',NULL,'扬天T5900v',NULL,0.0000,NULL,NULL,'',1,'2016-05-13 16:02:55','2016-05-13 16:02:55',1,NULL,3,0,12,0,3,0,NULL,NULL,NULL,'','','','','滕宏亮','2009.12','','',1),(44,'人事劳资科',NULL,'扬天M4630d',NULL,0.0000,NULL,NULL,'',1,'2016-05-13 16:02:55','2016-05-13 16:02:55',1,NULL,3,0,12,0,3,0,NULL,NULL,NULL,'','','','','刘爱华','2012.10','','',1),(45,'人事劳资科',NULL,'扬天T5900v',NULL,0.0000,NULL,NULL,'',1,'2016-05-13 16:02:55','2016-05-13 16:02:55',1,NULL,3,0,12,0,3,0,NULL,NULL,NULL,'','','','','刘玉学','2008.10','','',1),(46,'人事劳资科',NULL,'开天M6900',NULL,0.0000,NULL,NULL,'',1,'2016-05-13 16:02:55','2016-05-13 16:02:55',1,NULL,3,0,12,0,3,0,NULL,NULL,NULL,'','','','','伍丹丹','2008.10','','',1),(47,'人事劳资科',NULL,'扬天M6880N',NULL,0.0000,NULL,NULL,'',1,'2016-05-13 16:02:55','2016-05-13 16:02:55',1,NULL,3,0,12,0,3,0,NULL,NULL,NULL,'','','','','谢方伟','2010.11','','',1),(48,'人事劳资科',NULL,'扬天T4900v',NULL,0.0000,NULL,NULL,'',1,'2016-05-13 16:02:55','2016-05-13 16:02:55',1,NULL,3,0,12,0,3,0,NULL,NULL,NULL,'','','','','白文兵','2009.11','','',1),(49,'人事劳资科',NULL,'vostro',NULL,0.0000,NULL,NULL,'',1,'2016-05-13 16:02:55','2016-05-13 16:02:55',1,NULL,3,0,12,0,3,0,NULL,NULL,NULL,'','','','','唐新渝','2013.3','','',13),(50,'人事劳资科',NULL,'扬天R4900d',NULL,0.0000,NULL,NULL,'',1,'2016-05-13 16:02:55','2016-05-13 16:02:55',1,NULL,3,0,12,0,3,0,NULL,NULL,NULL,'','','','','全青松','2014.5','','',1),(51,'人事劳资科',NULL,'扬天R4900d',NULL,0.0000,NULL,NULL,'',1,'2016-05-13 16:02:55','2016-05-13 16:02:55',1,NULL,3,0,12,0,3,0,NULL,NULL,NULL,'','','','','王泽宁','2014.5','','',1),(52,'人事劳资科',NULL,'昭阳E49A',NULL,0.0000,NULL,NULL,'',1,'2016-05-13 16:02:55','2016-05-13 16:02:55',1,NULL,3,0,12,0,4,0,NULL,NULL,NULL,'','','','','505办公室','2012.12','','',1),(53,'人事劳资科',NULL,'昭阳E49A',NULL,0.0000,NULL,NULL,'',1,'2016-05-13 16:02:55','2016-05-13 16:02:55',1,NULL,3,0,12,0,4,0,NULL,NULL,NULL,'','','','','505办公室','2012.12','','',1),(54,'人事劳资科',NULL,'X220-A94',NULL,0.0000,NULL,NULL,'',1,'2016-05-13 16:02:55','2016-05-13 16:02:55',1,NULL,3,0,12,0,4,0,NULL,NULL,NULL,'','','','','刘鑫','2013.9','','',1),(55,'人事劳资科',NULL,'X220-A94',NULL,0.0000,NULL,NULL,'',1,'2016-05-13 16:02:55','2016-05-13 16:02:55',1,NULL,3,0,12,0,4,0,NULL,NULL,NULL,'','','','','庞文君','2013.9','','',1),(56,'人事劳资科',NULL,'220IA23',NULL,0.0000,NULL,NULL,'',1,'2016-05-13 16:02:55','2016-05-13 16:02:55',1,NULL,3,0,12,0,4,0,NULL,NULL,NULL,'','','','','王勇','2012.12','','',1),(57,'人事劳资科',NULL,'SF-565PR',NULL,0.0000,NULL,NULL,'2016.5.31由王勇移交资产管理站报废',1,'2016-05-13 16:02:55','2016-05-13 16:02:55',1,NULL,3,0,12,0,10,0,NULL,NULL,NULL,'','14030202001496','','','507','2010.12','','颜韵玲同意报废',41),(58,'人事劳资科',NULL,'scanjet5590',NULL,0.0000,NULL,NULL,'',1,'2016-05-13 16:02:55','2016-05-13 16:02:55',1,NULL,3,0,12,0,13,0,NULL,NULL,NULL,'','','','','507','无','','',12),(59,'人事劳资科',NULL,'佳能激光打印机',NULL,0.0000,NULL,NULL,'',1,'2016-05-13 16:02:55','2016-05-13 16:02:55',1,NULL,3,0,12,0,5,0,NULL,NULL,NULL,'','','','','505','无','','',21),(60,'人事劳资科',NULL,'LJ1680',NULL,0.0000,NULL,NULL,'',1,'2016-05-13 16:02:55','2016-05-13 16:02:55',1,NULL,3,0,12,0,5,0,NULL,NULL,NULL,'','','','','512','2013.12','','',1),(61,'人事劳资科',NULL,'1008',NULL,0.0000,NULL,NULL,'',1,'2016-05-13 16:02:55','2016-05-13 16:02:55',1,NULL,3,0,12,0,5,0,NULL,NULL,NULL,'','','','','512','','','',12),(62,'人事劳资科',NULL,'激光打印机',NULL,0.0000,NULL,NULL,'',1,'2016-05-13 16:02:55','2016-05-13 16:02:55',1,NULL,3,0,12,0,5,0,NULL,NULL,NULL,'','','','','512','无','','',9),(63,'人事劳资科',NULL,'1010',NULL,0.0000,NULL,NULL,'',1,'2016-05-13 16:02:55','2016-05-13 16:02:55',1,NULL,3,0,12,0,5,0,NULL,NULL,NULL,'','','','','512','无','','',12),(64,'人事劳资科',NULL,'1020',NULL,0.0000,NULL,NULL,'',1,'2016-05-13 16:02:55','2016-05-13 16:02:55',1,NULL,3,0,12,0,5,0,NULL,NULL,NULL,'','','','','513','无','','',12),(65,'人事劳资科',NULL,'1020',NULL,0.0000,NULL,NULL,'',1,'2016-05-13 16:02:55','2016-05-13 16:02:55',1,NULL,3,0,12,0,5,0,NULL,NULL,NULL,'','','','','513','无','','',12),(66,'企管计划科',NULL,'10C0-A0210D',NULL,0.0000,NULL,NULL,'',1,'2016-05-13 16:02:55','2016-05-13 16:02:55',1,NULL,3,0,12,0,3,0,NULL,NULL,NULL,'','','','402','蒲勇','2014.12','','',1),(67,'企管计划科',NULL,'Vostro',NULL,0.0000,NULL,NULL,'',1,'2016-05-13 16:02:55','2016-05-13 16:02:55',1,NULL,3,0,12,0,3,0,NULL,NULL,NULL,'','','','402','牛庆龙','2013.3','','',13),(68,'企管计划科',NULL,'Vostro',NULL,0.0000,NULL,NULL,'',1,'2016-05-13 16:02:55','2016-05-13 16:02:55',1,NULL,3,0,12,0,3,0,NULL,NULL,NULL,'','','','403','刘刚','2013.4','','',13),(69,'企管计划科',NULL,'开天M6900',NULL,0.0000,NULL,NULL,'',1,'2016-05-13 16:02:55','2016-05-13 16:02:55',1,NULL,3,0,12,0,3,0,NULL,NULL,NULL,'','','','403','赵翔宇','2008.11','','',1),(70,'企管计划科',NULL,'H515',NULL,0.0000,NULL,NULL,'',1,'2016-05-13 16:02:55','2016-05-13 16:02:55',1,NULL,3,0,12,0,3,0,NULL,NULL,NULL,'','','','403','王泓雁','2013.12','','',1),(71,'企管计划科',NULL,'10C0-S00400',NULL,0.0000,NULL,NULL,'',1,'2016-05-13 16:02:55','2016-05-13 16:02:55',1,NULL,3,0,12,0,3,0,NULL,NULL,NULL,'','','','403','吕红星','2013.12','','',1),(72,'企管计划科',NULL,'启天M7316',NULL,0.0000,NULL,NULL,'',1,'2016-05-13 16:02:55','2016-05-13 16:02:55',1,NULL,3,0,12,0,3,0,NULL,NULL,NULL,'','','','408','王德刚','2012.5','','',1),(73,'企管计划科',NULL,'组装机',NULL,0.0000,NULL,NULL,'',1,'2016-05-13 16:02:55','2016-05-13 16:02:55',1,NULL,3,0,12,0,3,0,NULL,NULL,NULL,'','','','408','张平','2010.1','','',42),(74,'企管计划科',NULL,'扬天R4900d',NULL,0.0000,NULL,NULL,'',1,'2016-05-13 16:02:55','2016-05-13 16:02:55',1,NULL,3,0,12,0,3,0,NULL,NULL,NULL,'','','','410','石磊','2014.6','','',1),(75,'企管计划科',NULL,'开天M6900',NULL,0.0000,NULL,NULL,'',1,'2016-05-13 16:02:55','2016-05-13 16:02:55',1,NULL,3,0,12,0,3,0,NULL,NULL,NULL,'','','','410','石磊','2008.11','','',1),(76,'企管计划科',NULL,'扬天M5300N',NULL,0.0000,NULL,NULL,'',1,'2016-05-13 16:02:55','2016-05-13 16:02:55',1,NULL,3,0,12,0,3,0,NULL,NULL,NULL,'','','','410','韩伟','2009.6','','',1),(77,'企管计划科',NULL,'扬天M4630d',NULL,0.0000,NULL,NULL,'',1,'2016-05-13 16:02:55','2016-05-13 16:02:55',1,NULL,3,0,12,0,3,0,NULL,NULL,NULL,'','','','410','李锐','2012.1','','',1),(78,'企管计划科',NULL,'组装机',NULL,0.0000,NULL,NULL,'',1,'2016-05-13 16:02:56','2016-05-13 16:02:56',1,NULL,3,0,12,0,3,0,NULL,NULL,NULL,'','','','','','2010.1','','',42),(79,'企管计划科',NULL,'Idea Centre K315',NULL,0.0000,NULL,NULL,'',1,'2016-05-13 16:02:56','2016-05-13 16:02:56',1,NULL,3,0,12,0,3,0,NULL,NULL,NULL,'','','','','','2011.11','','',1),(80,'企管计划科',NULL,'X220-A94',NULL,0.0000,NULL,NULL,'',1,'2016-05-13 16:02:56','2016-05-13 16:02:56',1,NULL,3,0,12,0,4,0,NULL,NULL,NULL,'','','','','','2012.5','','',1),(81,'企管计划科',NULL,'X220-A44',NULL,0.0000,NULL,NULL,'',1,'2016-05-13 16:02:56','2016-05-13 16:02:56',1,NULL,3,0,12,0,4,0,NULL,NULL,NULL,'','','','','','2012.12','','',1),(82,'企管计划科',NULL,'E49A',NULL,0.0000,NULL,NULL,'',1,'2016-05-13 16:02:56','2016-05-13 16:02:56',1,NULL,3,0,12,0,4,0,NULL,NULL,NULL,'','','','','','2013.9','','',1),(83,'企管计划科',NULL,'E49A',NULL,0.0000,NULL,NULL,'',1,'2016-05-13 16:02:56','2016-05-13 16:02:56',1,NULL,3,0,12,0,4,0,NULL,NULL,NULL,'','','','402','牛庆龙','2012.3','','',1),(84,'企管计划科',NULL,'ThinkPad X220i',NULL,0.0000,NULL,NULL,'',1,'2016-05-13 16:02:56','2016-05-13 16:02:56',1,NULL,3,0,12,0,4,0,NULL,NULL,NULL,'','','','403','吕红星','2011.4','','',1),(85,'企管计划科',NULL,'ThinkPad S3-431',NULL,0.0000,NULL,NULL,'',1,'2016-05-13 16:02:56','2016-05-13 16:02:56',1,NULL,3,0,12,0,4,0,NULL,NULL,NULL,'','','','410','李锐','2013.12','','',1),(86,'企管计划科',NULL,'LJ6100',NULL,0.0000,NULL,NULL,'',1,'2016-05-13 16:02:56','2016-05-13 16:02:56',1,NULL,3,0,12,0,14,0,NULL,NULL,NULL,'','','','408','张平','2011.7','','',1),(87,'企管计划科',NULL,'Laser Jet5200',NULL,0.0000,NULL,NULL,'',1,'2016-05-13 16:02:56','2016-05-13 16:02:56',1,NULL,3,0,12,0,14,0,NULL,NULL,NULL,'','','','410','李锐','2010.7','','',12),(88,'企管计划科',NULL,'11121E',NULL,0.0000,NULL,NULL,'',1,'2016-05-13 16:02:56','2016-05-13 16:02:56',1,NULL,3,0,12,0,5,0,NULL,NULL,NULL,'','','','402','蒲勇','2009.1','','',21),(89,'企管计划科',NULL,'Laser Jet P1108',NULL,0.0000,NULL,NULL,'',1,'2016-05-13 16:02:56','2016-05-13 16:02:56',1,NULL,3,0,12,0,5,0,NULL,NULL,NULL,'','','','408','王德刚','2014.11','','',12),(90,'企管计划科',NULL,'DCP-7060D',NULL,0.0000,NULL,NULL,'',1,'2016-05-13 16:02:56','2016-05-13 16:02:56',1,NULL,3,0,12,0,10,0,NULL,NULL,NULL,'','','','403','赵翔宇','2013.8','','',6),(91,'企管计划科',NULL,'FS-1125MFP',NULL,0.0000,NULL,NULL,'',1,'2016-05-13 16:02:56','2016-05-13 16:02:56',1,NULL,3,0,12,0,10,0,NULL,NULL,NULL,'','','','408','韩伟','2015.11','','',43),(92,'企管计划科',NULL,'Laser Jet M1213nf MFP',NULL,0.0000,NULL,NULL,'',1,'2016-05-13 16:02:56','2016-05-13 16:02:56',1,NULL,3,0,12,0,10,0,NULL,NULL,NULL,'','','','410','张平','2010.11','','',12),(93,'企管计划科',NULL,'SF-565PR',NULL,0.0000,NULL,NULL,'',1,'2016-05-13 16:02:56','2016-05-13 16:02:56',1,NULL,3,0,12,0,10,0,NULL,NULL,NULL,'','','','403','','2006.1','','',41),(94,'企管计划科',NULL,'FCLSD-0605',NULL,0.0000,NULL,NULL,'',1,'2016-05-13 16:02:56','2016-05-13 16:02:56',1,NULL,3,0,12,0,13,0,NULL,NULL,NULL,'','','','402','','2012.3','','',12),(95,'企管计划科',NULL,'Scanjet G4050',NULL,0.0000,NULL,NULL,'',1,'2016-05-13 16:02:56','2016-05-13 16:02:56',1,NULL,3,0,12,0,13,0,NULL,NULL,NULL,'','','','408','张平','2012.3','','',12),(96,'企管计划科',NULL,'CanoScan LiDE110',NULL,0.0000,NULL,NULL,'',1,'2016-05-13 16:02:56','2016-05-13 16:02:56',1,NULL,3,0,12,0,13,0,NULL,NULL,NULL,'','','','410','石磊','2012.5','','',21),(97,'企管计划科',NULL,'DSC-W300',NULL,0.0000,NULL,NULL,'张新宇移交',1,'2016-05-13 16:02:56','2016-05-13 16:02:56',1,NULL,3,0,12,0,12,0,NULL,NULL,NULL,'','','','403','刘刚','2008.1','','',19),(98,'市场开发科',NULL,'E5066',NULL,0.0000,NULL,NULL,'',1,'2016-05-13 16:02:56','2016-05-13 16:02:56',1,NULL,3,0,12,0,3,0,NULL,NULL,NULL,'','14030105015995','','','','2013.12','','',13),(99,'市场开发科',NULL,'扬天T4900',NULL,0.0000,NULL,NULL,'',1,'2016-05-13 16:02:56','2016-05-13 16:02:56',1,NULL,3,0,12,0,3,0,NULL,NULL,NULL,'','14030105014863','','','','2013.9','','',1),(100,'市场开发科',NULL,'扬天T4900',NULL,0.0000,NULL,NULL,'',1,'2016-05-13 16:02:56','2016-05-13 16:02:56',1,NULL,3,0,12,0,3,0,NULL,NULL,NULL,'','14030105014868','','','','2013.9','','',1),(101,'市场开发科',NULL,'联想thinkcentre k3 r1',NULL,0.0000,NULL,NULL,'',1,'2016-05-13 16:02:56','2016-05-13 16:02:56',1,NULL,3,0,12,0,3,0,NULL,NULL,NULL,'','14030105011994','','','','2011.9','','',1),(102,'市场开发科',NULL,'联想thinkcentre k3 r1',NULL,0.0000,NULL,NULL,'',1,'2016-05-13 16:02:56','2016-05-13 16:02:56',1,NULL,3,0,12,0,3,0,NULL,NULL,NULL,'','14030105011995','','','','2011.9','','',1),(103,'北疆项目部',NULL,'thinkcentre k3 r1',NULL,0.0000,NULL,NULL,'2016年5月18日，由市场开发科调拨至北疆项目部王朗使用，完好、无损坏，硬盘已要求格式化，已做资产调拨。',1,'2016-05-13 16:02:56','2016-05-18 01:48:08',1,NULL,3,0,12,0,3,0,0,NULL,NULL,'','14030105011996','','北疆项目部','王朗','2011.9','','',1),(104,'市场开发科',NULL,'联想扬天M6880N',NULL,0.0000,NULL,NULL,'',1,'2016-05-13 16:02:56','2016-05-13 16:02:56',1,NULL,3,0,12,0,3,0,NULL,NULL,NULL,'','14030101000041','','','','2010.12','','',1),(105,'市场开发科',NULL,' ',NULL,0.0000,NULL,NULL,'',1,'2016-05-13 16:02:56','2016-05-13 16:02:56',1,NULL,3,0,12,0,3,0,NULL,NULL,NULL,'','15019901000280','','','','2007.12','','',42),(106,'市场开发科',NULL,'DELL320',NULL,0.0000,NULL,NULL,'',1,'2016-05-13 16:02:56','2016-05-13 16:02:56',1,NULL,3,0,12,0,3,0,NULL,NULL,NULL,'','14030105003219','','','','2006.11','','',13),(107,'市场开发科',NULL,'联想',NULL,0.0000,NULL,NULL,'',1,'2016-05-13 16:02:56','2016-05-13 16:02:56',1,NULL,3,0,12,0,3,0,NULL,NULL,NULL,'B0010138','','','','','2010.2','','',1),(108,'市场开发科',NULL,'X220-A44',NULL,0.0000,NULL,NULL,'',1,'2016-05-13 16:02:56','2016-05-13 16:02:56',1,NULL,3,0,12,0,4,0,NULL,NULL,NULL,'','14030105014895','','','','2013.9','','',1),(109,'市场开发科',NULL,'X220-A44',NULL,0.0000,NULL,NULL,'',1,'2016-05-13 16:02:56','2016-05-13 16:02:56',1,NULL,3,0,12,0,4,0,NULL,NULL,NULL,'','14030105014896','','','','2013.9','','',1),(110,'市场开发科',NULL,'E49',NULL,0.0000,NULL,NULL,'',1,'2016-05-13 16:02:56','2016-05-13 16:02:56',1,NULL,3,0,12,0,4,0,NULL,NULL,NULL,'','14030105014386','','','','2012.12','','',1),(111,'市场开发科',NULL,'X220-A44',NULL,0.0000,NULL,NULL,'',1,'2016-05-13 16:02:56','2016-05-13 16:02:56',1,NULL,3,0,12,0,4,0,NULL,NULL,NULL,'','14030105013990','','','','2012.12','','',1),(112,'市场开发科',NULL,' ',NULL,0.0000,NULL,NULL,'',1,'2016-05-13 16:02:56','2016-05-13 16:02:56',1,NULL,3,0,12,0,4,0,NULL,NULL,NULL,'','14030105006206','','','','2008.12','','',1),(113,'市场开发科',NULL,'3400',NULL,0.0000,NULL,NULL,'',1,'2016-05-13 16:02:56','2016-05-13 16:02:56',1,NULL,3,0,12,0,5,0,NULL,NULL,NULL,'','14030202001982','','','','2013.9','','',18),(114,'市场开发科',NULL,'3200B',NULL,0.0000,NULL,NULL,'',1,'2016-05-13 16:02:56','2016-05-13 16:02:56',1,NULL,3,0,12,0,10,0,NULL,NULL,NULL,'','14030202001643','','','','2011.10','','',44),(115,'市场开发科',NULL,'565PR',NULL,0.0000,NULL,NULL,'',1,'2016-05-13 16:02:56','2016-05-13 16:02:56',1,NULL,3,0,12,0,10,0,NULL,NULL,NULL,'','14030202001497','','','','2010.12','','',41),(116,'市场开发科',NULL,' ',NULL,0.0000,NULL,NULL,'',1,'2016-05-13 16:02:56','2016-05-13 16:02:56',1,NULL,3,0,12,0,10,0,NULL,NULL,NULL,'','14030202000986','','','','2008.12','','',45),(117,'市场开发科',NULL,'W700',NULL,0.0000,NULL,NULL,'',1,'2016-05-13 16:02:56','2016-05-13 16:02:56',1,NULL,3,0,12,0,7,0,NULL,NULL,NULL,'','14030299000390','','','','2012.12','','',41),(118,'财务资产科',NULL,' ',NULL,0.0000,NULL,NULL,'',1,'2016-05-13 16:02:56','2016-05-13 16:02:56',1,NULL,3,0,12,0,3,0,NULL,NULL,NULL,'','15019901000358','','成本','陈文才','2007.12','投资计划','',46),(119,'财务资产科',NULL,' ',NULL,0.0000,NULL,NULL,'',1,'2016-05-13 16:02:56','2016-05-13 16:02:56',1,NULL,3,0,12,0,3,0,NULL,NULL,NULL,'','15019901000359','','成本','李胜','2007.12','投资计划','',46),(120,'财务资产科',NULL,'6D41',NULL,0.0000,NULL,NULL,'',1,'2016-05-13 16:02:56','2016-05-13 16:02:56',1,NULL,3,0,12,0,3,0,NULL,NULL,NULL,'','14030105010044','','成本','韩洪海','2010.12','投资计划','',13),(121,'财务资产科',NULL,'6D41',NULL,0.0000,NULL,NULL,'',1,'2016-05-13 16:02:56','2016-05-13 16:02:56',1,NULL,3,0,12,0,3,0,NULL,NULL,NULL,'','14030105010045','','成本','罗禹','2010.12','投资计划','',13),(122,'财务资产科',NULL,'启天M4380',NULL,0.0000,NULL,NULL,'',1,'2016-05-13 16:02:56','2016-05-13 16:02:56',1,NULL,3,0,12,0,3,0,NULL,NULL,NULL,'','14039901000440','','成本','朱红兵','2014.12','投资计划','',1),(123,'财务资产科',NULL,' ',NULL,0.0000,NULL,NULL,'',1,'2016-05-13 16:02:56','2016-05-13 16:02:56',1,NULL,3,0,12,0,3,0,NULL,NULL,NULL,'','14030104000750','','成本','代国志','2014.10','投资计划','',46),(124,'财务资产科',NULL,'',NULL,0.0000,NULL,NULL,'',1,'2016-05-13 16:02:56','2016-05-13 16:02:56',1,NULL,3,0,12,0,3,0,NULL,NULL,NULL,'','14030104000752','','成本','陈实','2014.10','投资计划','',46),(125,'财务资产科',NULL,'M7300',NULL,0.0000,NULL,NULL,'',1,'2016-05-13 16:02:56','2016-05-13 16:02:56',1,NULL,3,0,12,0,3,0,NULL,NULL,NULL,'','14030105013998','','成本','石道云','2012.12','投资计划','',1),(126,'财务资产科',NULL,' ',NULL,0.0000,NULL,NULL,'',1,'2016-05-13 16:02:56','2016-05-13 16:02:56',1,NULL,3,0,12,0,3,0,NULL,NULL,NULL,'','14030105015993','','会计','谢碧华','2013.12','投资计划','',45),(127,'财务资产科',NULL,'K8000',NULL,0.0000,NULL,NULL,'',1,'2016-05-13 16:02:56','2016-05-13 16:02:56',1,NULL,3,0,12,0,3,0,NULL,NULL,NULL,'','14030105014388','','会计','牛晓彤','2012.12','投资计划','',1),(128,'财务资产科',NULL,'K8000',NULL,0.0000,NULL,NULL,'',1,'2016-05-13 16:02:56','2016-05-13 16:02:56',1,NULL,3,0,12,0,3,0,NULL,NULL,NULL,'','14030105014389','','会计','刘永成','2012.12','投资计划','',1),(129,'财务资产科',NULL,'K8000',NULL,0.0000,NULL,NULL,'',1,'2016-05-13 16:02:56','2016-05-13 16:02:56',1,NULL,3,0,12,0,3,0,NULL,NULL,NULL,'','14030105013492','','会计','敬金菊','2012.7','投资计划','',1),(130,'财务资产科',NULL,'K8000',NULL,0.0000,NULL,NULL,'',1,'2016-05-13 16:02:56','2016-05-13 16:02:56',1,NULL,3,0,12,0,3,0,NULL,NULL,NULL,'','14030105013493','','会计','','2012.7','投资计划','',1),(131,'财务资产科',NULL,'扬天M6880N',NULL,0.0000,NULL,NULL,'',1,'2016-05-13 16:02:56','2016-05-13 16:02:56',1,NULL,3,0,12,0,3,0,NULL,NULL,NULL,'','14030101000031','','资金','谢公明','2010.12','投资计划','',1),(132,'财务资产科',NULL,'扬天M6880N',NULL,0.0000,NULL,NULL,'',1,'2016-05-13 16:02:56','2016-05-13 16:02:56',1,NULL,3,0,12,0,3,0,NULL,NULL,NULL,'','14030101000032','','资金','王蕾','2010.12','投资计划','',1),(133,'财务资产科',NULL,'扬天M6880N',NULL,0.0000,NULL,NULL,'',1,'2016-05-13 16:02:56','2016-05-13 16:02:56',1,NULL,3,0,12,0,3,0,NULL,NULL,NULL,'','14030101000033','','资金','陈丰文','2010.12','投资计划','',1),(134,'财务资产科',NULL,'扬天M6880N',NULL,0.0000,NULL,NULL,'',1,'2016-05-13 16:02:56','2016-05-13 16:02:56',1,NULL,3,0,12,0,3,0,NULL,NULL,NULL,'','14030101000034','','税务','汪晓斌','2010.12','投资计划','',1),(135,'财务资产科',NULL,'扬天M6880N',NULL,0.0000,NULL,NULL,'',1,'2016-05-13 16:02:56','2016-05-13 16:02:56',1,NULL,3,0,12,0,3,0,NULL,NULL,NULL,'','14030101000035','','税务','陈刚','2010.12','投资计划','',1),(136,'财务资产科',NULL,'扬天M6880N',NULL,0.0000,NULL,NULL,'',1,'2016-05-13 16:02:56','2016-05-13 16:02:56',1,NULL,3,0,12,0,3,0,NULL,NULL,NULL,'','14030101000036','','税务','曾强','2010.12','投资计划','',1),(137,'财务资产科',NULL,'',NULL,0.0000,NULL,NULL,'',1,'2016-05-13 16:02:56','2016-05-13 16:02:56',1,NULL,3,0,12,0,3,0,NULL,NULL,NULL,'','14030105005316','','','','2008.7','投资计划','',13),(138,'财务资产科',NULL,'启天M8000',NULL,0.0000,NULL,NULL,'',1,'2016-05-13 16:02:56','2016-05-13 16:02:56',1,NULL,3,0,12,0,3,0,NULL,NULL,NULL,'','14030105017742','','成本','陈文才','2015.10','投资计划','',1),(139,'财务资产科',NULL,'L430',NULL,0.0000,NULL,NULL,'',1,'2016-05-13 16:02:56','2016-05-13 16:02:56',1,NULL,3,0,12,0,3,0,NULL,NULL,NULL,'','14030105017740','','成本','李胜','2015.10','投资计划','',1),(140,'财务资产科',NULL,'K47G',NULL,0.0000,NULL,NULL,'',1,'2016-05-13 16:02:56','2016-05-13 16:02:56',1,NULL,3,0,12,0,3,0,NULL,NULL,NULL,'','14030105012020','','成本','韩洪海','2011.9','投资计划','',1),(141,'财务资产科',NULL,'K47G',NULL,0.0000,NULL,NULL,'',1,'2016-05-13 16:02:56','2016-05-13 16:02:56',1,NULL,3,0,12,0,3,0,NULL,NULL,NULL,'','14030105012026','','成本','罗禹','2011.9','投资计划','',1),(142,'财务资产科',NULL,' ',NULL,0.0000,NULL,NULL,'',1,'2016-05-13 16:02:56','2016-05-13 16:02:56',1,NULL,3,0,12,0,3,0,NULL,NULL,NULL,'','14030104000751','','成本','朱红兵','2014.10','投资计划','',46),(143,'财务资产科',NULL,'X220-A94',NULL,0.0000,NULL,NULL,'',1,'2016-05-13 16:02:56','2016-05-13 16:02:56',1,NULL,3,0,12,0,4,0,NULL,NULL,NULL,'','14030105014898','','成本','代国志','2013.9','投资计划','',1),(144,'财务资产科',NULL,'',NULL,0.0000,NULL,NULL,'',1,'2016-05-13 16:02:56','2016-05-13 16:02:56',1,NULL,3,0,12,0,4,0,NULL,NULL,NULL,'','14030105008262','','成本','陈实','2009.12','投资计划','',13),(145,'财务资产科',NULL,'',NULL,0.0000,NULL,NULL,'',1,'2016-05-13 16:02:56','2016-05-13 16:02:56',1,NULL,3,0,12,0,4,0,NULL,NULL,NULL,'','14030105008263','','成本','石道云','2009.12','投资计划','',13),(146,'财务资产科',NULL,'',NULL,0.0000,NULL,NULL,'',1,'2016-05-13 16:02:56','2016-05-13 16:02:56',1,NULL,3,0,12,0,4,0,NULL,NULL,NULL,'','14030105008264','','会计','谢碧华','2009.12','投资计划','',13),(147,'财务资产科',NULL,'',NULL,0.0000,NULL,NULL,'',1,'2016-05-13 16:02:56','2016-05-13 16:02:56',1,NULL,3,0,12,0,4,0,NULL,NULL,NULL,'','14030105008266','','会计','刘永成','2009.12','投资计划','',13),(148,'财务资产科',NULL,'T410',NULL,0.0000,NULL,NULL,'',1,'2016-05-13 16:02:56','2016-05-13 16:02:56',1,NULL,3,0,12,0,4,0,NULL,NULL,NULL,'','14030101000011','','会计','敬金菊','2010.12','投资计划','',1),(149,'财务资产科',NULL,'T410',NULL,0.0000,NULL,NULL,'',1,'2016-05-13 16:02:56','2016-05-13 16:02:56',1,NULL,3,0,12,0,4,0,NULL,NULL,NULL,'','14030101000012','','资金','谢公明','2010.12','投资计划','',1),(150,'财务资产科',NULL,'T410',NULL,0.0000,NULL,NULL,'',1,'2016-05-13 16:02:56','2016-05-13 16:02:56',1,NULL,3,0,12,0,4,0,NULL,NULL,NULL,'','14030101000013','','资金','王蕾','2010.12','投资计划','',1),(151,'财务资产科',NULL,' ',NULL,0.0000,NULL,NULL,'',1,'2016-05-13 16:02:56','2016-05-13 16:02:56',1,NULL,3,0,12,0,4,0,NULL,NULL,NULL,'','14030105006203','','资金','陈丰文','2008.12','投资计划','',46),(152,'财务资产科',NULL,'X200',NULL,0.0000,NULL,NULL,'',1,'2016-05-13 16:02:56','2016-05-13 16:02:56',1,NULL,3,0,12,0,4,0,NULL,NULL,NULL,'','14030105005811','','税务','汪晓斌','2008.11','投资计划','',2),(153,'财务资产科',NULL,'D620',NULL,0.0000,NULL,NULL,'',1,'2016-05-13 16:02:56','2016-05-13 16:02:56',1,NULL,3,0,12,0,4,0,NULL,NULL,NULL,'','14030105003665','','税务','陈刚','2006.12','投资计划','',13),(154,'财务资产科',NULL,'昭阳K47G',NULL,0.0000,NULL,NULL,'2014年由作业8队带',1,'2016-05-13 16:02:56','2016-05-13 16:02:56',1,NULL,3,0,12,0,4,0,NULL,NULL,NULL,'','','','','陈实','2011.8','','',1),(155,'财务资产科',NULL,'1861',NULL,0.0000,NULL,NULL,'',1,'2016-05-13 16:02:56','2016-05-13 16:02:56',1,NULL,3,0,12,0,5,0,NULL,NULL,NULL,'','14030202001673','','资金',' ','2011.12','投资计划','',41),(156,'财务资产科',NULL,'2850',NULL,0.0000,NULL,NULL,'',1,'2016-05-13 16:02:56','2016-05-13 16:02:56',1,NULL,3,0,12,0,5,0,NULL,NULL,NULL,'','','',' ','','2013.3','成本','',41),(157,'财务资产科',NULL,'5200',NULL,0.0000,NULL,NULL,'',1,'2016-05-13 16:02:56','2016-05-13 16:02:56',1,NULL,3,0,12,0,5,0,NULL,NULL,NULL,'','','','会计','','2013.10','成本','',12),(158,'财务资产科',NULL,'',NULL,0.0000,NULL,NULL,'',1,'2016-05-13 16:02:56','2016-05-13 16:02:56',1,NULL,3,0,12,0,5,0,NULL,NULL,NULL,'','','','会计','','2013.12','成本','',21),(159,'财务资产科',NULL,'',NULL,0.0000,NULL,NULL,'',1,'2016-05-13 16:02:56','2016-05-13 16:02:56',1,NULL,3,0,12,0,5,0,NULL,NULL,NULL,'','','','会计','','2013.12','成本','',21),(160,'财务资产科',NULL,'',NULL,0.0000,NULL,NULL,'',1,'2016-05-13 16:02:56','2016-05-13 16:02:56',1,NULL,3,0,12,0,5,0,NULL,NULL,NULL,'','','','会计','','2013.12','成本','',21),(161,'财务资产科',NULL,'400',NULL,0.0000,NULL,NULL,'',1,'2016-05-13 16:02:56','2016-05-13 16:02:56',1,NULL,3,0,12,0,5,0,NULL,NULL,NULL,'','','','成本','','2013.12','成本','',12),(162,'财务资产科',NULL,'1018',NULL,0.0000,NULL,NULL,'',1,'2016-05-13 16:02:56','2016-05-13 16:02:56',1,NULL,3,0,12,0,5,0,NULL,NULL,NULL,'','','','成本','','2013.12','成本','',12),(163,'财务资产科',NULL,'1018',NULL,0.0000,NULL,NULL,'',1,'2016-05-13 16:02:56','2016-05-13 16:02:56',1,NULL,3,0,12,0,5,0,NULL,NULL,NULL,'','','','成本','','2013.12','成本','',12),(164,'财务资产科',NULL,'1020',NULL,0.0000,NULL,NULL,'',1,'2016-05-13 16:02:56','2016-05-13 16:02:56',1,NULL,3,0,12,0,5,0,NULL,NULL,NULL,'','','','成本','','2013.12','成本','',12),(165,'财务资产科',NULL,'1018',NULL,0.0000,NULL,NULL,'',1,'2016-05-13 16:02:56','2016-05-13 16:02:56',1,NULL,3,0,12,0,5,0,NULL,NULL,NULL,'','','','成本','','2013.12','成本','',12),(166,'财务资产科',NULL,'DPK810',NULL,0.0000,NULL,NULL,'',1,'2016-05-13 16:02:56','2016-05-13 16:02:56',1,NULL,3,0,12,0,15,0,NULL,NULL,NULL,'','14030202001491','','资金','','2010.12','投资计划','',9),(167,'财务资产科',NULL,'1319',NULL,0.0000,NULL,NULL,'',1,'2016-05-13 16:02:56','2016-05-13 16:02:56',1,NULL,3,0,12,0,10,0,NULL,NULL,NULL,'','14030202001222','','资金','','2009.12','投资计划','',12),(168,'财务资产科',NULL,'SF-565P',NULL,0.0000,NULL,NULL,'',1,'2016-05-13 16:02:56','2016-05-13 16:02:56',1,NULL,3,0,12,0,10,0,NULL,NULL,NULL,'','14030202001608','','会计','','2011.9','投资计划','',41),(169,'财务资产科',NULL,'565PR',NULL,0.0000,NULL,NULL,'',1,'2016-05-13 16:02:56','2016-05-13 16:02:56',1,NULL,3,0,12,0,10,0,NULL,NULL,NULL,'','14030202001493','','成本','','2010.12','投资计划','',41),(170,'工程技术科',NULL,'扬天T4900V',NULL,0.0000,NULL,NULL,'',1,'2016-05-13 16:02:56','2016-05-13 16:02:56',1,NULL,3,0,12,0,3,0,NULL,NULL,NULL,'B0010094','14030105010029','无','','周义俊','2010.3','计划投资','',1),(171,'工程技术科',NULL,'扬天T4900V',NULL,0.0000,NULL,NULL,'',1,'2016-05-13 16:02:56','2016-05-13 16:02:56',1,NULL,3,0,12,0,3,0,NULL,NULL,NULL,'B0010095','14030105010064','NS12301953','','汪世明','2010.3','计划投资','',1),(172,'工程技术科',NULL,'扬天T4900V',NULL,0.0000,NULL,NULL,'',1,'2016-05-13 16:02:56','2016-05-13 16:02:56',1,NULL,3,0,12,0,3,0,NULL,NULL,NULL,'B0010096','14030105010065','NS12302011','','彭宽军','2010.3','计划投资','',1),(173,'工程技术科',NULL,'扬天T4900V',NULL,0.0000,NULL,NULL,'',1,'2016-05-13 16:02:56','2016-05-13 16:02:56',1,NULL,3,0,12,0,3,0,NULL,NULL,NULL,'B0010097','14030105010066','NS12301997','','原田衍亮使用周义俊保管','2010.3','计划投资','',1),(174,'工程技术科',NULL,'扬天T4900V',NULL,0.0000,NULL,NULL,'',1,'2016-05-13 16:02:56','2016-05-13 16:02:56',1,NULL,3,0,12,0,3,0,NULL,NULL,NULL,'B0010098','14030105010067','NS12302002','','吴东帆','2010.3','计划投资','',1),(175,'工程技术科',NULL,'扬天T4900V',NULL,0.0000,NULL,NULL,'',1,'2016-05-13 16:02:56','2016-05-13 16:02:56',1,NULL,3,0,12,0,3,0,NULL,NULL,NULL,'B0010099','14030105010068','NS12302019','','莫光文','2010.3','计划投资','',1),(176,'工程技术科',NULL,'扬天T4900V',NULL,0.0000,NULL,NULL,'',1,'2016-05-13 16:02:56','2016-05-13 16:02:56',1,NULL,3,0,12,0,3,0,NULL,NULL,NULL,'','14030105010069','NS12301998','','原文艺使用\n杨斐保管','2010.3','计划投资','',1),(177,'工程技术科',NULL,'开天M6900',NULL,0.0000,NULL,NULL,'',1,'2016-05-13 16:02:56','2016-05-13 16:02:56',1,NULL,3,0,12,0,3,0,NULL,NULL,NULL,'','','NA10403901','','陈立','2008.11','计划投资','',1),(178,'工程技术科',NULL,'Erazer D215',NULL,0.0000,NULL,NULL,'',1,'2016-05-13 16:02:56','2016-05-13 16:02:56',1,NULL,3,0,12,0,3,0,NULL,NULL,NULL,'','','NS20519274','','齐会京','2013.12','计划投资','',1),(179,'工程技术科',NULL,'扬天R4900d',NULL,0.0000,NULL,NULL,'',1,'2016-05-13 16:02:56','2016-05-13 16:02:56',1,NULL,3,0,12,0,3,0,NULL,NULL,NULL,'B0010100','14030105016003','NS20638130','','喻可彬','2014.1','计划投资','',1),(180,'工程技术科',NULL,'扬天R4900d',NULL,0.0000,NULL,NULL,'',1,'2016-05-13 16:02:56','2016-05-13 16:02:56',1,NULL,3,0,12,0,3,0,NULL,NULL,NULL,'','','NS20638194','','孙本法','2013.12','计划投资','',1),(181,'工程技术科',NULL,'M4380',NULL,0.0000,NULL,NULL,'',1,'2016-05-13 16:02:56','2016-05-13 16:02:56',1,NULL,3,0,12,0,3,0,NULL,NULL,NULL,'','14039901000450','BA02813144','','周伟','2014.12','计划投资','',1),(182,'工程技术科',NULL,'M4380',NULL,0.0000,NULL,NULL,'',1,'2016-05-13 16:02:56','2016-05-13 16:02:56',1,NULL,3,0,12,0,3,0,NULL,NULL,NULL,'','14039901000448','BA02813155','','方洋','2014.12','计划投资','',1),(183,'工程技术科',NULL,'扬天T4900V-00',NULL,0.0000,NULL,NULL,'',1,'2016-05-13 16:02:56','2016-05-13 16:02:56',1,NULL,3,0,12,0,3,0,NULL,NULL,NULL,'','14030104000749','NS20666022','','赵通','2014.1','计划投资','',1),(184,'工程技术科',NULL,'扬天T4900V-00',NULL,0.0000,NULL,NULL,'',1,'2016-05-13 16:02:56','2016-05-13 16:02:56',1,NULL,3,0,12,0,3,0,NULL,NULL,NULL,'','','NS20666024','','刘平','2014.1','计划投资','',1),(185,'工程技术科',NULL,'扬天T4900V-00',NULL,0.0000,NULL,NULL,'',1,'2016-05-13 16:02:56','2016-05-13 16:02:56',1,NULL,3,0,12,0,3,0,NULL,NULL,NULL,'','','NS20666019','','赵敏','2014.1','计划投资','',1),(186,'工程技术科',NULL,'启天M2700',NULL,0.0000,NULL,NULL,'',1,'2016-05-13 16:02:56','2016-05-13 16:02:56',1,NULL,3,0,12,0,3,0,NULL,NULL,NULL,'','','NA10002309','','郭有智','2008.7','计划投资','',1),(187,'工程技术科',NULL,'启天M4330',NULL,0.0000,NULL,NULL,'',1,'2016-05-13 16:02:56','2016-05-13 16:02:56',1,NULL,3,0,12,0,3,0,NULL,NULL,NULL,'','','NA20158260','','杨斐','2012.1','计划投资','',1),(188,'工程技术科',NULL,'DELL',NULL,0.0000,NULL,NULL,'',1,'2016-05-13 16:02:56','2016-05-13 16:02:56',1,NULL,3,0,12,0,3,0,NULL,NULL,NULL,'B0020091','15019901000300','无','','汪世明','2005.12','计划投资','',13),(189,'工程技术科',NULL,'SL400',NULL,0.0000,NULL,NULL,'',1,'2016-05-13 16:02:56','2016-05-13 16:02:56',1,NULL,3,0,12,0,4,0,NULL,NULL,NULL,'B0020093','14030105006205','27437HC','','杨斐','2008.12','计划投资','',1),(190,'工程技术科',NULL,'N232',NULL,0.0000,NULL,NULL,'',1,'2016-05-13 16:02:56','2016-05-13 16:02:56',1,NULL,3,0,12,0,4,0,NULL,NULL,NULL,'','','CNU71616Y8','','杨斐','2008.1','计划投资','',12),(191,'工程技术科',NULL,'T410',NULL,0.0000,NULL,NULL,'',1,'2016-05-13 16:02:56','2016-05-13 16:02:56',1,NULL,3,0,12,0,4,0,NULL,NULL,NULL,'B0020094','14030101000014','无','','莫光文','2010.12','计划投资','',1),(192,'工程技术科',NULL,'T410',NULL,0.0000,NULL,NULL,'',1,'2016-05-13 16:02:56','2016-05-13 16:02:56',1,NULL,3,0,12,0,4,0,NULL,NULL,NULL,'B0020095','14030101000015','无','','莫光文','2010.12','计划投资','',1),(193,'工程技术科',NULL,'PP26L',NULL,0.0000,NULL,NULL,'',1,'2016-05-13 16:02:56','2016-05-13 16:02:56',1,NULL,3,0,12,0,4,0,NULL,NULL,NULL,'B0020096','14030105013303','07025','','杨斐','2005.1','计划投资','',13),(194,'工程技术科',NULL,'E390A',NULL,0.0000,NULL,NULL,'',1,'2016-05-13 16:02:56','2016-05-13 16:02:56',1,NULL,3,0,12,0,4,0,NULL,NULL,NULL,'B0020097','14030105014882','EB04267397','','杨斐','2013.9','计划投资','',1),(195,'工程技术科',NULL,'K47G',NULL,0.0000,NULL,NULL,'',1,'2016-05-13 16:02:56','2016-05-13 16:02:56',1,NULL,3,0,12,0,4,0,NULL,NULL,NULL,'B0020098','14030105012021','无','','喻可彬','2011.9','计划投资','',1),(196,'工程技术科',NULL,'HP1008',NULL,0.0000,NULL,NULL,'',1,'2016-05-13 16:02:56','2016-05-13 16:02:56',1,NULL,3,0,12,0,5,0,NULL,NULL,NULL,'B0030019','14030202001464','VNC6921451','','郭有智','2010.12','计划投资','',12),(197,'工程技术科',NULL,'HP1008',NULL,0.0000,NULL,NULL,'',1,'2016-05-13 16:02:56','2016-05-13 16:02:56',1,NULL,3,0,12,0,5,0,NULL,NULL,NULL,'B0030020','14030202001465','VNF6F23549','','莫光文','2010.12','计划投资','',12),(198,'工程技术科',NULL,'SF-565P',NULL,0.0000,NULL,NULL,'',1,'2016-05-13 16:02:56','2016-05-13 16:02:56',1,NULL,3,0,12,0,10,0,NULL,NULL,NULL,'B0040019','14030202001613','SF-565P','','方洋','2011.9','计划投资','',41),(199,'工程技术科',NULL,'7450F',NULL,0.0000,NULL,NULL,'',1,'2016-05-13 16:02:56','2016-05-13 16:02:56',1,NULL,3,0,12,0,10,0,NULL,NULL,NULL,'B0040020','14030202001989','LP03194384','','周义俊','2012.11','计划投资','',1),(200,'工程技术科',NULL,'M7400',NULL,0.0000,NULL,NULL,'',1,'2016-05-13 16:02:56','2016-05-13 16:02:56',1,NULL,3,0,12,0,10,0,NULL,NULL,NULL,'','14039901000449','LP03234786','','汪世明','2012.12','计划投资','',1),(201,'工程技术科',NULL,'M7400',NULL,0.0000,NULL,NULL,'',1,'2016-05-13 16:02:56','2016-05-13 16:02:56',1,NULL,3,0,12,0,10,0,NULL,NULL,NULL,'','','LP03234179','','陈立','2012.12','计划投资','',1),(202,'工程技术科',NULL,'M7400',NULL,0.0000,NULL,NULL,'',1,'2016-05-13 16:02:56','2016-05-13 16:02:56',1,NULL,3,0,12,0,10,0,NULL,NULL,NULL,'','14039901000449','LP03264118','','孙本法','2012.12','计划投资','',1),(203,'工程技术科',NULL,'FUJIFILM',NULL,0.0000,NULL,NULL,'',1,'2016-05-13 16:02:56','2016-05-13 16:02:56',1,NULL,3,0,12,0,7,0,NULL,NULL,NULL,'B0050022','15019901000598','ISX03875','','莫光文','2011.1','计划投资','',9),(204,'工程技术科',NULL,'FUJIFILM',NULL,0.0000,NULL,NULL,'',1,'2016-05-13 16:02:56','2016-05-13 16:02:56',1,NULL,3,0,12,0,7,0,NULL,NULL,NULL,'B0050023','15019901000599','ISX03793','','莫光文','2011.1','计划投资','',9),(205,'工程技术科',NULL,'FUJIFILM',NULL,0.0000,NULL,NULL,'',1,'2016-05-13 16:02:56','2016-05-13 16:02:56',1,NULL,3,0,12,0,7,0,NULL,NULL,NULL,'B0050024','15019901000600','ISW80231','','莫光文','2011.1','计划投资','',9),(206,'工程技术科',NULL,'DSC-HX400',NULL,0.0000,NULL,NULL,'',1,'2016-05-13 16:02:56','2016-05-13 16:02:56',1,NULL,3,0,12,0,7,0,NULL,NULL,NULL,'','','S01-9006011-3','','莫光文','2014.7','计划投资','',19),(207,'工程技术科',NULL,'DSC-TX10',NULL,0.0000,NULL,NULL,'',1,'2016-05-13 16:02:56','2016-05-13 16:02:56',1,NULL,3,0,12,0,7,0,NULL,NULL,NULL,'','14030299000395','9072420','','喻可彬','2013.9','计划投资','',19),(208,'工程技术科',NULL,'DSC-HX400',NULL,0.0000,NULL,NULL,'',1,'2016-05-13 16:02:56','2016-05-13 16:02:56',1,NULL,3,0,12,0,7,0,NULL,NULL,NULL,'','','S01-9006125-1','','喻可彬','2014.7','计划投资','',19),(209,'装备科',NULL,'M6880N',NULL,0.0000,NULL,NULL,'',1,'2016-05-13 16:02:56','2016-05-13 16:02:56',1,NULL,3,0,12,0,3,0,NULL,NULL,NULL,'B0010101','14030105012113','','503','梁海泉','2011.10','成本','',1),(210,'装备科',NULL,'M6880N',NULL,0.0000,NULL,NULL,'',1,'2016-05-13 16:02:56','2016-05-13 16:02:56',1,NULL,3,0,12,0,3,0,NULL,NULL,NULL,'B0010102','14030105012114','','503','吴小江','2011.10','成本','',1),(211,'装备科',NULL,'M6880N',NULL,0.0000,NULL,NULL,'',1,'2016-05-13 16:02:56','2016-05-13 16:02:56',1,NULL,3,0,12,0,3,0,NULL,NULL,NULL,'','14030101000056','','库房','','2010.12','成本','',1),(212,'装备科',NULL,'M6880N',NULL,0.0000,NULL,NULL,'',1,'2016-05-13 16:02:56','2016-05-13 16:02:56',1,NULL,3,0,12,0,3,0,NULL,NULL,NULL,'B0010103','14030101000057','','510','申福','2010.12','成本','',1),(213,'装备科',NULL,'M6880N',NULL,0.0000,NULL,NULL,'',1,'2016-05-13 16:02:56','2016-05-13 16:02:56',1,NULL,3,0,12,0,3,0,NULL,NULL,NULL,'B0010104','14030101000058','','510','周远宏','2010.12','成本','',1),(214,'装备科',NULL,'M6880N',NULL,0.0000,NULL,NULL,'',1,'2016-05-13 16:02:56','2016-05-13 16:02:56',1,NULL,3,0,12,0,3,0,NULL,NULL,NULL,'B0010105','14030101000059','','510','周远宏','2010.12','成本','',1),(215,'装备科',NULL,'M7300',NULL,0.0000,NULL,NULL,'',1,'2016-05-13 16:02:56','2016-05-13 16:02:56',1,NULL,3,0,12,0,3,0,NULL,NULL,NULL,'B0010106','14030105014860','','503','王善涛','2013.9','成本','',1),(216,'装备科',NULL,'thinkcentre k3 r1',NULL,0.0000,NULL,NULL,'',1,'2016-05-13 16:02:56','2016-05-13 16:02:56',1,NULL,3,0,12,0,3,0,NULL,NULL,NULL,'B0010107','14030105011988','','502','张泽','2011.9','成本','',1),(217,'装备科',NULL,'thinkcentre k3 r1',NULL,0.0000,NULL,NULL,'',1,'2016-05-13 16:02:56','2016-05-13 16:02:56',1,NULL,3,0,12,0,3,0,NULL,NULL,NULL,'B0010108','14030105012000','','502','徐尚林','2011.9','成本','',1),(218,'装备科',NULL,'扬天8000K',NULL,0.0000,NULL,NULL,'',1,'2016-05-13 16:02:56','2016-05-13 16:02:56',1,NULL,3,0,12,0,3,0,NULL,NULL,NULL,'B0010109','14030105014045','','502','王盼','2012.12','成本','',1),(219,'装备科',NULL,'扬天8000K',NULL,0.0000,NULL,NULL,'',1,'2016-05-13 16:02:56','2016-05-13 16:02:56',1,NULL,3,0,12,0,3,0,NULL,NULL,NULL,'B0010110','14030105014046','','508','廉光义','2012.12','成本','',1),(220,'装备科',NULL,'7HC',NULL,0.0000,NULL,NULL,'',1,'2016-05-13 16:02:56','2016-05-13 16:02:56',1,NULL,3,0,12,0,4,0,NULL,NULL,NULL,'','14030105005821','','502','张泽','2008.11','成本','',2),(221,'装备科',NULL,'',NULL,0.0000,NULL,NULL,'',1,'2016-05-13 16:02:56','2016-05-13 16:02:56',1,NULL,3,0,12,0,4,0,NULL,NULL,NULL,'','15019901000305','','库房','','2005.12','成本','',2),(222,'装备科',NULL,'',NULL,0.0000,NULL,NULL,'',1,'2016-05-13 16:02:56','2016-05-13 16:02:56',1,NULL,3,0,12,0,4,0,NULL,NULL,NULL,'','14030105006200','','库房','','2008.12','成本','',46),(223,'装备科',NULL,'4623',NULL,0.0000,NULL,NULL,'',1,'2016-05-13 16:02:56','2016-05-13 16:02:56',1,NULL,3,0,12,0,10,0,NULL,NULL,NULL,'B0040022','14030202001998','','502','张泽','2013.9','成本','',41),(224,'装备科',NULL,'6100',NULL,0.0000,NULL,NULL,'',1,'2016-05-13 16:02:56','2016-05-13 16:02:56',1,NULL,3,0,12,0,10,0,NULL,NULL,NULL,'B0040023','14030202001983','','510','申福','2013.9','成本','',1),(225,'装备科',NULL,'',NULL,0.0000,NULL,NULL,'',1,'2016-05-13 16:02:56','2016-05-13 16:02:56',1,NULL,3,0,12,0,10,0,NULL,NULL,NULL,'B0040021','14030202000908','','503','梁海泉','2008.11','成本','',12),(226,'装备科',NULL,'WB700',NULL,0.0000,NULL,NULL,'',1,'2016-05-13 16:02:56','2016-05-13 16:02:56',1,NULL,3,0,12,0,7,0,NULL,NULL,NULL,'','14030202001838','','','','2012.12','成本','',41),(227,'装备科',NULL,'WB700',NULL,0.0000,NULL,NULL,'',1,'2016-05-13 16:02:56','2016-05-13 16:02:56',1,NULL,3,0,12,0,7,0,NULL,NULL,NULL,'','14030202001839','','','','2012.12','成本','',41),(228,'装备科',NULL,'480',NULL,0.0000,NULL,NULL,'',1,'2016-05-13 16:02:56','2016-05-13 16:02:56',1,NULL,3,0,12,0,7,0,NULL,NULL,NULL,'','15019901000596','','','','2011.10','成本','',41),(229,'装备科',NULL,'480',NULL,0.0000,NULL,NULL,'',1,'2016-05-13 16:02:56','2016-05-13 16:02:56',1,NULL,3,0,12,0,7,0,NULL,NULL,NULL,'','15019901000597','','','','2011.10','成本','',41),(230,'装备科',NULL,'D90',NULL,0.0000,NULL,NULL,'',1,'2016-05-13 16:02:56','2016-05-13 16:02:56',1,NULL,3,0,12,0,7,0,NULL,NULL,NULL,'','15019901000601','','','','2011.10','成本','',11),(231,'装备科',NULL,'VPC―SH1',NULL,0.0000,NULL,NULL,'',1,'2016-05-13 16:02:56','2016-05-13 16:02:56',1,NULL,3,0,12,0,11,0,NULL,NULL,NULL,'','','','510','','2010.8','','',19),(232,'装备科',NULL,'',NULL,0.0000,NULL,NULL,'',1,'2016-05-13 16:02:56','2016-05-13 16:02:56',1,NULL,3,0,12,0,11,0,NULL,NULL,NULL,'','','','510','','2010.8','','',36),(233,'质量安全环保科',NULL,'M4380',NULL,0.0000,NULL,NULL,'',1,'2016-05-13 16:02:56','2016-05-13 16:02:56',1,NULL,3,0,12,0,3,0,NULL,NULL,NULL,'','14030105016004','','','','2013.12','','',1),(234,'质量安全环保科',NULL,'K3RI',NULL,0.0000,NULL,NULL,'',1,'2016-05-13 16:02:56','2016-05-13 16:02:56',1,NULL,3,0,12,0,3,0,NULL,NULL,NULL,'','14030105013476','','','','2012.7','','',1),(235,'质量安全环保科',NULL,'F618',NULL,0.0000,NULL,NULL,'',1,'2016-05-13 16:02:56','2016-05-13 16:02:56',1,NULL,3,0,12,0,3,0,NULL,NULL,NULL,'','14030105014000','','','','2012.12','','',1),(236,'质量安全环保科',NULL,'M4380',NULL,0.0000,NULL,NULL,'',1,'2016-05-13 16:02:56','2016-05-13 16:02:56',1,NULL,3,0,12,0,3,0,NULL,NULL,NULL,'','14030105016005','','','','2013.12','','',1),(237,'质量安全环保科',NULL,' ',NULL,0.0000,NULL,NULL,'',1,'2016-05-13 16:02:56','2016-05-13 16:02:56',1,NULL,3,0,12,0,3,0,NULL,NULL,NULL,'','14030104000748','','','','2014.10','','',1),(238,'质量安全环保科',NULL,'扬天M6880N',NULL,0.0000,NULL,NULL,'',1,'2016-05-13 16:02:56','2016-05-13 16:02:56',1,NULL,3,0,12,0,3,0,NULL,NULL,NULL,'','14030101000050','','','','2010.12','','',1),(239,'质量安全环保科',NULL,'扬天M6880N',NULL,0.0000,NULL,NULL,'',1,'2016-05-13 16:02:56','2016-05-13 16:02:56',1,NULL,3,0,12,0,3,0,NULL,NULL,NULL,'','14030101000051','','','','2010.12','','',1),(240,'质量安全环保科',NULL,'扬天M6880N',NULL,0.0000,NULL,NULL,'',1,'2016-05-13 16:02:56','2016-05-13 16:02:56',1,NULL,3,0,12,0,3,0,NULL,NULL,NULL,'','14030101000052','','','','2010.12','','',1),(241,'质量安全环保科',NULL,'扬天M6880N',NULL,0.0000,NULL,NULL,'',1,'2016-05-13 16:02:56','2016-05-13 16:02:56',1,NULL,3,0,12,0,3,0,NULL,NULL,NULL,'','14030101000054','','','','2010.12','','',1),(242,'质量安全环保科',NULL,'天启M4380',NULL,0.0000,NULL,NULL,'',1,'2016-05-13 16:02:56','2016-05-13 16:02:56',1,NULL,3,0,12,0,3,0,NULL,NULL,NULL,'','14030105017743','','','','2015.10','','',1),(243,'质量安全环保科',NULL,'开天4600',NULL,0.0000,NULL,NULL,'',1,'2016-05-13 16:02:56','2016-05-13 16:02:56',1,NULL,3,0,12,0,3,0,NULL,NULL,NULL,'','14030105005312','','','','2008.7','','',1),(244,'质量安全环保科',NULL,'M6600',NULL,0.0000,NULL,NULL,'',1,'2016-05-13 16:02:56','2016-05-13 16:02:56',1,NULL,3,0,12,0,3,0,NULL,NULL,NULL,'','14030105009702','','','','2010.11','','',1),(245,'质量安全环保科',NULL,'T4910',NULL,0.0000,NULL,NULL,'',1,'2016-05-13 16:02:56','2016-05-13 16:02:56',1,NULL,3,0,12,0,3,0,NULL,NULL,NULL,'','14030105009435','','','','2010.8','','',1),(246,'质量安全环保科',NULL,'T4910',NULL,0.0000,NULL,NULL,'',1,'2016-05-13 16:02:56','2016-05-13 16:02:56',1,NULL,3,0,12,0,3,0,NULL,NULL,NULL,'','14030105009436','','','','2010.8','','',1),(247,'质量安全环保科',NULL,'E49A',NULL,0.0000,NULL,NULL,'',1,'2016-05-13 16:02:56','2016-05-13 16:02:56',1,NULL,3,0,12,0,4,0,NULL,NULL,NULL,'','14030105014883','','','','2013.9','','',1),(248,'质量安全环保科',NULL,'X220-A44',NULL,0.0000,NULL,NULL,'',1,'2016-05-13 16:02:56','2016-05-13 16:02:56',1,NULL,3,0,12,0,4,0,NULL,NULL,NULL,'','14030105013989','','','','2012.12','','',1),(249,'质量安全环保科',NULL,'2908',NULL,0.0000,NULL,NULL,'',1,'2016-05-13 16:02:56','2016-05-13 16:02:56',1,NULL,3,0,12,0,4,0,NULL,NULL,NULL,'','14030105005365','','','','2008.8','','',12),(250,'质量安全环保科',NULL,'480',NULL,0.0000,NULL,NULL,'',1,'2016-05-13 16:02:56','2016-05-13 16:02:56',1,NULL,3,0,12,0,5,0,NULL,NULL,NULL,'','14030202001674','','','','2011.12','','',41),(251,'质量安全环保科',NULL,'1020',NULL,0.0000,NULL,NULL,'',1,'2016-05-13 16:02:56','2016-05-13 16:02:56',1,NULL,3,0,12,0,5,0,NULL,NULL,NULL,'','14030202001631','','','','2011.10','','',12),(252,'质量安全环保科',NULL,'1008',NULL,0.0000,NULL,NULL,'',1,'2016-05-13 16:02:56','2016-05-13 16:02:56',1,NULL,3,0,12,0,5,0,NULL,NULL,NULL,'','14030202001441','','','','2010.11','','',12),(253,'质量安全环保科',NULL,'1008',NULL,0.0000,NULL,NULL,'',1,'2016-05-13 16:02:56','2016-05-13 16:02:56',1,NULL,3,0,12,0,5,0,NULL,NULL,NULL,'','14030202001444','','','','2010.11','','',12),(254,'质量安全环保科',NULL,'3200',NULL,0.0000,NULL,NULL,'',1,'2016-05-13 16:02:56','2016-05-13 16:02:56',1,NULL,3,0,12,0,10,0,NULL,NULL,NULL,'','14030202001888','','','','2012.12','','',44),(255,'质量安全环保科',NULL,'T90',NULL,0.0000,NULL,NULL,'',1,'2016-05-13 16:02:56','2016-05-13 16:02:56',1,NULL,3,0,12,0,7,0,NULL,NULL,NULL,'','15150103000299','','','','2010.6','','',19),(256,'质量安全环保科',NULL,'LUX5',NULL,0.0000,NULL,NULL,'',1,'2016-05-13 16:02:56','2016-05-13 16:02:56',1,NULL,3,0,12,0,7,0,NULL,NULL,NULL,'','14030299000431','','','','2013.12','','',14),(257,'质量安全环保科',NULL,'LUX5',NULL,0.0000,NULL,NULL,'',1,'2016-05-13 16:02:56','2016-05-13 16:02:56',1,NULL,3,0,12,0,7,0,NULL,NULL,NULL,'','14030299000432','','','','2013.12','','',14),(258,'质量安全环保科',NULL,'LUX5',NULL,0.0000,NULL,NULL,'',1,'2016-05-13 16:02:56','2016-05-13 16:02:56',1,NULL,3,0,12,0,7,0,NULL,NULL,NULL,'','14030299000438','','','','2013.12','','',14),(259,'质量安全环保科',NULL,' ',NULL,0.0000,NULL,NULL,'',1,'2016-05-13 16:02:56','2016-05-13 16:02:56',1,NULL,3,0,12,0,8,0,NULL,NULL,NULL,'','14030207000206','','','','2010.8','','',46),(260,'生产运行科',NULL,'F618',NULL,0.0000,NULL,NULL,'2016年5月11日由朱柏宇提供，替换原罗晓宇提供数据',1,'2016-05-13 16:02:56','2016-05-13 16:02:56',1,NULL,3,0,12,0,3,0,NULL,NULL,NULL,'','14030105014008','','','火建忠','2014.7','','',1),(261,'生产运行科',NULL,'F618',NULL,0.0000,NULL,NULL,'2016年5月11日由朱柏宇提供，替换原罗晓宇提供数据',1,'2016-05-13 16:02:56','2016-05-13 16:02:56',1,NULL,3,0,12,0,3,0,NULL,NULL,NULL,'','14030105014006','','','罗晓宇','2014.7','','',1),(262,'生产运行科',NULL,'启天M4380',NULL,0.0000,NULL,NULL,'2016年5月11日由朱柏宇提供，替换原罗晓宇提供数据',1,'2016-05-13 16:02:56','2016-05-13 16:02:56',1,NULL,3,0,12,0,3,0,NULL,NULL,NULL,'','14039901000455','','','余江','2015.2','','',1),(263,'生产运行科',NULL,'启天M4380',NULL,0.0000,NULL,NULL,'2016年5月11日由朱柏宇提供，替换原罗晓宇提供数据',1,'2016-05-13 16:02:56','2016-05-13 16:02:56',1,NULL,3,0,12,0,3,0,NULL,NULL,NULL,'','14039901000451','','','石玉建','2014.12','','',1),(264,'生产运行科',NULL,'启天M4380',NULL,0.0000,NULL,NULL,'2016年5月11日由朱柏宇提供，替换原罗晓宇提供数据',1,'2016-05-13 16:02:56','2016-05-13 16:02:56',1,NULL,3,0,12,0,3,0,NULL,NULL,NULL,'','14039901000456','','','马连增','2014.12','','',1),(265,'生产运行科',NULL,'启天M4380',NULL,0.0000,NULL,NULL,'2016年5月11日由朱柏宇提供，替换原罗晓宇提供数据',1,'2016-05-13 16:02:56','2016-05-13 16:02:56',1,NULL,3,0,12,0,3,0,NULL,NULL,NULL,'','14039901000454','','','刘军','2014.12','','',1),(266,'生产运行科',NULL,'F618',NULL,0.0000,NULL,NULL,'2016年5月11日由朱柏宇提供，替换原罗晓宇提供数据',1,'2016-05-13 16:02:56','2016-05-13 16:02:56',1,NULL,3,0,12,0,3,0,NULL,NULL,NULL,'','14030105014006','','','王春生','2014.12','','',1),(267,'生产运行科',NULL,'扬天M6880N',NULL,0.0000,NULL,NULL,'2016年5月11日由朱柏宇提供，替换原罗晓宇提供数据',1,'2016-05-13 16:02:56','2016-05-13 16:02:56',1,NULL,3,0,12,0,3,0,NULL,NULL,NULL,'','14030101000039','','','马敏、许志文','2010.12','','',1),(268,'生产运行科',NULL,'扬天M6880N',NULL,0.0000,NULL,NULL,'2016年5月11日由朱柏宇提供，替换原罗晓宇提供数据',1,'2016-05-13 16:02:56','2016-05-13 16:02:56',1,NULL,3,0,12,0,3,0,NULL,NULL,NULL,'','14030101000040','','','任文峰','2010.12','','',1),(269,'生产运行科',NULL,'A8000K',NULL,0.0000,NULL,NULL,'2016年5月11日由朱柏宇提供，替换原罗晓宇提供数据',1,'2016-05-13 16:02:57','2016-05-13 16:02:57',1,NULL,3,0,12,0,3,0,NULL,NULL,NULL,'','14030105012110','','','刘全峰','2011.1','','',1),(270,'生产运行科',NULL,'A8000K',NULL,0.0000,NULL,NULL,'2016年5月11日由朱柏宇提供，替换原罗晓宇提供数据',1,'2016-05-13 16:02:57','2016-05-13 16:02:57',1,NULL,3,0,12,0,3,0,NULL,NULL,NULL,'','14030105012111','','','应急大屏','2011.1','','',1),(271,'生产运行科',NULL,'启天2700',NULL,0.0000,NULL,NULL,'2016年5月11日由朱柏宇提供，替换原罗晓宇提供数据',1,'2016-05-13 16:02:57','2016-05-13 16:02:57',1,NULL,3,0,12,0,3,0,NULL,NULL,NULL,'','14030105005363','','','A7汇报电脑','2008.8','','',1),(272,'生产运行科',NULL,'K47G',NULL,0.0000,NULL,NULL,'2016年5月11日由朱柏宇提供，替换原罗晓宇提供数据',1,'2016-05-13 16:02:57','2016-05-13 16:02:57',1,NULL,3,0,12,0,4,0,NULL,NULL,NULL,'','14030105012388','','','罗晓宇','2011.12','','',1),(273,'生产运行科',NULL,' E5410',NULL,0.0000,NULL,NULL,'2016年5月11日由朱柏宇提供，替换原罗晓宇提供数据',1,'2016-05-13 16:02:57','2016-05-13 16:02:57',1,NULL,3,0,12,0,4,0,NULL,NULL,NULL,'','14030105013305','','','任文峰','2010.12','','',13),(274,'生产运行科',NULL,' ',NULL,0.0000,NULL,NULL,'2016年5月11日由朱柏宇提供，替换原罗晓宇提供数据',1,'2016-05-13 16:02:57','2016-05-13 16:02:57',1,NULL,3,0,12,0,4,0,NULL,NULL,NULL,'','14030105006208','','','石玉建','2008.12','','',1),(275,'生产运行科',NULL,'6100',NULL,0.0000,NULL,NULL,'2016年5月11日由朱柏宇提供，替换原罗晓宇提供数据',1,'2016-05-13 16:02:57','2016-05-13 16:02:57',1,NULL,3,0,12,0,10,0,NULL,NULL,NULL,'','14030202001819','','','火建忠','2012.12','','',1),(276,'生产运行科',NULL,'565PR',NULL,0.0000,NULL,NULL,'2016年5月11日由朱柏宇提供，替换原罗晓宇提供数据',1,'2016-05-13 16:02:57','2016-05-13 16:02:57',1,NULL,3,0,12,0,10,0,NULL,NULL,NULL,'','14030202001680','','','罗晓宇','2011.12','','',41),(277,'生产运行科',NULL,'3200B',NULL,0.0000,NULL,NULL,'2016年5月11日由朱柏宇提供，替换原罗晓宇提供数据',1,'2016-05-13 16:02:57','2016-05-13 16:02:57',1,NULL,3,0,12,0,10,0,NULL,NULL,NULL,'','14030202001675','','','余江','2011.12','','',44),(278,'生产运行科',NULL,'565PR',NULL,0.0000,NULL,NULL,'2016年5月11日由朱柏宇提供，替换原罗晓宇提供数据',1,'2016-05-13 16:02:57','2016-05-13 16:02:57',1,NULL,3,0,12,0,10,0,NULL,NULL,NULL,'','14030202001634','','','石玉建','2011.1','','',41),(279,'生产运行科',NULL,'565PR',NULL,0.0000,NULL,NULL,'2016年5月11日由朱柏宇提供，替换原罗晓宇提供数据',1,'2016-05-13 16:02:57','2016-05-13 16:02:57',1,NULL,3,0,12,0,10,0,NULL,NULL,NULL,'','14030202001495','','','马连增','2010.12','','',41),(280,'生产运行科',NULL,'WB700',NULL,0.0000,NULL,NULL,'2016年5月11日由朱柏宇提供，替换原罗晓宇提供数据',1,'2016-05-13 16:02:57','2016-05-13 16:02:57',1,NULL,3,0,12,0,12,0,NULL,NULL,NULL,'','14030202001840','','','罗晓宇','2012.12','','',47),(281,'生产运行科',NULL,'S-728',NULL,0.0000,NULL,NULL,'2016年5月11日由朱柏宇提供，替换原罗晓宇提供数据',1,'2016-05-13 16:02:57','2016-05-13 16:02:57',1,NULL,3,0,12,0,16,0,NULL,NULL,NULL,'','','','','罗晓宇','2008.12','','',25),(282,'库塔项目部',NULL,'ideacentrek3r1',NULL,0.0000,NULL,NULL,'',1,'2016-05-13 16:02:57','2016-05-13 16:02:57',1,NULL,3,0,12,0,3,0,NULL,NULL,NULL,'','','NS13845307','库塔项目部','邓春生','2011.6','成本','',1),(283,'库塔项目部',NULL,'ideacentrek3r1',NULL,0.0000,NULL,NULL,'',1,'2016-05-13 16:02:57','2016-05-13 16:02:57',1,NULL,3,0,12,0,3,0,NULL,NULL,NULL,'','','NS13845353','库塔项目部','徐富强','2011.6','成本','',1),(284,'库塔项目部',NULL,'新圆梦F558',NULL,0.0000,NULL,NULL,'',1,'2016-05-13 16:02:57','2016-05-13 16:02:57',1,NULL,3,0,12,0,3,0,NULL,NULL,NULL,'','','NS15885740','库塔项目部','江建新','2012.2','成本','',1),(285,'库塔项目部',NULL,'10CD-S00400',NULL,0.0000,NULL,NULL,'',1,'2016-05-13 16:02:57','2016-05-13 16:02:57',1,NULL,3,0,12,0,3,0,NULL,NULL,NULL,'','','IS10c0s00 400pb00bjts','库塔项目部','邵平','2013.1','成本','',1),(286,'库塔项目部',NULL,'DX2390',NULL,0.0000,NULL,NULL,'',1,'2016-05-13 16:02:57','2016-05-13 16:02:57',1,NULL,3,0,12,0,3,0,NULL,NULL,NULL,'','','X15-66094','库塔项目部','刘中文','2011.11','成本','',12),(287,'库塔项目部',NULL,'昭阳K47G',NULL,0.0000,NULL,NULL,'',1,'2016-05-13 16:02:57','2016-05-13 16:02:57',1,NULL,3,0,12,0,4,0,NULL,NULL,NULL,'','','EB24425197','库塔项目部','钟广荣','2011.6','成本','',1),(288,'库塔项目部',NULL,'inspiron i4r',NULL,0.0000,NULL,NULL,'',1,'2016-05-13 16:02:57','2016-05-13 16:02:57',1,NULL,3,0,12,0,4,0,NULL,NULL,NULL,'','','3916846225','库塔项目部','古天星','2012.1','成本','',13),(289,'库塔项目部',NULL,'B44400S',NULL,0.0000,NULL,NULL,'',1,'2016-05-13 16:02:57','2016-05-13 16:02:57',1,NULL,3,0,12,0,4,0,NULL,NULL,NULL,'','','wb12886973','库塔项目部','黄家正','2013.9','成本','',1),(290,'库塔项目部',NULL,'THINKPAD',NULL,0.0000,NULL,NULL,'',1,'2016-05-13 16:02:57','2016-05-13 16:02:57',1,NULL,3,0,12,0,4,0,NULL,NULL,NULL,'','','0B6537','库塔项目部','杨胜明','2013.11','成本','',1),(291,'库塔项目部',NULL,'Y470',NULL,0.0000,NULL,NULL,'',1,'2016-05-13 16:02:57','2016-05-13 16:02:57',1,NULL,3,0,12,0,4,0,NULL,NULL,NULL,'','','11929354','库塔项目部','余鸿鹄','2011.11','科研','',1),(292,'库塔项目部',NULL,'昭阳K47G',NULL,0.0000,NULL,NULL,'',1,'2016-05-13 16:02:57','2016-05-13 16:02:57',1,NULL,3,0,12,0,4,0,NULL,NULL,NULL,'','','EB24425145','库塔项目部','刘中文','2011.4','成本','',1),(293,'库塔项目部',NULL,'昭阳K47G',NULL,0.0000,NULL,NULL,'',1,'2016-05-13 16:02:57','2016-05-13 16:02:57',1,NULL,3,0,12,0,4,0,NULL,NULL,NULL,'','','EB24425345','库塔项目部','赵炜','2011.6','成本','',1),(294,'库塔项目部',NULL,'LASERJET P1108',NULL,0.0000,NULL,NULL,'',1,'2016-05-13 16:02:57','2016-05-13 16:02:57',1,NULL,3,0,12,0,5,0,NULL,NULL,NULL,'','','CE665A','库塔项目部','邓春生','2011.11','成本','',12),(295,'库塔项目部',NULL,'SCX-4623FH',NULL,0.0000,NULL,NULL,'',1,'2016-05-13 16:02:57','2016-05-13 16:02:57',1,NULL,3,0,12,0,10,0,NULL,NULL,NULL,'','','Z2VVBAAZ548925T','库塔项目部','钟广荣','2011.11','成本','',41),(296,'库塔项目部',NULL,'SF-565PR',NULL,0.0000,NULL,NULL,'',1,'2016-05-13 16:02:57','2016-05-13 16:02:57',1,NULL,3,0,12,0,10,0,NULL,NULL,NULL,'','','9F40BACB701048B','库塔项目部','徐富强','2011.11','成本','',41),(297,'库塔项目部',NULL,'SCX-3401',NULL,0.0000,NULL,NULL,'',1,'2016-05-13 16:02:57','2016-05-13 16:02:57',1,NULL,3,0,12,0,10,0,NULL,NULL,NULL,'','','274BBACBB02762A','库塔项目部','江建新','2011.11','成本','',41),(298,'库塔项目部',NULL,'M3020',NULL,0.0000,NULL,NULL,'',1,'2016-05-13 16:02:57','2016-05-13 16:02:57',1,NULL,3,0,12,0,10,0,NULL,NULL,NULL,'','','LP00082417','库塔项目部','邵平','2010.8','成本','',1),(299,'库塔项目部',NULL,'PC1732',NULL,0.0000,NULL,NULL,'',1,'2016-05-13 16:02:57','2016-05-13 16:02:57',1,NULL,3,0,12,0,7,0,NULL,NULL,NULL,'','','434063002604','库塔项目部','刘中文','2011.11','成本','',21),(300,'库塔项目部',NULL,'',NULL,0.0000,NULL,NULL,'',1,'2016-05-13 16:02:57','2016-05-13 16:02:57',1,NULL,3,0,12,0,7,0,NULL,NULL,NULL,'','','3320466','库塔项目部','杨胜明','2013.1','成本','',19),(301,'库塔项目部',NULL,'DSC-HX400',NULL,0.0000,NULL,NULL,'',1,'2016-05-13 16:02:57','2016-05-13 16:02:57',1,NULL,3,0,12,0,7,0,NULL,NULL,NULL,'','','','库塔项目部','黄家正','2014.5','工会','',19),(302,'库塔项目部',NULL,'polyconm-hdx 700',NULL,0.0000,NULL,NULL,'',1,'2016-05-13 16:02:57','2016-05-13 16:02:57',1,NULL,3,0,12,0,17,0,NULL,NULL,NULL,'','','','库塔项目部','钟广荣','2013.1','成本','',48),(303,'物资供应站',NULL,'扬天M7100N',NULL,0.0000,NULL,NULL,'',1,'2016-05-13 16:02:57','2016-05-13 16:02:57',1,NULL,3,0,12,0,3,0,NULL,NULL,NULL,'','','NS14399336','站长','付善勇','2010.11','','',1),(304,'物资供应站',NULL,'新圆梦F558',NULL,0.0000,NULL,NULL,'',1,'2016-05-13 16:02:57','2016-05-13 16:02:57',1,NULL,3,0,12,0,3,0,NULL,NULL,NULL,'','','NS14187676','书记','王朝','2011.1','','',1),(305,'物资供应站',NULL,'家悦ER202  ',NULL,0.0000,NULL,NULL,'',1,'2016-05-13 16:02:57','2016-05-13 16:02:57',1,NULL,3,0,12,0,3,0,NULL,NULL,NULL,'B0010123','14030105005368','NS10609342','大二线','张磊','2010.5','','',1),(306,'物资供应站',NULL,'家悦ER622 ',NULL,0.0000,NULL,NULL,'',1,'2016-05-13 16:02:57','2016-05-13 16:02:57',1,NULL,3,0,12,0,3,0,NULL,NULL,NULL,'B0010124','14030105010039','NS10674600','计划员','胡建','2010.6','','',1),(307,'物资供应站',NULL,'家悦ER622  ',NULL,0.0000,NULL,NULL,'',1,'2016-05-13 16:02:57','2016-05-13 16:02:57',1,NULL,3,0,12,0,3,0,NULL,NULL,NULL,'B0010125','14030105010040','NS10674613','计划员','暂无人使用','2010.6','','',1),(308,'物资供应站',NULL,'家悦ER202 ',NULL,0.0000,NULL,NULL,'',1,'2016-05-13 16:02:57','2016-05-13 16:02:57',1,NULL,3,0,12,0,3,0,NULL,NULL,NULL,'B0010126','14030105010041','NS10757180','副站长','贾小辉','2010.8','','',1),(309,'物资供应站',NULL,'家悦ER432 ',NULL,0.0000,NULL,NULL,'',1,'2016-05-13 16:02:57','2016-05-13 16:02:57',1,NULL,3,0,12,0,3,0,NULL,NULL,NULL,'B0010127','14030105010042','NS10923514','轮南库房','王军','2010.11','','',1),(310,'物资供应站',NULL,'联想M6880N',NULL,0.0000,NULL,NULL,'',1,'2016-05-13 16:02:57','2016-05-13 16:02:57',1,NULL,3,0,12,0,3,0,NULL,NULL,NULL,'B0010128','14030105012119','NS12301934','计划员','颜清','2010.3','','',1),(311,'物资供应站',NULL,'家悦ER432',NULL,0.0000,NULL,NULL,'',1,'2016-05-13 16:02:57','2016-05-13 16:02:57',1,NULL,3,0,12,0,3,0,NULL,NULL,NULL,'B0010130','14030105012352','NS10643458','轮南库房','吕卫东','2010.7','','',1),(312,'物资供应站',NULL,'联想K3RI',NULL,0.0000,NULL,NULL,'',1,'2016-05-13 16:02:57','2016-05-13 16:02:57',1,NULL,3,0,12,0,3,0,NULL,NULL,NULL,'B0010131','14030105012718','NS13845308','副站长','任勇','2011.6','','',1),(313,'物资供应站',NULL,'联想T4900',NULL,0.0000,NULL,NULL,'',1,'2016-05-13 16:02:57','2016-05-13 16:02:57',1,NULL,3,0,12,0,3,0,NULL,NULL,NULL,'B0010133','14030105014398','NS12301990','大二线','黄香红','2010.3','','',1),(314,'物资供应站',NULL,'启天M7370  ',NULL,0.0000,NULL,NULL,'',1,'2016-05-13 16:02:57','2016-05-13 16:02:57',1,NULL,3,0,12,0,3,0,NULL,NULL,NULL,'B0010134','14030105014399','NA17418666','计划员','周朝东  ','2012.2','','',1),(315,'物资供应站',NULL,'启天M7300',NULL,0.0000,NULL,NULL,'',1,'2016-05-13 16:02:57','2016-05-13 16:02:57',1,NULL,3,0,12,0,3,0,NULL,NULL,NULL,'B0010135','14030105014864','NA18525874','大二线','母家勇','2012.8','','',1),(316,'物资供应站',NULL,'联想K3RI',NULL,0.0000,NULL,NULL,'',1,'2016-05-13 16:02:57','2016-05-13 16:02:57',1,NULL,3,0,12,0,3,0,NULL,NULL,NULL,'B0010136','14030105015998','NS19962503','大二线库房','张小平','2013.9','','',1),(317,'物资供应站',NULL,'扬天M3310D',NULL,0.0000,NULL,NULL,'',1,'2016-05-13 16:02:57','2016-05-13 16:02:57',1,NULL,3,0,12,0,3,0,NULL,NULL,NULL,'B0010137','14030105015999','NS13766155','轮南库房','曾候明','2011.5','','',1),(318,'物资供应站',NULL,'扬天T2930V ',NULL,0.0000,NULL,NULL,'',1,'2016-05-13 16:02:57','2016-05-13 16:02:57',1,NULL,3,0,12,0,3,0,NULL,NULL,NULL,'B0010138','','NS12886471','调走','张志军','2010.6','','',1),(319,'物资供应站',NULL,'启天M4360-N085',NULL,0.0000,NULL,NULL,'',1,'2016-05-13 16:02:57','2016-05-13 16:02:57',1,NULL,3,0,12,0,3,0,NULL,NULL,NULL,'B0010139','','858387859','计划员','黄麒东','2014.12','','',1),(320,'物资供应站',NULL,'扬天T4910 ',NULL,0.0000,NULL,NULL,'',1,'2016-05-13 16:02:57','2016-05-13 16:02:57',1,NULL,3,0,12,0,3,0,NULL,NULL,NULL,'B0010140','','NS12205097','计划员','黄汉新','2010.2','','',1),(321,'物资供应站',NULL,'扬天T2930V             ',NULL,0.0000,NULL,NULL,'',1,'2016-05-13 16:02:57','2016-05-13 16:02:57',1,NULL,3,0,12,0,3,0,NULL,NULL,NULL,'B0010141','','NS12686431','合同管理','凌毅恒','2010.6','','',1),(322,'物资供应站',NULL,' 开天M6900           ',NULL,0.0000,NULL,NULL,'',1,'2016-05-13 16:02:57','2016-05-13 16:02:57',1,NULL,3,0,12,0,3,0,NULL,NULL,NULL,'B0010142','','NA10679329','资料员','李燕办','2008.12','','',1),(323,'物资供应站',NULL,'DELL270G',NULL,0.0000,NULL,NULL,'',1,'2016-05-13 16:02:57','2016-05-13 16:02:57',1,NULL,3,0,12,0,3,0,NULL,NULL,NULL,'B0010143','','N;V869000dc','稽核员','杨蕾','2013.5','','',49),(324,'物资供应站',NULL,'家悦ER202',NULL,0.0000,NULL,NULL,'',1,'2016-05-13 16:02:57','2016-05-13 16:02:57',1,NULL,3,0,12,0,3,0,NULL,NULL,NULL,'B0010144','','NS1060941520','稽核员','刘祖江','2011.12','','',1),(325,'物资供应站',NULL,'扬天M5300N',NULL,0.0000,NULL,NULL,'',1,'2016-05-13 16:02:57','2016-05-13 16:02:57',1,NULL,3,0,12,0,3,0,NULL,NULL,NULL,'B0010145','','NS11253722','资料员','张燕','2009.7','','',1),(326,'物资供应站',NULL,'开天M6900',NULL,0.0000,NULL,NULL,'',1,'2016-05-13 16:02:57','2016-05-13 16:02:57',1,NULL,3,0,12,0,3,0,NULL,NULL,NULL,'B0010146','','NA10403921','轮南库房','钟新建','2008.11','','',1),(327,'物资供应站',NULL,'开天B6600',NULL,0.0000,NULL,NULL,'',1,'2016-05-13 16:02:57','2016-05-13 16:02:57',1,NULL,3,0,12,0,3,0,NULL,NULL,NULL,'B0010147','','NA09322601','轮南库房','袁新武','','','',1),(328,'物资供应站',NULL,'家悦ER432',NULL,0.0000,NULL,NULL,'',1,'2016-05-13 16:02:57','2016-05-13 16:02:57',1,NULL,3,0,12,0,3,0,NULL,NULL,NULL,'B0010148','','2011-12-22','轮南库房','吕卫东','','','',1),(329,'物资供应站',NULL,'扬天4600C         ',NULL,0.0000,NULL,NULL,'',1,'2016-05-13 16:02:57','2016-05-13 16:02:57',1,NULL,3,0,12,0,3,0,NULL,NULL,NULL,'B0010149','','NS05478803','大二线','于鲁新','2006.11','','',1),(330,'物资供应站',NULL,'家悦ER202',NULL,0.0000,NULL,NULL,'',1,'2016-05-13 16:02:57','2016-05-13 16:02:57',1,NULL,3,0,12,0,3,0,NULL,NULL,NULL,'B0010150','','NS15811485','大二线','张小平','2012.1','','',1),(331,'物资供应站',NULL,'新圆梦F618',NULL,0.0000,NULL,NULL,'',1,'2016-05-13 16:02:57','2016-05-13 16:02:57',1,NULL,3,0,12,0,3,0,NULL,NULL,NULL,'B0010151','','NS15811075','大二线','李乐尧','2010.7','','',1),(332,'物资供应站',NULL,'联想M7300',NULL,0.0000,NULL,NULL,'',1,'2016-05-13 16:02:57','2016-05-13 16:02:57',1,NULL,3,0,12,0,3,0,NULL,NULL,NULL,'','14030105014026','','副站长','贾晓辉','','','',1),(333,'物资供应站',NULL,'联想M7300',NULL,0.0000,NULL,NULL,'',1,'2016-05-13 16:02:57','2016-05-13 16:02:57',1,NULL,3,0,12,0,3,0,NULL,NULL,NULL,'','14030105014027','','轮南库房','王军','','','',1),(334,'物资供应站',NULL,'联想M7300',NULL,0.0000,NULL,NULL,'',1,'2016-05-13 16:02:57','2016-05-13 16:02:57',1,NULL,3,0,12,0,3,0,NULL,NULL,NULL,'','14030105014028','','大二线','唐胜','','','',1),(335,'物资供应站',NULL,'启天M4500-N075',NULL,0.0000,NULL,NULL,'',1,'2016-05-13 16:02:57','2016-05-13 16:02:57',1,NULL,3,0,12,0,3,0,NULL,NULL,NULL,'','','8575478','合同管理','王文贤','2015.4','','',1),(336,'物资供应站',NULL,'HPI12C',NULL,0.0000,NULL,NULL,'',1,'2016-05-13 16:02:57','2016-05-13 16:02:57',1,NULL,3,0,12,0,4,0,NULL,NULL,NULL,'B0020108','','5085786457','站内','杨蕾','2012.7','','',12),(337,'物资供应站',NULL,'P34F',NULL,0.0000,NULL,NULL,'',1,'2016-05-13 16:02:57','2016-05-13 16:02:57',1,NULL,3,0,12,0,4,0,NULL,NULL,NULL,'B0020109','14030105015972','2c3y1y1','站内','杨蕾','2011.1','','',13),(338,'物资供应站',NULL,'Think pad*240',NULL,0.0000,NULL,NULL,'',1,'2016-05-13 16:02:57','2016-05-13 16:02:57',1,NULL,3,0,12,0,4,0,NULL,NULL,NULL,'B0020110','14030105015973','SL10F31638JS','站内','杨蕾','2013.12','','',1),(339,'物资供应站',NULL,'HP44165',NULL,0.0000,NULL,NULL,'',1,'2016-05-13 16:02:57','2016-05-13 16:02:57',1,NULL,3,0,12,0,4,0,NULL,NULL,NULL,'B0020111','14030105009437','无标签、查不到','轮南库房','王军','2008.5','','',12),(340,'物资供应站',NULL,' pavilion 94',NULL,0.0000,NULL,NULL,'',1,'2016-05-13 16:02:57','2016-05-13 16:02:57',1,NULL,3,0,12,0,4,0,NULL,NULL,NULL,'','14030105014055','','站内','杨蕾','','','',1),(341,'物资供应站',NULL,' inspiron 15R-N5NO',NULL,0.0000,NULL,NULL,'',1,'2016-05-13 16:02:57','2016-05-13 16:02:57',1,NULL,3,0,12,0,4,0,NULL,NULL,NULL,'','14030105014056','','计划员','黄麒东','','','',13),(342,'物资供应站',NULL,'LQ-2680K',NULL,0.0000,NULL,NULL,'',1,'2016-05-13 16:02:57','2016-05-13 16:02:57',1,NULL,3,0,12,0,5,0,NULL,NULL,NULL,'B0030025','14030202001463','K6JY017643','大二线','黄香红','2010.2','','',16),(343,'物资供应站',NULL,'LQ-2680',NULL,0.0000,NULL,NULL,'',1,'2016-05-13 16:02:57','2016-05-13 16:02:57',1,NULL,3,0,12,0,5,0,NULL,NULL,NULL,'B0030026','14030202001468','LWHH009275','轮南库房','王军','2010.1','','',16),(344,'物资供应站',NULL,'理光3400',NULL,0.0000,NULL,NULL,'',1,'2016-05-13 16:02:57','2016-05-13 16:02:57',1,NULL,3,0,12,0,5,0,NULL,NULL,NULL,'B0030027','14030202001816','55709500430','稽核员','刘祖江','2010.11','','',18),(345,'物资供应站',NULL,'理光3400',NULL,0.0000,NULL,NULL,'',1,'2016-05-13 16:02:57','2016-05-13 16:02:57',1,NULL,3,0,12,0,5,0,NULL,NULL,NULL,'B0030028','14030202001817','S5709500490','大二线','李乐尧','2010.11','','',18),(346,'物资供应站',NULL,'理光3400',NULL,0.0000,NULL,NULL,'',1,'2016-05-13 16:02:57','2016-05-13 16:02:57',1,NULL,3,0,12,0,5,0,NULL,NULL,NULL,'B0030029','14030202001818','S5709500271','轮南库房','王军','2011.11','','',18),(347,'物资供应站',NULL,'1020',NULL,0.0000,NULL,NULL,'',1,'2016-05-13 16:02:57','2016-05-13 16:02:57',1,NULL,3,0,12,0,5,0,NULL,NULL,NULL,'B0030030','','E-B021-03-1765','大二线','于鲁新','2007.5','','',12),(348,'物资供应站',NULL,'1800',NULL,0.0000,NULL,NULL,'',1,'2016-05-13 16:02:57','2016-05-13 16:02:57',1,NULL,3,0,12,0,5,0,NULL,NULL,NULL,'B0030031','','CC366A','轮南库房','袁新武','2012.1','','',12),(349,'物资供应站',NULL,'F147400',NULL,0.0000,NULL,NULL,'',1,'2016-05-13 16:02:57','2016-05-13 16:02:57',1,NULL,3,0,12,0,5,0,NULL,NULL,NULL,'B0030032','','SEU32526','轮南库房','钟新建','2011','','',21),(350,'物资供应站',NULL,'LQ630K',NULL,0.0000,NULL,NULL,'',1,'2016-05-13 16:02:57','2016-05-13 16:02:57',1,NULL,3,0,12,0,5,0,NULL,NULL,NULL,'B00400031','','EK9HP62421','稽核员','刘祖江','2013.9','','',16),(351,'物资供应站',NULL,'LQ630K',NULL,0.0000,NULL,NULL,'',1,'2016-05-13 16:02:57','2016-05-13 16:02:57',1,NULL,3,0,12,0,5,0,NULL,NULL,NULL,'B00400032','','ZK9HP62383','大二线','母家勇','2013.9','','',16),(352,'物资供应站',NULL,'1008',NULL,0.0000,NULL,NULL,'',1,'2016-05-13 16:02:57','2016-05-13 16:02:57',1,NULL,3,0,12,0,5,0,NULL,NULL,NULL,'B0030033','','VNF4719568','稽核员','杨蕾','2011.7','','',12),(353,'物资供应站',NULL,'ML-1676',NULL,0.0000,NULL,NULL,'',1,'2016-05-13 16:02:57','2016-05-13 16:02:57',1,NULL,3,0,12,0,5,0,NULL,NULL,NULL,'','','','','暂存大二线','','','',41),(354,'物资供应站',NULL,' DESKJET 1000',NULL,0.0000,NULL,NULL,'',1,'2016-05-13 16:02:57','2016-05-13 16:02:57',1,NULL,3,0,12,0,5,0,NULL,NULL,NULL,'','','','','暂存大二线','','','',12),(355,'物资供应站',NULL,'SF-565P',NULL,0.0000,NULL,NULL,'',1,'2016-05-13 16:02:57','2016-05-13 16:02:57',1,NULL,3,0,12,0,10,0,NULL,NULL,NULL,'B00400025','14030202001616','9F40BACB600747W','副站长','任勇','2010.12','','',41),(356,'物资供应站',NULL,'SF-565P',NULL,0.0000,NULL,NULL,'',1,'2016-05-13 16:02:57','2016-05-13 16:02:57',1,NULL,3,0,12,0,10,0,NULL,NULL,NULL,'B00400026','14030202001617','Z2VVDAAZ535175T','大二线','唐胜','2011.8','','',41),(357,'物资供应站',NULL,'3200B',NULL,0.0000,NULL,NULL,'',1,'2016-05-13 16:02:57','2016-05-13 16:02:57',1,NULL,3,0,12,0,10,0,NULL,NULL,NULL,'B00400027','14030202001699','NGA464497','大二线','黄香红大二线','2011.10','','',44),(358,'物资供应站',NULL,'3200B',NULL,0.0000,NULL,NULL,'',1,'2016-05-13 16:02:57','2016-05-13 16:02:57',1,NULL,3,0,12,0,10,0,NULL,NULL,NULL,'B00400028','14030202001700','NGA461593','','计划员大办公室','2011.12','','',50),(359,'物资供应站',NULL,' M7150F',NULL,0.0000,NULL,NULL,'',1,'2016-05-13 16:02:57','2016-05-13 16:02:57',1,NULL,3,0,12,0,10,0,NULL,NULL,NULL,'B00400029','14030202001990','CP00078099','轮南库房','王军','不详','','',1),(360,'物资供应站',NULL,'3200',NULL,0.0000,NULL,NULL,'',1,'2016-05-13 16:02:57','2016-05-13 16:02:57',1,NULL,3,0,12,0,10,0,NULL,NULL,NULL,'','1403022001814','','大二线','黄香红','2012.12','','',44),(361,'物资供应站',NULL,'3200',NULL,0.0000,NULL,NULL,'',1,'2016-05-13 16:02:57','2016-05-13 16:02:57',1,NULL,3,0,12,0,10,0,NULL,NULL,NULL,'','1403022001893','','','上交前已损坏，暂存大二线','2012.12','','',44),(362,'物资供应站',NULL,' M7400',NULL,0.0000,NULL,NULL,'',1,'2016-05-13 16:02:57','2016-05-13 16:02:57',1,NULL,3,0,12,0,10,0,NULL,NULL,NULL,'','14030202001892','','','暂存大二线','','','',1),(363,'物资供应站',NULL,'4623FH',NULL,0.0000,NULL,NULL,'',1,'2016-05-13 16:02:57','2016-05-13 16:02:57',1,NULL,3,0,12,0,10,0,NULL,NULL,NULL,'B00400030','14030202001999','Z2WBAAZ549145T','书记','王朝','2013.9','','',41),(364,'物资供应站',NULL,'e.STUPLO166',NULL,0.0000,NULL,NULL,'',1,'2016-05-13 16:02:57','2016-05-13 16:02:57',1,NULL,3,0,12,0,18,0,NULL,NULL,NULL,'B00300034','','CAK885863','107','','2010.2','','',5),(365,'物资供应站',NULL,'DSC-W3000',NULL,0.0000,NULL,NULL,'',1,'2016-05-13 16:02:57','2016-05-13 16:02:57',1,NULL,3,0,12,0,7,0,NULL,NULL,NULL,'B0050036','','9479409','','2014年转轮南库房王军','2009.11','','',19),(366,'物资供应站',NULL,'PC1468',NULL,0.0000,NULL,NULL,'',1,'2016-05-13 16:02:57','2016-05-13 16:02:57',1,NULL,3,0,12,0,7,0,NULL,NULL,NULL,'B0050037','','5403007123','大二线','2014年转大二线于鲁新','2010.10','','',21),(367,'物资供应站',NULL,'Powershot A2300',NULL,0.0000,NULL,NULL,'',1,'2016-05-13 16:02:57','2016-05-13 16:02:57',1,NULL,3,0,12,0,7,0,NULL,NULL,NULL,'','14030202001830','','大二线','唐胜','','','',21),(368,'物资供应站',NULL,'索尼DSC-hx400',NULL,0.0000,NULL,NULL,'',1,'2016-05-13 16:02:57','2016-05-13 16:02:57',1,NULL,3,0,12,0,7,0,NULL,NULL,NULL,'','','','资料员','李燕','2014.5','','',19),(369,'物资供应站',NULL,'索尼DSC-hx400',NULL,0.0000,NULL,NULL,'',1,'2016-05-13 16:02:57','2016-05-13 16:02:57',1,NULL,3,0,12,0,7,0,NULL,NULL,NULL,'','','','资料员','李燕','2014.5','','',19),(370,'物资供应站',NULL,'SX30IS',NULL,0.0000,NULL,NULL,'',1,'2016-05-13 16:02:57','2016-05-13 16:02:57',1,NULL,3,0,12,0,7,0,NULL,NULL,NULL,'','','','','80001队转入坏的，站内','','','',21),(371,'工程技术服务公司',NULL,'扬天T4900V',NULL,0.0000,NULL,NULL,'',1,'2016-05-13 16:02:57','2016-05-13 16:02:57',1,NULL,3,0,12,0,3,0,NULL,NULL,NULL,'','','','办公室','胥凯','2011.2','计划投资','',1),(372,'工程技术服务公司',NULL,'MA20778750',NULL,0.0000,NULL,NULL,'',1,'2016-05-13 16:02:57','2016-05-13 16:02:57',1,NULL,3,0,12,0,3,0,NULL,NULL,NULL,'','','','办公室','冯丽','2013.12','计划投资','',1),(373,'工程技术服务公司',NULL,'开天M6900',NULL,0.0000,NULL,NULL,'',1,'2016-05-13 16:02:57','2016-05-13 16:02:57',1,NULL,3,0,12,0,3,0,NULL,NULL,NULL,'','','','办公室','严福寿','2013.12','计划投资','',1),(374,'工程技术服务公司',NULL,'扬天T4900V',NULL,0.0000,NULL,NULL,'',1,'2016-05-13 16:02:57','2016-05-13 16:02:57',1,NULL,3,0,12,0,3,0,NULL,NULL,NULL,'','','','办公室','黄念义','2013.12','计划投资','',1),(375,'工程技术服务公司',NULL,'Ideacentre  K3R1',NULL,0.0000,NULL,NULL,'',1,'2016-05-13 16:02:57','2016-05-13 16:02:57',1,NULL,3,0,12,0,3,0,NULL,NULL,NULL,'','14030105012003','NS13845095','办公室','邵平','2011.9','计划投资','',1),(376,'工程技术服务公司',NULL,'Ideacentre  K3R1',NULL,0.0000,NULL,NULL,'',1,'2016-05-13 16:02:57','2016-05-13 16:02:57',1,NULL,3,0,12,0,3,0,NULL,NULL,NULL,'','14030105012004','ns14030313','办公室','尹建华','2011.9','计划投资','',1),(377,'工程技术服务公司',NULL,'开天M6900',NULL,0.0000,NULL,NULL,'',1,'2016-05-13 16:02:57','2016-05-13 16:02:57',1,NULL,3,0,12,0,3,0,NULL,NULL,NULL,'','','NA10679309','办公室','孙良国','2012.12','计划投资','',1),(378,'工程技术服务公司',NULL,'10C0-S00400  i5-4430S',NULL,0.0000,NULL,NULL,'',1,'2016-05-13 16:02:57','2016-05-13 16:02:57',1,NULL,3,0,12,0,3,0,NULL,NULL,NULL,'','','1S10C0S00400PB00BJTS','办公室','崔晓明','2014.5','计划投资','',1),(379,'工程技术服务公司',NULL,'10C0-S00400  i5-4430S',NULL,0.0000,NULL,NULL,'',1,'2016-05-13 16:02:57','2016-05-13 16:02:57',1,NULL,3,0,12,0,3,0,NULL,NULL,NULL,'','','1S10C0S00400PB00BM38','办公室','孙俊','2014.5','计划投资','',1),(380,'工程技术服务公司',NULL,'10C0-S00400  i5-4430S',NULL,0.0000,NULL,NULL,'',1,'2016-05-13 16:02:57','2016-05-13 16:02:57',1,NULL,3,0,12,0,3,0,NULL,NULL,NULL,'','','1S10C0S00400PB00BJTM','办公室','祝学飞','2014.5','计划投资','',1),(381,'工程技术服务公司',NULL,'10C0-S00400  i5-4430S',NULL,0.0000,NULL,NULL,'',1,'2016-05-13 16:02:57','2016-05-13 16:02:57',1,NULL,3,0,12,0,3,0,NULL,NULL,NULL,'','','1S10C0S00400PB00BJSK','办公室','唐利强','2014.5','计划投资','',1),(382,'工程技术服务公司',NULL,'10C0-S00400  i5-4430S',NULL,0.0000,NULL,NULL,'',1,'2016-05-13 16:02:57','2016-05-13 16:02:57',1,NULL,3,0,12,0,3,0,NULL,NULL,NULL,'','','1S10C0S00400PB00BM19','办公室','白帆','2014.5','计划投资','',1),(383,'工程技术服务公司',NULL,'启天M4300',NULL,0.0000,NULL,NULL,'',1,'2016-05-13 16:02:57','2016-05-13 16:02:57',1,NULL,3,0,12,0,3,0,NULL,NULL,NULL,'','','','轮南实验室','齐玉才','2011.5','计划投资','',1),(384,'工程技术服务公司',NULL,'启天M4300',NULL,0.0000,NULL,NULL,'',1,'2016-05-13 16:02:57','2016-05-13 16:02:57',1,NULL,3,0,12,0,3,0,NULL,NULL,NULL,'','','','轮南实验室','齐玉才','2011.5','计划投资','',1),(385,'工程技术服务公司',NULL,'E49',NULL,0.0000,NULL,NULL,'',1,'2016-05-13 16:02:57','2016-05-13 16:02:57',1,NULL,3,0,12,0,4,0,NULL,NULL,NULL,'','14030105014381','','办公室','王吉林','2012.12','计划投资','',1),(386,'工程技术服务公司',NULL,'ThinkPad L440  i5-4200M',NULL,0.0000,NULL,NULL,'',1,'2016-05-13 16:02:57','2016-05-13 16:02:57',1,NULL,3,0,12,0,4,0,NULL,NULL,NULL,'','','','办公室','黄念义','2014.5','计划投资','',1),(387,'工程技术服务公司',NULL,' Laser Jet P1007',NULL,0.0000,NULL,NULL,'',1,'2016-05-13 16:02:57','2016-05-13 16:02:57',1,NULL,3,0,12,0,5,0,NULL,NULL,NULL,'','','','办公室','孙俊','2009.11','计划投资','',12),(388,'工程技术服务公司',NULL,'HP1020 ',NULL,0.0000,NULL,NULL,'',1,'2016-05-13 16:02:57','2016-05-13 16:02:57',1,NULL,3,0,12,0,5,0,NULL,NULL,NULL,'','','','办公室','崔晓明','2011.9','计划投资','',12),(389,'工程技术服务公司',NULL,'LJ1680',NULL,0.0000,NULL,NULL,'',1,'2016-05-13 16:02:57','2016-05-13 16:02:57',1,NULL,3,0,12,0,5,0,NULL,NULL,NULL,'','','s/n cp00119278 cp03033106','办公室','孙良国','2014.9','计划投资','',1),(390,'工程技术服务公司',NULL,'Laser Jet P1007',NULL,0.0000,NULL,NULL,'',1,'2016-05-13 16:02:57','2016-05-13 16:02:57',1,NULL,3,0,12,0,5,0,NULL,NULL,NULL,'','','','轮南实验室','毛锦涛','2012.7','计划投资','',12),(391,'工程技术服务公司',NULL,'M7450F',NULL,0.0000,NULL,NULL,'',1,'2016-05-13 16:02:57','2016-05-13 16:02:57',1,NULL,3,0,12,0,10,0,NULL,NULL,NULL,'','','','办公室','严福寿','2012.12','计划投资','',1),(392,'工程技术服务公司',NULL,'M7400',NULL,0.0000,NULL,NULL,'',1,'2016-05-13 16:02:57','2016-05-13 16:02:57',1,NULL,3,0,12,0,10,0,NULL,NULL,NULL,'','','LP03234466 LP02121204','办公室','王吉林','2014.5','计划投资','',1),(393,'工程技术服务公司',NULL,'EB-C240X',NULL,0.0000,NULL,NULL,'',1,'2016-05-13 16:02:57','2016-05-13 16:02:57',1,NULL,3,0,12,0,8,0,NULL,NULL,NULL,'','','','办公室','黄念义','2014.3','计划投资','',16),(394,'工程技术服务公司',NULL,'TX66',NULL,0.0000,NULL,NULL,'',1,'2016-05-13 16:02:57','2016-05-13 16:02:57',1,NULL,3,0,12,0,7,0,NULL,NULL,NULL,'','14030299000398','','办公室','胥凯','2013.9','计划投资','',19),(395,'工程技术服务公司',NULL,'科密牌S-728',NULL,0.0000,NULL,NULL,'',1,'2016-05-13 16:02:57','2016-05-13 16:02:57',1,NULL,3,0,12,0,16,0,NULL,NULL,NULL,'','','','办公室','冯丽','2010.5','计划投资','',25),(396,'工程技术服务公司',NULL,'Canoscan Lide 110',NULL,0.0000,NULL,NULL,'',1,'2016-05-13 16:02:57','2016-05-13 16:02:57',1,NULL,3,0,12,0,19,0,NULL,NULL,NULL,'','','','轮南实验室','毛锦涛','2011.6','计划投资','',21),(397,'成都办事处',NULL,'联想C540',NULL,0.0000,NULL,NULL,'',1,'2016-05-13 16:02:57','2016-05-13 16:02:57',1,NULL,3,0,12,0,3,0,NULL,NULL,NULL,'','14030105015201','','主任','罗新','2013.11','成本','',1),(398,'成都办事处',NULL,'联想C540',NULL,0.0000,NULL,NULL,'',1,'2016-05-13 16:02:57','2016-05-13 16:02:57',1,NULL,3,0,12,0,3,0,NULL,NULL,NULL,'','14030105015200','','会计','李苗','2013.11','成本','',1),(399,'成都办事处',NULL,'thinkpadax1-1q1',NULL,0.0000,NULL,NULL,'',1,'2016-05-13 16:02:57','2016-05-13 16:02:57',1,NULL,3,0,12,0,4,0,NULL,NULL,NULL,'','14030105015202','','主任','罗新','2013.11','成本','',1),(400,'成都办事处',NULL,'HP1536',NULL,0.0000,NULL,NULL,'',1,'2016-05-13 16:02:57','2016-05-13 16:02:57',1,NULL,3,0,12,0,5,0,NULL,NULL,NULL,'','14030202002016','','办事员','吕蓉','2013.11','成本','',12),(401,'成都办事处',NULL,'日立27E',NULL,0.0000,NULL,NULL,'',1,'2016-05-13 16:02:57','2016-05-13 16:02:57',1,NULL,3,0,12,0,8,0,NULL,NULL,NULL,'','14030207000225','','办事员','吕蓉','2011.12','成本','',30),(402,'成都办事处',NULL,'奥图码W734',NULL,0.0000,NULL,NULL,'',1,'2016-05-13 16:02:57','2016-05-13 16:02:57',1,NULL,3,0,12,0,8,0,NULL,NULL,NULL,'','14030207000247','','办事员','吕蓉','2013.9','成本','',51),(403,'成都办事处',NULL,'尼康',NULL,0.0000,NULL,NULL,'',1,'2016-05-13 16:02:57','2016-05-13 16:02:57',1,NULL,3,0,12,0,7,0,NULL,NULL,NULL,'','14030207000226','','会计','李苗','2011.12','工会','',11),(404,'泽普办事处',NULL,'扬天R4900d',NULL,0.0000,NULL,NULL,'',1,'2016-05-13 16:02:57','2016-05-13 16:02:57',1,NULL,3,0,12,0,3,0,NULL,NULL,NULL,'','','BS02056833','主任','牙生','2014.7','','',1),(405,'泽普办事处',NULL,'扬天M6880N',NULL,0.0000,NULL,NULL,'',1,'2016-05-13 16:02:57','2016-05-13 16:02:57',1,NULL,3,0,12,0,3,0,NULL,NULL,NULL,'','14030101000043','','成本员','张涛','2010.12','','',1),(406,'泽普办事处',NULL,'HP',NULL,0.0000,NULL,NULL,'',1,'2016-05-13 16:02:57','2016-05-13 16:02:57',1,NULL,3,0,12,0,3,0,NULL,NULL,NULL,'','15019901000233','','','','2007.10','','',12),(407,'泽普办事处',NULL,'启天M4300',NULL,0.0000,NULL,NULL,'',1,'2016-05-13 16:02:57','2016-05-13 16:02:57',1,NULL,3,0,12,0,3,0,NULL,NULL,NULL,'','','','','','','','',1),(408,'泽普办事处',NULL,'HP5100',NULL,0.0000,NULL,NULL,'',1,'2016-05-13 16:02:57','2016-05-13 16:02:57',1,NULL,3,0,12,0,14,0,NULL,NULL,NULL,'','','','成本员','张涛','2000.5','','',12),(409,'泽普办事处',NULL,'LBP-2900',NULL,0.0000,NULL,NULL,'',1,'2016-05-13 16:02:57','2016-05-13 16:02:57',1,NULL,3,0,12,0,5,0,NULL,NULL,NULL,'','','','','','2013.8','','',21),(410,'泽普办事处',NULL,'SF-565P',NULL,0.0000,NULL,NULL,'',1,'2016-05-13 16:02:57','2016-05-13 16:02:57',1,NULL,3,0,12,0,10,0,NULL,NULL,NULL,'','','','主任','牙生','2014.5','','',41),(411,'泽普办事处',NULL,'58100',NULL,0.0000,NULL,NULL,'',1,'2016-05-13 16:02:57','2016-05-13 16:02:57',1,NULL,3,0,12,0,7,0,NULL,NULL,NULL,'','','','主任','牙生','2012.3','','',11),(412,'钻具井控',NULL,'4920',NULL,0.0000,NULL,NULL,'',1,'2016-05-13 16:02:57','2016-05-13 16:02:57',1,NULL,3,0,12,0,3,0,NULL,NULL,NULL,'B0010152','14030105010054','3AU0262334','办公室主任（大二线1号楼3楼大办公室）','刘曲','2010.3','计划投资','',1),(413,'钻具井控',NULL,'4920',NULL,0.0000,NULL,NULL,'',1,'2016-05-13 16:02:57','2016-05-13 16:02:57',1,NULL,3,0,12,0,3,0,NULL,NULL,NULL,'B0010153','14030105010055','3AU0203942','办公室副主任（大二线1号楼3楼大办公室）','张亮','2010.3','计划投资','',1),(414,'钻具井控',NULL,'M6880N',NULL,0.0000,NULL,NULL,'',1,'2016-05-13 16:02:57','2016-05-13 16:02:57',1,NULL,3,0,12,0,3,0,NULL,NULL,NULL,'B0010154','14030105012121','NS00965522','办公室副主任（大二线1号楼3楼大办公室）','李勇','2011.10','计划投资','',1),(415,'钻具井控',NULL,'M6880N',NULL,0.0000,NULL,NULL,'',1,'2016-05-13 16:02:57','2016-05-13 16:02:57',1,NULL,3,0,12,0,3,0,NULL,NULL,NULL,'B0010155','14030105012122','NS00863321','办事员（大二线1号楼3楼大办公室）','代振娜','2011.10','计划投资','',1),(416,'钻具井控',NULL,'M6880N',NULL,0.0000,NULL,NULL,'',1,'2016-05-13 16:02:57','2016-05-13 16:02:57',1,NULL,3,0,12,0,3,0,NULL,NULL,NULL,'B0010156','14030101000037','NS11222103','办事员（大二线1号楼3楼大办公室）','赵金萍','2010.12','计划投资','',1),(417,'钻具井控',NULL,'M6880N',NULL,0.0000,NULL,NULL,'',1,'2016-05-13 16:02:57','2016-05-13 16:02:57',1,NULL,3,0,12,0,3,0,NULL,NULL,NULL,'B0010157','14030101000038','NS00062885','生产办主任(大二线1号楼4楼大办公室）','张代荣','2010.12','计划投资','',1),(418,'钻具井控',NULL,'M6880N',NULL,0.0000,NULL,NULL,'',1,'2016-05-13 16:02:57','2016-05-13 16:02:57',1,NULL,3,0,12,0,3,0,NULL,NULL,NULL,'B0010158','14030101000044','NS04155222','生产办副主任(大二线1号楼4楼大办公室）','朱牛强','2010.12','计划投资','',1),(419,'钻具井控',NULL,'M6880N',NULL,0.0000,NULL,NULL,'',1,'2016-05-13 16:02:57','2016-05-13 16:02:57',1,NULL,3,0,12,0,3,0,NULL,NULL,NULL,'B0010159','14030101000045','NS13201200','干事(大二线1号楼4楼大办公室）','纪军','2010.12','计划投资','',1),(420,'钻具井控',NULL,'M6880N',NULL,0.0000,NULL,NULL,'',1,'2016-05-13 16:02:57','2016-05-13 16:02:57',1,NULL,3,0,12,0,3,0,NULL,NULL,NULL,'B0010160','14030101000060','NS09852210','干事(大二线1号楼4楼大办公室）','刘波','2010.12','计划投资','',1),(421,'钻具井控',NULL,'M6880N',NULL,0.0000,NULL,NULL,'',1,'2016-05-13 16:02:58','2016-05-13 16:02:58',1,NULL,3,0,12,0,3,0,NULL,NULL,NULL,'B0010161','14030101000061','NS12023365','干事(大二线1号楼4楼大办公室）','王勤耘','2010.12','计划投资','',1),(422,'钻具井控',NULL,'T4900',NULL,0.0000,NULL,NULL,'',1,'2016-05-13 16:02:58','2016-05-13 16:02:58',1,NULL,3,0,12,0,3,0,NULL,NULL,NULL,'B0010162','14030105014867','U9S920P32','干事(大二线1号楼4楼大办公室）','潘囿驰','2013.9','计划投资','',1),(423,'钻具井控',NULL,'T4900',NULL,0.0000,NULL,NULL,'',1,'2016-05-13 16:02:58','2016-05-13 16:02:58',1,NULL,3,0,12,0,3,0,NULL,NULL,NULL,'B0010163','14030105014012','UR9283552','成本员（大二线1号楼3楼316号）','李易','2012.12','计划投资','',1),(424,'钻具井控',NULL,'T4900',NULL,0.0000,NULL,NULL,'',1,'2016-05-13 16:02:58','2016-05-13 16:02:58',1,NULL,3,0,12,0,3,0,NULL,NULL,NULL,'B0010164','14030105014013','V39293852','成本员（大二线1号楼3楼316号）','符坚','2012.12','计划投资','',1),(425,'钻具井控',NULL,'T4900',NULL,0.0000,NULL,NULL,'',1,'2016-05-13 16:02:58','2016-05-13 16:02:58',1,NULL,3,0,12,0,3,0,NULL,NULL,NULL,'B0010165','14030105014014','LN9283944','成本员（大二线1号楼3楼316号）','龚旭东','2012.12','计划投资','',1),(426,'钻具井控',NULL,'T4900',NULL,0.0000,NULL,NULL,'',1,'2016-05-13 16:02:58','2016-05-13 16:02:58',1,NULL,3,0,12,0,3,0,NULL,NULL,NULL,'B0010166','14030105014015','U38394820','书记（大二线1号楼3楼315号）','范清云','2012.12','计划投资','',1),(427,'钻具井控',NULL,'T4900',NULL,0.0000,NULL,NULL,'',1,'2016-05-13 16:02:58','2016-05-13 16:02:58',1,NULL,3,0,12,0,3,0,NULL,NULL,NULL,'B0010167','14030105014400','A9J93J283','经理（大二线1号楼3楼）','高志','2012.12','计划投资','',1),(428,'钻具井控',NULL,'T4900',NULL,0.0000,NULL,NULL,'',1,'2016-05-13 16:02:58','2016-05-13 16:02:58',1,NULL,3,0,12,0,3,0,NULL,NULL,NULL,'B0010168','14030105014401','U92938596','副书记（大二线1号楼3楼）','李正新','2012.12','计划投资','',1),(429,'钻具井控',NULL,'T4900',NULL,0.0000,NULL,NULL,'',1,'2016-05-13 16:02:58','2016-05-13 16:02:58',1,NULL,3,0,12,0,3,0,NULL,NULL,NULL,'B0010169','14030105014029','V38294852','副书记（大二线1号楼3楼）','贺彬','2012.12','计划投资','',1),(430,'钻具井控',NULL,'K3RI',NULL,0.0000,NULL,NULL,'',1,'2016-05-13 16:02:58','2016-05-13 16:02:58',1,NULL,3,0,12,0,3,0,NULL,NULL,NULL,'B0010170','14030105012717','KEI992O1','副经理（大二线1号楼3楼）','先洪富','2011.12','计划投资','',1),(431,'钻具井控',NULL,'M4380',NULL,0.0000,NULL,NULL,'',1,'2016-05-13 16:02:58','2016-05-13 16:02:58',1,NULL,3,0,12,0,3,0,NULL,NULL,NULL,'B0010171','14030105016006','KSU29305','队长（轮南小区）','王怀禄','2013.12','计划投资','',1),(432,'钻具井控',NULL,'M4380',NULL,0.0000,NULL,NULL,'',1,'2016-05-13 16:02:58','2016-05-13 16:02:58',1,NULL,3,0,12,0,3,0,NULL,NULL,NULL,'B0010172','14030105016007','KUEI92003','队长（大二线井控车间）','颜念东','2013.12','计划投资','',1),(433,'钻具井控',NULL,'M4380',NULL,0.0000,NULL,NULL,'',1,'2016-05-13 16:02:58','2016-05-13 16:02:58',1,NULL,3,0,12,0,3,0,NULL,NULL,NULL,'B0010173','14030105016008','N9V928394','队长（轮南小区）','朱建国','2013.12','计划投资','',1),(434,'钻具井控',NULL,'4411S',NULL,0.0000,NULL,NULL,'',1,'2016-05-13 16:02:58','2016-05-13 16:02:58',1,NULL,3,0,12,0,4,0,NULL,NULL,NULL,'B0020112','14030105010038','LP2039495','成本员（大二线1号楼3楼316号）','符坚','2010.3','计划投资','',1),(435,'钻具井控',NULL,'K47G',NULL,0.0000,NULL,NULL,'',1,'2016-05-13 16:02:58','2016-05-13 16:02:58',1,NULL,3,0,12,0,4,0,NULL,NULL,NULL,'B0020113','14030105013473','L92948862','办事员（大二线1号楼2楼会议室）','代振娜','2012.2','计划投资','',1),(436,'钻具井控',NULL,'K47G',NULL,0.0000,NULL,NULL,'',1,'2016-05-13 16:02:58','2016-05-13 16:02:58',1,NULL,3,0,12,0,4,0,NULL,NULL,NULL,'B0020114','14030105013474','2J2I94822','队长（大二线井控车间）','颜念东','2012.2','计划投资','',1),(437,'钻具井控',NULL,'3200B',NULL,0.0000,NULL,NULL,'',1,'2016-05-13 16:02:58','2016-05-13 16:02:58',1,NULL,3,0,12,0,10,0,NULL,NULL,NULL,'B0040033','14030202001811','LP14084715','书记（大二线1号楼3楼315号）','范清云','2012.12','计划投资','',44),(438,'钻具井控',NULL,'7400',NULL,0.0000,NULL,NULL,'',1,'2016-05-13 16:02:58','2016-05-13 16:02:58',1,NULL,3,0,12,0,10,0,NULL,NULL,NULL,'B0040034','14030202001644','LP00062130','办公室主任（大二线1号楼3楼大办公室）','刘曲','2011.10','计划投资','',1),(439,'钻具井控',NULL,'3200',NULL,0.0000,NULL,NULL,'',1,'2016-05-13 16:02:58','2016-05-13 16:02:58',1,NULL,3,0,12,0,10,0,NULL,NULL,NULL,'B0040035','14039901000444','R36031729007','成本员（大二线1号楼3楼316号）','李易','2014.12','计划投资','',44),(440,'钻具井控',NULL,'7450',NULL,0.0000,NULL,NULL,'',1,'2016-05-13 16:02:58','2016-05-13 16:02:58',1,NULL,3,0,12,0,10,0,NULL,NULL,NULL,'B0040036','14030202001812','LP03234464','生产办主任(大二线1号楼4楼大办公室）','张代荣','2012.12','计划投资','',1),(441,'钻具井控',NULL,'565PR',NULL,0.0000,NULL,NULL,'',1,'2016-05-13 16:02:58','2016-05-13 16:02:58',1,NULL,3,0,12,0,10,0,NULL,NULL,NULL,'B0040037','14030202001991','T902163341','成本员（大二线1号楼3楼316号）','符坚','2013.9','计划投资','',41),(442,'钻具井控',NULL,' TX10',NULL,0.0000,NULL,NULL,'',1,'2016-05-13 16:02:58','2016-05-13 16:02:58',1,NULL,3,0,12,0,7,0,NULL,NULL,NULL,'B0050038','15019901000657','','生产办副主任(大二线1号楼4楼大办公室）','朱牛强','2011.12','计划投资','',19),(443,'钻具井控',NULL,' TX10',NULL,0.0000,NULL,NULL,'',1,'2016-05-13 16:02:58','2016-05-13 16:02:58',1,NULL,3,0,12,0,7,0,NULL,NULL,NULL,'B0050039','15019901000658','','生产办干事(大二线1号楼4楼大办公室）','纪军','2011.12','计划投资','',19),(444,'钻具井控',NULL,' TX10',NULL,0.0000,NULL,NULL,'',1,'2016-05-13 16:02:58','2016-05-13 16:02:58',1,NULL,3,0,12,0,7,0,NULL,NULL,NULL,'B0050040','15019901000659','','轮南小区','现场服务队','2011.12','计划投资','',19),(445,'钻具井控',NULL,' TX10',NULL,0.0000,NULL,NULL,'',1,'2016-05-13 16:02:58','2016-05-13 16:02:58',1,NULL,3,0,12,0,7,0,NULL,NULL,NULL,'B0050041','15019901000660','','轮南小区','现场服务队','2011.12','计划投资','',19),(446,'钻具井控',NULL,' TX10',NULL,0.0000,NULL,NULL,'',1,'2016-05-13 16:02:58','2016-05-13 16:02:58',1,NULL,3,0,12,0,7,0,NULL,NULL,NULL,'B0050042','15019901000661','','轮南小区','现场服务队','2011.12','计划投资','',19),(447,'钻具井控',NULL,'TX66',NULL,0.0000,NULL,NULL,'',1,'2016-05-13 16:02:58','2016-05-13 16:02:58',1,NULL,3,0,12,0,7,0,NULL,NULL,NULL,'B0050043','14030299000385','','大二线井控车间','基地维修队','2012.12','计划投资','',19),(448,'钻具井控',NULL,'WB700',NULL,0.0000,NULL,NULL,'',1,'2016-05-13 16:02:58','2016-05-13 16:02:58',1,NULL,3,0,12,0,7,0,NULL,NULL,NULL,'B0050044','14030299000393','','大二线井控车间','基地维修队','2013.9','计划投资','',41),(449,'钻具井控',NULL,'DMC-FX50GX-S',NULL,0.0000,NULL,NULL,'',1,'2016-05-13 16:02:58','2016-05-13 16:02:58',1,NULL,3,0,12,0,7,0,NULL,NULL,NULL,'B0050045','15150103000021','','大二线井控车间','基地维修队','2006.12','计划投资','',19),(450,'钻具井控',NULL,'XZ-ZV',NULL,0.0000,NULL,NULL,'',1,'2016-05-13 16:02:58','2016-05-13 16:02:58',1,NULL,3,0,12,0,8,0,NULL,NULL,NULL,'B0060010','14030207000015','','大二线1号楼2楼会议室','钻具井控公司管理阶层','2005.6','计划投资','',52),(451,'试修公司',NULL,'扬天R4900d',NULL,0.0000,NULL,NULL,'',1,'2016-05-13 16:02:58','2016-05-13 16:02:58',1,NULL,3,0,12,0,3,0,NULL,NULL,NULL,'Z\ZSBJS-1','ZJS-1','','经理兼副书记','王春生','2013.11','成本','',1),(452,'试修公司',NULL,'扬天T4900V-00',NULL,0.0000,NULL,NULL,'',1,'2016-05-13 16:02:58','2016-05-13 16:02:58',1,NULL,3,0,12,0,3,0,NULL,NULL,NULL,'Z\ZSBJS-2','ZJS-2','','书记兼副经理','王剑','2014.01','成本','',1),(453,'试修公司',NULL,'启天B4360-B015',NULL,0.0000,NULL,NULL,'',1,'2016-05-13 16:02:58','2016-05-13 16:02:58',1,NULL,3,0,12,0,3,0,NULL,NULL,NULL,'Z\ZSBJS-3','ZJS-3','','副经理（技术、浅钻、井控）','高新民','2014.04','成本','',1),(454,'试修公司',NULL,'启天M4500-N050',NULL,0.0000,NULL,NULL,'',1,'2016-05-13 16:02:58','2016-05-13 16:02:58',1,NULL,3,0,12,0,3,0,NULL,NULL,NULL,'Z\ZSBJS-4','ZJS-4','','副经理（经营、考核、成本）','冯德荣','2014.12','成本','',1),(455,'试修公司',NULL,'启天M4350-N090',NULL,0.0000,NULL,NULL,'',1,'2016-05-13 16:02:58','2016-05-13 16:02:58',1,NULL,3,0,12,0,3,0,NULL,NULL,NULL,'Z\ZSBJS-5','ZJS-5','','副经理（装备、资质）','庞军川','2014.03','成本','',1),(456,'试修公司',NULL,'扬天R4900d',NULL,0.0000,NULL,NULL,'',1,'2016-05-13 16:02:58','2016-05-13 16:02:58',1,NULL,3,0,12,0,3,0,NULL,NULL,NULL,'Z\ZSBJS-6','ZJS-6','','综合办主任','姚志','2013.11','成本','',1),(457,'试修公司',NULL,'10C0-oockcw',NULL,0.0000,NULL,NULL,'',1,'2016-05-13 16:02:58','2016-05-13 16:02:58',1,NULL,3,0,12,0,3,0,NULL,NULL,NULL,'Z\ZSBJS-7','ZJS-7','','综合办（劳资）','祝世刚','2013.12','成本','',1),(458,'试修公司',NULL,'10C0-Soo400',NULL,0.0000,NULL,NULL,'',1,'2016-05-13 16:02:58','2016-05-13 16:02:58',1,NULL,3,0,12,0,3,0,NULL,NULL,NULL,'Z\ZSBJS-8','ZJS-8','','综合办（合同）','刘波','2013.12','成本','',1),(459,'试修公司',NULL,'启天M4500-N035',NULL,0.0000,NULL,NULL,'',1,'2016-05-13 16:02:58','2016-05-13 16:02:58',1,NULL,3,0,12,0,3,0,NULL,NULL,NULL,'Z\ZSBJS-9','ZJS-9','','综合办（合同）','杨罡','2015.05','成本','',1),(460,'试修公司',NULL,'LS2023WA',NULL,0.0000,NULL,NULL,'',1,'2016-05-13 16:02:58','2016-05-13 16:02:58',1,NULL,3,0,12,0,3,0,NULL,NULL,NULL,'ZSSBJS-1','ZJS-10','','生产运行、装备、安全办主任','严小兵','2013.11','成本','',1),(461,'试修公司',NULL,'启天B4360-B015',NULL,0.0000,NULL,NULL,'',1,'2016-05-13 16:02:58','2016-05-13 16:02:58',1,NULL,3,0,12,0,3,0,NULL,NULL,NULL,'ZSSBJS-2','ZJS-11','','生产运行、装备、安全办副主任','瞿勤','2014.04','成本','',1),(462,'试修公司',NULL,'启天M7330',NULL,0.0000,NULL,NULL,'',1,'2016-05-13 16:02:58','2016-05-13 16:02:58',1,NULL,3,0,12,0,3,0,NULL,NULL,NULL,'ZSSBJS-3','ZJS-12','','生产运行、装备、安全办装备管理','朱勤松','2012.02','成本','',1),(463,'试修公司',NULL,'启天M7358',NULL,0.0000,NULL,NULL,'',1,'2016-05-13 16:02:58','2016-05-13 16:02:58',1,NULL,3,0,12,0,3,0,NULL,NULL,NULL,'ZGSBJS-1','ZJS-13','','工程技术、井控办工程师','刘士龙','2012.04','成本','',1),(464,'试修公司',NULL,'启天B4360-B015',NULL,0.0000,NULL,NULL,'',1,'2016-05-13 16:02:58','2016-05-13 16:02:58',1,NULL,3,0,12,0,3,0,NULL,NULL,NULL,'ZGSBJS-2','ZJS-14','','工程技术、井控办浅钻管理','付建忠','2014.04','成本','',1),(465,'试修公司',NULL,'启天M4350-N080',NULL,0.0000,NULL,NULL,'',1,'2016-05-13 16:02:58','2016-05-13 16:02:58',1,NULL,3,0,12,0,3,0,NULL,NULL,NULL,'ZCSBJS-1','ZJS-15','','财务资产办主任','李泊霖','2014.02','成本','',1),(466,'试修公司',NULL,'10C0-oockcw',NULL,0.0000,NULL,NULL,'',1,'2016-05-13 16:02:58','2016-05-13 16:02:58',1,NULL,3,0,12,0,3,0,NULL,NULL,NULL,'ZCSBJS-2','ZJS-16','','财务资产办会计','刘家全','2013.12','成本','',1),(467,'试修公司',NULL,' ',NULL,0.0000,NULL,NULL,'2016419质安科转入',1,'2016-05-13 16:02:58','2016-05-13 16:02:58',1,NULL,3,0,12,0,3,0,NULL,NULL,NULL,'','14030104000747','','','','2014.10','','',1),(468,'试修公司',NULL,'ThinkPad L440',NULL,0.0000,NULL,NULL,'',1,'2016-05-13 16:02:58','2016-05-13 16:02:58',1,NULL,3,0,12,0,4,0,NULL,NULL,NULL,'Z\ZSBBJ-1','ZBJ-1','','副经理（经营、考核、成本）','冯德荣','2014.04','成本','',1),(469,'试修公司',NULL,'ThinkPad L440',NULL,0.0000,NULL,NULL,'',1,'2016-05-13 16:02:58','2016-05-13 16:02:58',1,NULL,3,0,12,0,4,0,NULL,NULL,NULL,'Z\ZSBBJ-2','ZBJ-2','','副经理（装备、资质）','庞军川','2014.04','成本','',1),(470,'试修公司',NULL,'ThinkPad L440',NULL,0.0000,NULL,NULL,'',1,'2016-05-13 16:02:58','2016-05-13 16:02:58',1,NULL,3,0,12,0,4,0,NULL,NULL,NULL,'Z\ZSBBJ-3','ZBJ-3','','副经理（生产、安全、维稳）','艾力','2014.05','成本','',1),(471,'试修公司',NULL,'ThinkPad X220i',NULL,0.0000,NULL,NULL,'',1,'2016-05-13 16:02:58','2016-05-13 16:02:58',1,NULL,3,0,12,0,4,0,NULL,NULL,NULL,'ZGSBBJ-1','ZBJ-4','','工程技术、井控办泥浆管理','牛新军','2011.12','成本','',1),(472,'试修公司',NULL,'DELL VOSTRO 1450',NULL,0.0000,NULL,NULL,'',1,'2016-05-13 16:02:58','2016-05-13 16:02:58',1,NULL,3,0,12,0,4,0,NULL,NULL,NULL,'ZCSBBJ-1','ZBJ-5','','财务资产办会计','黄世国','2011.12','成本','',13),(473,'试修公司',NULL,'',NULL,0.0000,NULL,NULL,'2016419财务资产科调入',1,'2016-05-13 16:02:58','2016-05-13 16:02:58',1,NULL,3,0,12,0,4,0,NULL,NULL,NULL,'','14030105008265','','','敬金菊','2009.12','投资计划','',13),(474,'试修公司',NULL,'DocuPrint2050',NULL,0.0000,NULL,NULL,'',1,'2016-05-13 16:02:58','2016-05-13 16:02:58',1,NULL,3,0,12,0,14,0,NULL,NULL,NULL,'ZSSBDY-1','ZDY-4','','生产运行、装备、安全办','严小兵','2014','成本','',44),(475,'试修公司',NULL,'DPK900',NULL,0.0000,NULL,NULL,'',1,'2016-05-13 16:02:58','2016-05-13 16:02:58',1,NULL,3,0,12,0,20,0,NULL,NULL,NULL,'ZCSBDY-2','ZDY-6','','财务资产办','李泊霖','2014','成本','',9),(476,'试修公司',NULL,'1108',NULL,0.0000,NULL,NULL,'',1,'2016-05-13 16:02:58','2016-05-13 16:02:58',1,NULL,3,0,12,0,5,0,NULL,NULL,NULL,'Z\ZSBDY-1','ZDY-1','','经理兼副书记','王春生','2013','成本','',12),(477,'试修公司',NULL,'LJ1680',NULL,0.0000,NULL,NULL,'',1,'2016-05-13 16:02:58','2016-05-13 16:02:58',1,NULL,3,0,12,0,5,0,NULL,NULL,NULL,'Z\ZSBDY-2','ZDY-2','','书记兼副经理','王剑','2013.05','成本','',1),(478,'试修公司',NULL,'M7400',NULL,0.0000,NULL,NULL,'',1,'2016-05-13 16:02:58','2016-05-13 16:02:58',1,NULL,3,0,12,0,10,0,NULL,NULL,NULL,'Z\ZSBDY-3','ZDY-3','','综合办','姚志','2012.12','成本','',1),(479,'试修公司',NULL,'M7150F',NULL,0.0000,NULL,NULL,'',1,'2016-05-13 16:02:58','2016-05-13 16:02:58',1,NULL,3,0,12,0,10,0,NULL,NULL,NULL,'ZCSBDY-1','ZDY-5','','财务资产办','黄世国','2012.09','成本','',1),(480,'试修公司',NULL,' DSC-W830',NULL,0.0000,NULL,NULL,'',1,'2016-05-13 16:02:58','2016-05-13 16:02:58',1,NULL,3,0,12,0,7,0,NULL,NULL,NULL,'Z\ZSBSX-1','ZSX-1','','副经理（经营、考核、成本）','冯德荣','2014.03','工会','',19),(481,'试修公司',NULL,' DSC-W830',NULL,0.0000,NULL,NULL,'',1,'2016-05-13 16:02:58','2016-05-13 16:02:58',1,NULL,3,0,12,0,7,0,NULL,NULL,NULL,'Z\ZSBSX-2','ZSX-2','','副经理（装备、资质）','庞军川','2014.03','工会','',19),(482,'试修公司',NULL,' DSC-W830',NULL,0.0000,NULL,NULL,'',1,'2016-05-13 16:02:58','2016-05-13 16:02:58',1,NULL,3,0,12,0,7,0,NULL,NULL,NULL,'Z\ZSBSX-3','ZSX-3','','综合办','姚志','2014.03','工会','',19),(483,'试修公司',NULL,' DSC-W830',NULL,0.0000,NULL,NULL,'',1,'2016-05-13 16:02:58','2016-05-13 16:02:58',1,NULL,3,0,12,0,7,0,NULL,NULL,NULL,'ZSSBSX-1','ZSX-4','','生产运行、装备、安全办主任','严小兵','2014.03','工会','',19),(484,'试修公司',NULL,' DSC-W830',NULL,0.0000,NULL,NULL,'',1,'2016-05-13 16:02:58','2016-05-13 16:02:58',1,NULL,3,0,12,0,7,0,NULL,NULL,NULL,'ZGSBSX-1','ZSX-5','','工程技术、井控办主任','吴宏','2014.03','工会','',19),(485,'试修公司',NULL,' DSC-W830',NULL,0.0000,NULL,NULL,'',1,'2016-05-13 16:02:58','2016-05-13 16:02:58',1,NULL,3,0,12,0,7,0,NULL,NULL,NULL,'ZCSBSX-1','ZSX-6','','财务资产办主任','李泊霖','2014.03','工会','',19),(486,'生产生活服务公司',NULL,'新梦圆F558',NULL,0.0000,NULL,NULL,'',1,'2016-05-13 16:02:58','2016-05-13 16:02:58',1,NULL,3,0,12,0,3,0,NULL,NULL,NULL,'B0010190','','','办公室','杜生平','2011.11','','',1),(487,'生产生活服务公司',NULL,'开天M6900',NULL,0.0000,NULL,NULL,'',1,'2016-05-13 16:02:58','2016-05-13 16:02:58',1,NULL,3,0,12,0,3,0,NULL,NULL,NULL,'B0010191','','','办公室','莎娜娃','2012.2','','',1),(488,'生产生活服务公司',NULL,'启天M7300',NULL,0.0000,NULL,NULL,'',1,'2016-05-13 16:02:58','2016-05-13 16:02:58',1,NULL,3,0,12,0,3,0,NULL,NULL,NULL,'B0010192','','','办公室','康鹏','2008.11','','',1),(489,'生产生活服务公司',NULL,'ideacentre',NULL,0.0000,NULL,NULL,'',1,'2016-05-13 16:02:58','2016-05-13 16:02:58',1,NULL,3,0,12,0,3,0,NULL,NULL,NULL,'B0010193','','','办公室','张旭','2012.2','','',1),(490,'生产生活服务公司',NULL,'新梦圆F618',NULL,0.0000,NULL,NULL,'',1,'2016-05-13 16:02:58','2016-05-13 16:02:58',1,NULL,3,0,12,0,3,0,NULL,NULL,NULL,'B0010194','','','办公室','舒卫','2011.11','','',1),(491,'生产生活服务公司',NULL,'开天M6900',NULL,0.0000,NULL,NULL,'',1,'2016-05-13 16:02:58','2016-05-13 16:02:58',1,NULL,3,0,12,0,3,0,NULL,NULL,NULL,'B0010195','','','办公室','徐小红','2008.12','','',1),(492,'生产生活服务公司',NULL,'启天M4300',NULL,0.0000,NULL,NULL,'',1,'2016-05-13 16:02:58','2016-05-13 16:02:58',1,NULL,3,0,12,0,3,0,NULL,NULL,NULL,'B0010196','','','办公室','贾文杰','2011.11','','',1),(493,'生产生活服务公司',NULL,'家悦ER302',NULL,0.0000,NULL,NULL,'',1,'2016-05-13 16:02:58','2016-05-13 16:02:58',1,NULL,3,0,12,0,3,0,NULL,NULL,NULL,'B0010197','','','办公室','梁思利','2011.6','','',1),(494,'生产生活服务公司',NULL,'启天M7300',NULL,0.0000,NULL,NULL,'',1,'2016-05-13 16:02:58','2016-05-13 16:02:58',1,NULL,3,0,12,0,3,0,NULL,NULL,NULL,'','','','办公室','岳晓波','2012.5','','',1),(495,'生产生活服务公司',NULL,'扬天M261d-10',NULL,0.0000,NULL,NULL,'',1,'2016-05-13 16:02:58','2016-05-13 16:02:58',1,NULL,3,0,12,0,3,0,NULL,NULL,NULL,'','','','办公室','王占刚','2013.9','','',1),(496,'生产生活服务公司',NULL,'启天M4300',NULL,0.0000,NULL,NULL,'',1,'2016-05-13 16:02:58','2016-05-13 16:02:58',1,NULL,3,0,12,0,3,0,NULL,NULL,NULL,'','','','办公室','赵杨秋','2012.5','','',1),(497,'生产生活服务公司',NULL,'启天M7300',NULL,0.0000,NULL,NULL,'',1,'2016-05-13 16:02:58','2016-05-13 16:02:58',1,NULL,3,0,12,0,3,0,NULL,NULL,NULL,'','','','办公室','赵扬秋','2015.5','','',1),(498,'生产生活服务公司',NULL,'ThinkpadX220i',NULL,0.0000,NULL,NULL,'',1,'2016-05-13 16:02:58','2016-05-13 16:02:58',1,NULL,3,0,12,0,4,0,NULL,NULL,NULL,'','','','轮南基地办公室','张新云','2012.2','','',1),(499,'生产生活服务公司',NULL,'HPP1007',NULL,0.0000,NULL,NULL,'',1,'2016-05-13 16:02:58','2016-05-13 16:02:58',1,NULL,3,0,12,0,5,0,NULL,NULL,NULL,'','','','办公室','杜生平','2012.3','','',12),(500,'生产生活服务公司',NULL,'HPP1008',NULL,0.0000,NULL,NULL,'',1,'2016-05-13 16:02:58','2016-05-13 16:02:58',1,NULL,3,0,12,0,5,0,NULL,NULL,NULL,'','','','办公室','吴秀清','','','',12),(501,'生产生活服务公司',NULL,'HPP1008',NULL,0.0000,NULL,NULL,'',1,'2016-05-13 16:02:58','2016-05-13 16:02:58',1,NULL,3,0,12,0,5,0,NULL,NULL,NULL,'','','','办公室','舒卫','2012.3','','',12),(502,'生产生活服务公司',NULL,'SHARP-AR-4021',NULL,0.0000,NULL,NULL,'',1,'2016-05-13 16:02:58','2016-05-13 16:02:58',1,NULL,3,0,12,0,10,0,NULL,NULL,NULL,'','','','生产办','王占刚','2012.5','','',8),(503,'生产生活服务公司',NULL,'PHASER3200MFP',NULL,0.0000,NULL,NULL,'',1,'2016-05-13 16:02:58','2016-05-13 16:02:58',1,NULL,3,0,12,0,10,0,NULL,NULL,NULL,'','','','办公室','康鹏','2011.8','','',12),(504,'生产生活服务公司',NULL,'M1136MFP',NULL,0.0000,NULL,NULL,'',1,'2016-05-13 16:02:58','2016-05-13 16:02:58',1,NULL,3,0,12,0,10,0,NULL,NULL,NULL,'','','','办公室','贾文杰','2014.1','','',12),(505,'生产生活服务公司',NULL,'SF565PR',NULL,0.0000,NULL,NULL,'',1,'2016-05-13 16:02:58','2016-05-13 16:02:58',1,NULL,3,0,12,0,10,0,NULL,NULL,NULL,'','','','办公室','徐小红','2009.4','','',41),(506,'生产生活服务公司',NULL,'F147400',NULL,0.0000,NULL,NULL,'',1,'2016-05-13 16:02:58','2016-05-13 16:02:58',1,NULL,3,0,12,0,10,0,NULL,NULL,NULL,'','','','办公室','梁思利','2008.11','','',21),(507,'生产生活服务公司',NULL,'M1136MFP',NULL,0.0000,NULL,NULL,'',1,'2016-05-13 16:02:58','2016-05-13 16:02:58',1,NULL,3,0,12,0,10,0,NULL,NULL,NULL,'','','','办公室','张旭','2014.1','','',12),(508,'生产生活服务公司',NULL,'KEWB18217',NULL,0.0000,NULL,NULL,'',1,'2016-05-13 16:02:58','2016-05-13 16:02:58',1,NULL,3,0,12,0,19,0,NULL,NULL,NULL,'','','','办公室','岳晓波','2012.5','','',21),(509,'生产生活服务公司',NULL,'MX615+',NULL,0.0000,NULL,NULL,'工会配置',1,'2016-05-13 16:02:58','2016-05-13 16:02:58',1,NULL,3,0,12,0,8,0,NULL,NULL,NULL,'','','','办公室','徐小红','2015.7','工会','',22),(510,'生产生活服务公司',NULL,'EM7250',NULL,0.0000,NULL,NULL,'',1,'2016-05-13 16:02:58','2016-05-13 16:02:58',1,NULL,3,0,12,0,8,0,NULL,NULL,NULL,'','','','办公室','徐小红','2015.7','','',53),(511,'生产生活服务公司',NULL,'富士T305',NULL,0.0000,NULL,NULL,'',1,'2016-05-13 16:02:58','2016-05-13 16:02:58',1,NULL,3,0,12,0,7,0,NULL,NULL,NULL,'','','','办公室','张旭','2012.3','','',9),(512,'生产生活服务公司',NULL,'DSC-HX400/C',NULL,0.0000,NULL,NULL,'',1,'2016-05-13 16:02:58','2016-05-13 16:02:58',1,NULL,3,0,12,0,7,0,NULL,NULL,NULL,'','','','办公室','莎娜娃','2014.7','','',19),(513,'生产生活服务公司',NULL,'DSC-HX400/C',NULL,0.0000,NULL,NULL,'',1,'2016-05-13 16:02:58','2016-05-13 16:02:58',1,NULL,3,0,12,0,7,0,NULL,NULL,NULL,'','','','办公室','梁思利','2014.7','','',19),(514,'50043',NULL,'联想家悦358',NULL,0.0000,NULL,NULL,'新钻机配套',1,'2016-05-13 16:02:58','2016-05-13 16:02:58',1,NULL,3,0,12,0,3,0,NULL,NULL,NULL,'B0010239','14030105013487','','泥浆工程师','吴大超','2012.2','成本','',1),(515,'50043',NULL,'联想家悦358',NULL,0.0000,NULL,NULL,'新钻机配套',1,'2016-05-13 16:02:58','2016-05-13 16:02:58',1,NULL,3,0,12,0,3,0,NULL,NULL,NULL,'B0010240','14030105013488','','钻井工程师','李建新','2012.2','成本','',1),(516,'50043',NULL,'ThinkpadX220i',NULL,0.0000,NULL,NULL,'新钻机配套',1,'2016-05-13 16:02:58','2016-05-13 16:02:58',1,NULL,3,0,12,0,4,0,NULL,NULL,NULL,'B0020185','14030105013467','','泥浆工程师','吴大超','2012.2','成本','',1),(517,'50043',NULL,'ThinkpadX220i',NULL,0.0000,NULL,NULL,'新钻机配套',1,'2016-05-13 16:02:58','2016-05-13 16:02:58',1,NULL,3,0,12,0,4,0,NULL,NULL,NULL,'B0020186','14030105013468','','钻井工程师','李建新','2012.2','成本','',1),(518,'50043',NULL,'戴尔N4050',NULL,0.0000,NULL,NULL,'新钻机配套',1,'2016-05-13 16:02:58','2016-05-13 16:02:58',1,NULL,3,0,12,0,4,0,NULL,NULL,NULL,'B0020187','14030105013469','M3KT5A00','成本员','张文清','2012.2','成本','',13),(519,'50043',NULL,'三星1670',NULL,0.0000,NULL,NULL,'新钻机配套',1,'2016-05-13 16:02:58','2016-05-13 16:02:58',1,NULL,3,0,12,0,5,0,NULL,NULL,NULL,'B0030049','14030202001774','','钻井工程师','李建新','2012.3','成本','',41),(520,'50043',NULL,'三星1670',NULL,0.0000,NULL,NULL,'新钻机配套',1,'2016-05-13 16:02:58','2016-05-13 16:02:58',1,NULL,3,0,12,0,5,0,NULL,NULL,NULL,'B0030050','14030202001775','','泥浆工程师','吴大超','2012.3','成本','',41),(521,'50043',NULL,'施乐3200B',NULL,0.0000,NULL,NULL,'新钻机配套',1,'2016-05-13 16:02:58','2016-05-13 16:02:58',1,NULL,3,0,12,0,10,0,NULL,NULL,NULL,'B0030048','14030202001770','','钻井工程师','李建新','2012.3','成本','',44),(522,'50043',NULL,'MX615+',NULL,0.0000,NULL,NULL,'工会配置',1,'2016-05-13 16:02:58','2016-05-13 16:02:58',1,NULL,3,0,12,0,8,0,NULL,NULL,NULL,'B0060019','14030207000233','PD82C01085000','资料员','廖兵','2012.2','工会','',22),(523,'50043',NULL,'富士T305',NULL,0.0000,NULL,NULL,'新钻机配套',1,'2016-05-13 16:02:58','2016-05-13 16:02:58',1,NULL,3,0,12,0,7,0,NULL,NULL,NULL,'B0050074','14030299000375','','钻井工程师','李建新','2012.3','成本','',9),(524,'50043',NULL,'DSC-HX400/C',NULL,0.0000,NULL,NULL,'工会配置',1,'2016-05-13 16:02:58','2016-05-13 16:02:58',1,NULL,3,0,12,0,7,0,NULL,NULL,NULL,'','','SO1-9005972-I','钻井工程师','李建新','2014.7','工会','',19),(525,'70083',NULL,'Ideacentre k3.r1',NULL,0.0000,NULL,NULL,'',1,'2016-05-13 16:02:58','2016-05-13 16:02:58',1,NULL,3,0,12,0,3,0,NULL,NULL,NULL,'B0010245','14030105011971','','平台经理房','尤军、雷霏','2011.7','成本','',1),(526,'70083',NULL,'Ideacentre k3.r1',NULL,0.0000,NULL,NULL,'',1,'2016-05-13 16:02:58','2016-05-13 16:02:58',1,NULL,3,0,12,0,3,0,NULL,NULL,NULL,'B0010246','14030105011972','','平台经理值班室','尤军、雷霏','2011.7','成本','',1),(527,'70083',NULL,'Ideacentre k3.r1',NULL,0.0000,NULL,NULL,'',1,'2016-05-13 16:02:58','2016-05-13 16:02:58',1,NULL,3,0,12,0,3,0,NULL,NULL,NULL,'B0010247','14030105011973','','钻井工程师值班室','代睿、张瀚','2011.7','成本','',1),(528,'70083',NULL,'M4380',NULL,0.0000,NULL,NULL,'',1,'2016-05-13 16:02:58','2016-05-13 16:02:58',1,NULL,3,0,12,0,3,0,NULL,NULL,NULL,'B0010248','14030105016002','','泥浆工程师值班室','代睿、张瀚','2013.12','成本','',1),(529,'70083',NULL,'B470',NULL,0.0000,NULL,NULL,'',1,'2016-05-13 16:02:58','2016-05-13 16:02:58',1,NULL,3,0,12,0,4,0,NULL,NULL,NULL,'B0020192','14030105012008','','成本员','冯印','2011.7','成本','',1),(530,'70083',NULL,'B470',NULL,0.0000,NULL,NULL,'',1,'2016-05-13 16:02:58','2016-05-13 16:02:58',1,NULL,3,0,12,0,4,0,NULL,NULL,NULL,'B0020193','14030105012009','','联合办公室','代睿、张瀚','2011.7','成本','',1),(531,'70083',NULL,'HP1020',NULL,0.0000,NULL,NULL,'',1,'2016-05-13 16:02:58','2016-05-13 16:02:58',1,NULL,3,0,12,0,5,0,NULL,NULL,NULL,'B0030053','14030202001632','','大班值班室','吴宗林','2011.7','成本','',12),(532,'70083',NULL,'P1007',NULL,0.0000,NULL,NULL,'',1,'2016-05-13 16:02:58','2016-05-13 16:02:58',1,NULL,3,0,12,0,5,0,NULL,NULL,NULL,'B0030054','','','成本员','冯印','2011.10','成本','',12),(533,'70083',NULL,'P1007',NULL,0.0000,NULL,NULL,'',1,'2016-05-13 16:02:58','2016-05-13 16:02:58',1,NULL,3,0,12,0,5,0,NULL,NULL,NULL,'B0030055','','','联合办公室','代睿、张瀚','2011.10','成本','',12),(534,'70083',NULL,'SF-565P',NULL,0.0000,NULL,NULL,'',1,'2016-05-13 16:02:58','2016-05-13 16:02:58',1,NULL,3,0,12,0,10,0,NULL,NULL,NULL,'B0040060','14030202001603','','平台经理值班室','尤军、雷霏','2011.7','成本','',41),(535,'70083',NULL,'GS-326',NULL,0.0000,NULL,NULL,'',1,'2016-05-13 16:02:58','2016-05-13 16:02:58',1,NULL,3,0,12,0,8,0,NULL,NULL,NULL,'B0060020','1403020700021','','会议室','代睿、张瀚','2011.7','成本','',24),(536,'70083',NULL,'DSC-W320',NULL,0.0000,NULL,NULL,'',1,'2016-05-13 16:02:58','2016-05-13 16:02:58',1,NULL,3,0,12,0,7,0,NULL,NULL,NULL,'B0050076','15019901000590','','联合办公室','代睿、张瀚','2011.10','成本','',19),(537,'70083',NULL,'480',NULL,0.0000,NULL,NULL,'',1,'2016-05-13 16:02:58','2016-05-13 16:02:58',1,NULL,3,0,12,0,7,0,NULL,NULL,NULL,'B0050077','15019901000595','','平台经理值班室','尤军、雷霏','2011.7','成本','',41),(538,'70153',NULL,'扬天M6880N',NULL,0.0000,NULL,NULL,'',1,'2016-05-13 16:02:58','2016-05-13 16:02:58',1,NULL,3,0,12,0,3,0,NULL,NULL,NULL,'','','','干部值班室','肖友彬','2010.12','成本','',1),(539,'70153',NULL,'天开M4600 P4/3G/HT',NULL,0.0000,NULL,NULL,'',1,'2016-05-13 16:02:58','2016-05-13 16:02:58',1,NULL,3,0,12,0,3,0,NULL,NULL,NULL,'','','','大班房','杨新生','2004.11','成本','',1),(540,'70153',NULL,'K3RI',NULL,0.0000,NULL,NULL,'',1,'2016-05-13 16:02:58','2016-05-13 16:02:58',1,NULL,3,0,12,0,3,0,NULL,NULL,NULL,'','','','工程师房','郭超','2012.7','成本','',1),(541,'70153',NULL,'扬天V470',NULL,0.0000,NULL,NULL,'',1,'2016-05-13 16:02:58','2016-05-13 16:02:58',1,NULL,3,0,12,0,4,0,NULL,NULL,NULL,'','','','工程师房','郭超','2012.12','成本','',1),(542,'70153',NULL,'',NULL,0.0000,NULL,NULL,'',1,'2016-05-13 16:02:58','2016-05-13 16:02:58',1,NULL,3,0,12,0,4,0,NULL,NULL,NULL,'','','','电气工程师','顾灵','2006.12','成本','',2),(543,'70153',NULL,'',NULL,0.0000,NULL,NULL,'',1,'2016-05-13 16:02:58','2016-05-13 16:02:58',1,NULL,3,0,12,0,4,0,NULL,NULL,NULL,'','','','资料员','应柏敏','2005.12','成本','',2),(544,'70153',NULL,'1007',NULL,0.0000,NULL,NULL,'',1,'2016-05-13 16:02:58','2016-05-13 16:02:58',1,NULL,3,0,12,0,5,0,NULL,NULL,NULL,'','','','工程师房','郭超','2012.3','成本','',12),(545,'70153',NULL,'SF-565PR',NULL,0.0000,NULL,NULL,'',1,'2016-05-13 16:02:58','2016-05-13 16:02:58',1,NULL,3,0,12,0,10,0,NULL,NULL,NULL,'','','','资料员','应柏敏','2012.12','成本','',41),(546,'70153',NULL,'ml-1676',NULL,0.0000,NULL,NULL,'',1,'2016-05-13 16:02:58','2016-05-13 16:02:58',1,NULL,3,0,12,0,5,0,NULL,NULL,NULL,'','','','成本员房','赵小春','2005.12','成本','',41),(547,'70153',NULL,'cp-hx2075a',NULL,0.0000,NULL,NULL,'',1,'2016-05-13 16:02:58','2016-05-13 16:02:58',1,NULL,3,0,12,0,8,0,NULL,NULL,NULL,'','','','干部值班室','肖友彬','2012.12','成本','',30),(548,'70153',NULL,'DSC-HX400',NULL,0.0000,NULL,NULL,'',1,'2016-05-13 16:02:58','2016-05-13 16:02:58',1,NULL,3,0,12,0,7,0,NULL,NULL,NULL,'','','','干部值班室','胡晓华','2013.7','工会经费','',19),(549,'70153',NULL,'索尼TX66',NULL,0.0000,NULL,NULL,'',1,'2016-05-13 16:02:58','2016-05-13 16:02:58',1,NULL,3,0,12,0,7,0,NULL,NULL,NULL,'','','','干部值班室','胡晓华','2013.7','工会经费','',19),(550,'70128',NULL,'vostro 230',NULL,0.0000,NULL,NULL,'',1,'2016-05-13 16:02:58','2016-05-13 16:02:58',1,NULL,3,0,12,0,3,0,NULL,NULL,NULL,'B0010251','00190-037','','会议室','','2010','工会','',13),(551,'70128',NULL,'vostro 230',NULL,0.0000,NULL,NULL,'',1,'2016-05-13 16:02:58','2016-05-13 16:02:58',1,NULL,3,0,12,0,3,0,NULL,NULL,NULL,'B0010249','','','大班房','','2010','工会','',13),(552,'70128',NULL,'vostro 230',NULL,0.0000,NULL,NULL,'',1,'2016-05-13 16:02:58','2016-05-13 16:02:58',1,NULL,3,0,12,0,3,0,NULL,NULL,NULL,'B0010252','','','大班房','','2010','工会','',13),(553,'70128',NULL,'vostro 230',NULL,0.0000,NULL,NULL,'',1,'2016-05-13 16:02:58','2016-05-13 16:02:58',1,NULL,3,0,12,0,3,0,NULL,NULL,NULL,'','','','经理值班室','','2010','工会','',13),(554,'70128',NULL,'vostro 230',NULL,0.0000,NULL,NULL,'',1,'2016-05-13 16:02:58','2016-05-13 16:02:58',1,NULL,3,0,12,0,3,0,NULL,NULL,NULL,'B0010250','','','干部值班室','','2010','工会','',13),(555,'70128',NULL,'vostro 230',NULL,0.0000,NULL,NULL,'',1,'2016-05-13 16:02:58','2016-05-13 16:02:58',1,NULL,3,0,12,0,3,0,NULL,NULL,NULL,'B0010253','','','干部值班室','','2010','工会','',13),(556,'70128',NULL,'ideapad',NULL,0.0000,NULL,NULL,'',1,'2016-05-13 16:02:58','2016-05-13 16:02:58',1,NULL,3,0,12,0,4,0,NULL,NULL,NULL,'B0020195','','','干部值班室','','2011.8','工会','',1),(557,'70128',NULL,'ideapad',NULL,0.0000,NULL,NULL,'',1,'2016-05-13 16:02:58','2016-05-13 16:02:58',1,NULL,3,0,12,0,4,0,NULL,NULL,NULL,'B0020197','','','','','2010.5','工会','',1),(558,'70128',NULL,'昭阳E466L',NULL,0.0000,NULL,NULL,'',1,'2016-05-13 16:02:58','2016-05-13 16:02:58',1,NULL,3,0,12,0,4,0,NULL,NULL,NULL,'B0020196','','EB18586048','机电工程师','','2010.5','工会','',1),(559,'70128',NULL,'P1008',NULL,0.0000,NULL,NULL,'',1,'2016-05-13 16:02:58','2016-05-13 16:02:58',1,NULL,3,0,12,0,5,0,NULL,NULL,NULL,'B0030056','','CC366A','干部值班室','','2008','工会','',12),(560,'70128',NULL,'3200MFP',NULL,0.0000,NULL,NULL,'',1,'2016-05-13 16:02:58','2016-05-13 16:02:58',1,NULL,3,0,12,0,10,0,NULL,NULL,NULL,'B0030057','','NGA420723','会议室','','2011','工会','',44),(561,'70128',NULL,'EB-S7',NULL,0.0000,NULL,NULL,'',1,'2016-05-13 16:02:58','2016-05-13 16:02:58',1,NULL,3,0,12,0,8,0,NULL,NULL,NULL,'B0060021','','MN8F051316L','会议室','','2010.5','工会','',16),(562,'70128',NULL,'DSC-W310',NULL,0.0000,NULL,NULL,'',1,'2016-05-13 16:02:58','2016-05-13 16:02:58',1,NULL,3,0,12,0,7,0,NULL,NULL,NULL,'B0050078','','9323999','干部值班室','','2010.10','工会','',19),(563,'70128',NULL,'',NULL,0.0000,NULL,NULL,'',1,'2016-05-13 16:02:58','2016-05-13 16:02:58',1,NULL,3,0,12,0,7,0,NULL,NULL,NULL,'','','','','','','','',21),(564,'70206',NULL,'E2200',NULL,0.0000,NULL,NULL,'',1,'2016-05-13 16:02:58','2016-05-13 16:02:58',1,NULL,3,0,12,0,3,0,NULL,NULL,NULL,'','','','办公室','罗小龙','2010','成本','',1),(565,'70206',NULL,'OPTIPLEX 3010',NULL,0.0000,NULL,NULL,'',1,'2016-05-13 16:02:58','2016-05-13 16:02:58',1,NULL,3,0,12,0,3,0,NULL,NULL,NULL,'','','','办公室','冯伟','2013.10','成本','',13),(566,'70206',NULL,'KAA3130124',NULL,0.0000,NULL,NULL,'',1,'2016-05-13 16:02:58','2016-05-13 16:02:58',1,NULL,3,0,12,0,3,0,NULL,NULL,NULL,'','','','办公室','罗小龙','组装','成本','',54),(567,'70206',NULL,'',NULL,0.0000,NULL,NULL,'',1,'2016-05-13 16:02:58','2016-05-13 16:02:58',1,NULL,3,0,12,0,3,0,NULL,NULL,NULL,'','','','成本员','易斌','2013','成本','',1),(568,'70206',NULL,'',NULL,0.0000,NULL,NULL,'',1,'2016-05-13 16:02:58','2016-05-13 16:02:58',1,NULL,3,0,12,0,4,0,NULL,NULL,NULL,'','','','钻井工程师','游伟、王海超','2011.8','成本','',13),(569,'70206',NULL,'think pad',NULL,0.0000,NULL,NULL,'',1,'2016-05-13 16:02:58','2016-05-13 16:02:58',1,NULL,3,0,12,0,4,0,NULL,NULL,NULL,'','','','','','不详','成本','',1),(570,'70206',NULL,'3200MFP',NULL,0.0000,NULL,NULL,'',1,'2016-05-13 16:02:58','2016-05-13 16:02:58',1,NULL,3,0,12,0,5,0,NULL,NULL,NULL,'','','','办公室','蒋维','2010','成本','',44),(571,'70206',NULL,'1020',NULL,0.0000,NULL,NULL,'',1,'2016-05-13 16:02:58','2016-05-13 16:02:58',1,NULL,3,0,12,0,5,0,NULL,NULL,NULL,'','','','成本员','易斌','2011','成本','',12),(572,'70206',NULL,'1020',NULL,0.0000,NULL,NULL,'',1,'2016-05-13 16:02:58','2016-05-13 16:02:58',1,NULL,3,0,12,0,5,0,NULL,NULL,NULL,'','','','钻井工程师','游伟、王海超','2010','成本','',12),(573,'70206',NULL,'CP-HX2075A',NULL,0.0000,NULL,NULL,'',1,'2016-05-13 16:02:58','2016-05-13 16:02:58',1,NULL,3,0,12,0,8,0,NULL,NULL,NULL,'','','','工人值班室','罗小龙','2010','成本','',5),(574,'70206',NULL,'EB-X7',NULL,0.0000,NULL,NULL,'',1,'2016-05-13 16:02:58','2016-05-13 16:02:58',1,NULL,3,0,12,0,8,0,NULL,NULL,NULL,'','','','办公室','罗小龙','2010','成本','',16),(575,'70206',NULL,'SX30 IS',NULL,0.0000,NULL,NULL,'',1,'2016-05-13 16:02:58','2016-05-13 16:02:58',1,NULL,3,0,12,0,7,0,NULL,NULL,NULL,'','','','办公室','罗小龙','2011','成本','',21),(576,'70206',NULL,'SX210 IS ',NULL,0.0000,NULL,NULL,'',1,'2016-05-13 16:02:58','2016-05-13 16:02:58',1,NULL,3,0,12,0,7,0,NULL,NULL,NULL,'','','','钻井工程师','游伟、王海超','2011','成本','',21),(577,'70506',NULL,'扬天T2930V',NULL,0.0000,NULL,NULL,'2016511填报',1,'2016-05-13 16:02:58','2016-05-13 16:02:58',1,NULL,3,0,12,0,3,0,NULL,NULL,NULL,'B0010258','14030105012108','','泥浆工程师','周胜泉','2000.1','','',1),(578,'70506',NULL,'启天M2000',NULL,0.0000,NULL,NULL,'2016511填报',1,'2016-05-13 16:02:58','2016-05-13 16:02:58',1,NULL,3,0,12,0,3,0,NULL,NULL,NULL,'B0010259','','','机电大班','叶项明','2002.1','','',1),(579,'70506',NULL,'MS2335',NULL,0.0000,NULL,NULL,'2016511填报',1,'2016-05-13 16:02:58','2016-05-13 16:02:58',1,NULL,3,0,12,0,4,0,NULL,NULL,NULL,'B0020204','14030105013943','','钻井工程师','','2006.1','','',23),(580,'70506',NULL,'F8V',NULL,0.0000,NULL,NULL,'2016511填报',1,'2016-05-13 16:02:58','2016-05-13 16:02:58',1,NULL,3,0,12,0,4,0,NULL,NULL,NULL,'B0020205','14030105015986','','泥浆工程师','陈涛','2011.10','','',1),(581,'70506',NULL,'昭阳E390A',NULL,0.0000,NULL,NULL,'2016511填报',1,'2016-05-13 16:02:58','2016-05-13 16:02:58',1,NULL,3,0,12,0,4,0,NULL,NULL,NULL,'B0020206','','','钻井工程师','','2005.8','','',1),(582,'70506',NULL,'inspiron 14R',NULL,0.0000,NULL,NULL,'2016511填报',1,'2016-05-13 16:02:58','2016-05-13 16:02:58',1,NULL,3,0,12,0,4,0,NULL,NULL,NULL,'B0020203','14030105012361','','钻井工程师','赖雨滋','2012.10','','',13),(583,'70506',NULL,'x230i',NULL,0.0000,NULL,NULL,'2016511填报',1,'2016-05-13 16:02:58','2016-05-13 16:02:58',1,NULL,3,0,12,0,4,0,NULL,NULL,NULL,'B0020207','','','泥浆工程师','周胜泉','2013.11','','',1),(584,'70506',NULL,'1007',NULL,0.0000,NULL,NULL,'2016511填报',1,'2016-05-13 16:02:58','2016-05-13 16:02:58',1,NULL,3,0,12,0,5,0,NULL,NULL,NULL,'B0030059','','','泥浆工程师','周胜泉','2010.1','','',12),(585,'70506',NULL,'1020',NULL,0.0000,NULL,NULL,'2016511填报',1,'2016-05-13 16:02:58','2016-05-13 16:02:58',1,NULL,3,0,12,0,5,0,NULL,NULL,NULL,'B0030060','','','钻井工程师','赖雨滋','2011.1','','',12),(586,'70506',NULL,'1136MPF',NULL,0.0000,NULL,NULL,'2016511填报',1,'2016-05-13 16:02:58','2016-05-13 16:02:58',1,NULL,3,0,12,0,10,0,NULL,NULL,NULL,'B0040063','','','资料员','王刚','2009.6','','',12),(587,'70506',NULL,'',NULL,0.0000,NULL,NULL,'2016511填报',1,'2016-05-13 16:02:58','2016-05-13 16:02:58',1,NULL,3,0,12,0,10,0,NULL,NULL,NULL,'B0040064','','','成本员','程刚','2010.1','','',12),(588,'70506',NULL,'CP-HX2075A',NULL,0.0000,NULL,NULL,'2016511填报',1,'2016-05-13 16:02:58','2016-05-13 16:02:58',1,NULL,3,0,12,0,8,0,NULL,NULL,NULL,'B0060023','','','值班室','王刚','2006.1','','',30),(589,'70506',NULL,'IXUS105',NULL,0.0000,NULL,NULL,'2016511填报',1,'2016-05-13 16:02:58','2016-05-13 16:02:58',1,NULL,3,0,12,0,7,0,NULL,NULL,NULL,'','','','平台经理','胡贤忠','2008.1','','',21),(590,'70506',NULL,'SX210IS',NULL,0.0000,NULL,NULL,'2016511填报',1,'2016-05-13 16:02:58','2016-05-13 16:02:58',1,NULL,3,0,12,0,7,0,NULL,NULL,NULL,'','','','支部书记','李智强','2009.1','','',21),(591,'70506',NULL,'',NULL,0.0000,NULL,NULL,'2016511填报',1,'2016-05-13 16:02:58','2016-05-13 16:02:58',1,NULL,3,0,12,0,7,0,NULL,NULL,NULL,'B0050080','','','平台经理','胡贤忠','2014.8','','',19),(592,'70507',NULL,'IdeaCentre K3 R1',NULL,0.0000,NULL,NULL,'',1,'2016-05-13 16:02:58','2016-05-13 16:02:58',1,NULL,3,0,12,0,3,0,NULL,NULL,NULL,'B0010260','','','平台经理房','刘泽明/唐睿','2014','','',1),(593,'70507',NULL,'B4550-B302',NULL,0.0000,NULL,NULL,'',1,'2016-05-13 16:02:58','2016-05-13 16:02:58',1,NULL,3,0,12,0,3,0,NULL,NULL,NULL,'B0010261','','','工程师值班室','钟郁/廖志成','2011.6','','',1),(594,'70507',NULL,'ThinkPad T410i',NULL,0.0000,NULL,NULL,'',1,'2016-05-13 16:02:58','2016-05-13 16:02:58',1,NULL,3,0,12,0,4,0,NULL,NULL,NULL,'B0020209','','','工程师房','钟郁/廖志成','2010','','',1),(595,'70507',NULL,'HPLaserJet1020plus',NULL,0.0000,NULL,NULL,'',1,'2016-05-13 16:02:58','2016-05-13 16:02:58',1,NULL,3,0,12,0,5,0,NULL,NULL,NULL,'B0010262','','','工程师值班室','钟郁/廖志成','2013','','',12),(596,'70507',NULL,'CP-HX2075A',NULL,0.0000,NULL,NULL,'',1,'2016-05-13 16:02:58','2016-05-13 16:02:58',1,NULL,3,0,12,0,8,0,NULL,NULL,NULL,'B0010025','','','工程师值班室','钟郁/廖志成','2010','','',5),(597,'70507',NULL,'',NULL,0.0000,NULL,NULL,'',1,'2016-05-13 16:02:58','2016-05-13 16:02:58',1,NULL,3,0,12,0,11,0,NULL,NULL,NULL,'','','','','','','','',45),(598,'70507',NULL,'DSC-HX400',NULL,0.0000,NULL,NULL,'',1,'2016-05-13 16:02:58','2016-05-13 16:02:58',1,NULL,3,0,12,0,12,0,NULL,NULL,NULL,'B0050081','','2014dp0720','工程师值班室','钟郁/廖志成','2014','','',19),(599,'70507',NULL,'LiDE 110',NULL,0.0000,NULL,NULL,'',1,'2016-05-13 16:02:58','2016-05-13 16:02:58',1,NULL,3,0,12,0,19,0,NULL,NULL,NULL,'','','','工程师值班室','钟郁/廖志成','2012.7','','',21),(600,'70508',NULL,'扬天T4632d',NULL,0.0000,NULL,NULL,'',1,'2016-05-13 16:02:58','2016-05-13 16:02:58',1,NULL,3,0,12,0,3,0,NULL,NULL,NULL,'','14030105014870','','联合办公房','','2013.9','','',1),(601,'70508',NULL,'扬天T4920d',NULL,0.0000,NULL,NULL,'',1,'2016-05-13 16:02:58','2016-05-13 16:02:58',1,NULL,3,0,12,0,3,0,NULL,NULL,NULL,'','14030105015997','','甲方监督房借用','','2013.12','','',1),(602,'70508',NULL,'K47G',NULL,0.0000,NULL,NULL,'',1,'2016-05-13 16:02:58','2016-05-13 16:02:58',1,NULL,3,0,12,0,4,0,NULL,NULL,NULL,'','14030105012010','','钻井工程师','','2011.9','','',1),(603,'70508',NULL,'14R999',NULL,0.0000,NULL,NULL,'',1,'2016-05-13 16:02:58','2016-05-13 16:02:58',1,NULL,3,0,12,0,4,0,NULL,NULL,NULL,'','14030105013944','','泥浆工程师','','2012.12','','',13),(604,'70508',NULL,'321',NULL,0.0000,NULL,NULL,'',1,'2016-05-13 16:02:58','2016-05-13 16:02:58',1,NULL,3,0,12,0,4,0,NULL,NULL,NULL,'','','','成本员','','2010.5','','',12),(605,'70508',NULL,'112C',NULL,0.0000,NULL,NULL,'',1,'2016-05-13 16:02:58','2016-05-13 16:02:58',1,NULL,3,0,12,0,4,0,NULL,NULL,NULL,'','','','联合办公房','','2005','','',12),(606,'70508',NULL,'1020',NULL,0.0000,NULL,NULL,'',1,'2016-05-13 16:02:58','2016-05-13 16:02:58',1,NULL,3,0,12,0,5,0,NULL,NULL,NULL,'','','','钻井工程师房','','2005','','',12),(607,'70508',NULL,'1008',NULL,0.0000,NULL,NULL,'',1,'2016-05-13 16:02:58','2016-05-13 16:02:58',1,NULL,3,0,12,0,5,0,NULL,NULL,NULL,'','','','泥浆工程师房','','2005','','',12),(608,'70508',NULL,'2900',NULL,0.0000,NULL,NULL,'',1,'2016-05-13 16:02:58','2016-05-13 16:02:58',1,NULL,3,0,12,0,5,0,NULL,NULL,NULL,'','','','联合办公房','','2005','','',21),(609,'70508',NULL,'3401',NULL,0.0000,NULL,NULL,'实际型号：XEROX',1,'2016-05-13 16:02:58','2016-05-13 16:02:58',1,NULL,3,0,12,0,10,0,NULL,NULL,NULL,'','14030202001847','','联合办公房','','2012.12','','',41),(610,'70508',NULL,'3401',NULL,0.0000,NULL,NULL,'',1,'2016-05-13 16:02:58','2016-05-13 16:02:58',1,NULL,3,0,12,0,10,0,NULL,NULL,NULL,'','14030202002000','','成本员','','2013.9','','',41),(611,'70508',NULL,'CP-Hx2075A',NULL,0.0000,NULL,NULL,'',1,'2016-05-13 16:02:58','2016-05-13 16:02:58',1,NULL,3,0,12,0,8,0,NULL,NULL,NULL,'','','','钻井工程师房','','2006.11','','',5),(612,'70509',NULL,'',NULL,0.0000,NULL,NULL,'',1,'2016-05-13 16:02:58','2016-05-13 16:02:58',1,NULL,3,0,12,0,3,0,NULL,NULL,NULL,'','','','干部值班室','胡超/刘恺','2009.1','成本','',20),(613,'70509',NULL,'IdeaCentre',NULL,0.0000,NULL,NULL,'',1,'2016-05-13 16:02:58','2016-05-13 16:02:58',1,NULL,3,0,12,0,3,0,NULL,NULL,NULL,'','','','平台经理房','李生勤','2012.1','成本','',1),(614,'70509',NULL,'',NULL,0.0000,NULL,NULL,'',1,'2016-05-13 16:02:58','2016-05-13 16:02:58',1,NULL,3,0,12,0,3,0,NULL,NULL,NULL,'','','','成本员','余洪彬','2011.5','成本','',20),(615,'70509',NULL,'Z475',NULL,0.0000,NULL,NULL,'',1,'2016-05-13 16:02:58','2016-05-13 16:02:58',1,NULL,3,0,12,0,4,0,NULL,NULL,NULL,'','','','工程师房','胡超/刘恺','2011.1','成本','',1),(616,'70509',NULL,'E390',NULL,0.0000,NULL,NULL,'',1,'2016-05-13 16:02:58','2016-05-13 16:02:58',1,NULL,3,0,12,0,4,0,NULL,NULL,NULL,'','','','成本员','余洪彬','2006.4','成本','',1),(617,'70509',NULL,'HP1007',NULL,0.0000,NULL,NULL,'',1,'2016-05-13 16:02:58','2016-05-13 16:02:58',1,NULL,3,0,12,0,5,0,NULL,NULL,NULL,'','','','干部值班室','胡超/刘恺','2009.1','成本','',12),(618,'70509',NULL,'HP1020',NULL,0.0000,NULL,NULL,'',1,'2016-05-13 16:02:58','2016-05-13 16:02:58',1,NULL,3,0,12,0,5,0,NULL,NULL,NULL,'','','','成本员','余洪彬','2010.8','成本','',12),(619,'70509',NULL,'ml-1676',NULL,0.0000,NULL,NULL,'',1,'2016-05-13 16:02:58','2016-05-13 16:02:58',1,NULL,3,0,12,0,5,0,NULL,NULL,NULL,'','','','干部值班室','胡超/刘恺','2012.1','成本','',41),(620,'70509',NULL,'sx2101s',NULL,0.0000,NULL,NULL,'',1,'2016-05-13 16:02:58','2016-05-13 16:02:58',1,NULL,3,0,12,0,7,0,NULL,NULL,NULL,'','','','干部值班室','胡超/刘恺','2010.1','成本','',21),(621,'70509',NULL,'cp-hx2075a',NULL,0.0000,NULL,NULL,'',1,'2016-05-13 16:02:58','2016-05-13 16:02:58',1,NULL,3,0,12,0,8,0,NULL,NULL,NULL,'','','','干部值班室','胡超/刘恺','2010.1','成本','',30),(622,'70509',NULL,'scx-4521f',NULL,0.0000,NULL,NULL,'',1,'2016-05-13 16:02:59','2016-05-13 16:02:59',1,NULL,3,0,12,0,10,0,NULL,NULL,NULL,'','','','干部值班室','胡超/刘恺','2009.1','成本','',41),(623,'70509',NULL,'DSC-HX400',NULL,0.0000,NULL,NULL,'',1,'2016-05-13 16:02:59','2016-05-13 16:02:59',1,NULL,3,0,12,0,7,0,NULL,NULL,NULL,'','','','干部值班室','胡超/刘恺','2014.9','工会经费','',19),(624,'70510',NULL,'启天M4500-N000',NULL,0.0000,NULL,NULL,'',1,'2016-05-13 16:02:59','2016-05-13 16:02:59',1,NULL,3,0,12,0,3,0,NULL,NULL,NULL,'B0010268','','BA04130025','办公室','资料员','2014.12','工会经费','',1),(625,'70510',NULL,'扬天T4920d',NULL,0.0000,NULL,NULL,'',1,'2016-05-13 16:02:59','2016-05-13 16:02:59',1,NULL,3,0,12,0,3,0,NULL,NULL,NULL,'B0020269','','MS1846992','办公室','工程师','2012.12','成本','',1),(626,'70510',NULL,'朝阳E49A',NULL,0.0000,NULL,NULL,'',1,'2016-05-13 16:02:59','2016-05-13 16:02:59',1,NULL,3,0,12,0,4,0,NULL,NULL,NULL,'B0020220','','EB34290861','办公室','平台经理','2013.8','成本','',1),(627,'70510',NULL,'14002',NULL,0.0000,NULL,NULL,'',1,'2016-05-13 16:02:59','2016-05-13 16:02:59',1,NULL,3,0,12,0,4,0,NULL,NULL,NULL,'B0020222','','EB08183670','泥浆室','泥浆工程师','2008.4','成本','运行慢，建议更换',1),(628,'70510',NULL,'4411S',NULL,0.0000,NULL,NULL,'',1,'2016-05-13 16:02:59','2016-05-13 16:02:59',1,NULL,3,0,12,0,4,0,NULL,NULL,NULL,'B0020221','','','成本员','成本员','2010.4','成本','',12),(629,'70510',NULL,'1007',NULL,0.0000,NULL,NULL,'',1,'2016-05-13 16:02:59','2016-05-13 16:02:59',1,NULL,3,0,12,0,5,0,NULL,NULL,NULL,'B0030070','','','成本员','成本员','2010.4','成本','',12),(630,'70510',NULL,'Laser Jet M1005MFP',NULL,0.0000,NULL,NULL,'',1,'2016-05-13 16:02:59','2016-05-13 16:02:59',1,NULL,3,0,12,0,10,0,NULL,NULL,NULL,'B0030072','','CB376A','办公室','联合使用','2009.2','成本','',12),(631,'70510',NULL,'Laser Jet 3050',NULL,0.0000,NULL,NULL,'',1,'2016-05-13 16:02:59','2016-05-13 16:02:59',1,NULL,3,0,12,0,10,0,NULL,NULL,NULL,'B0030071','','CNCKR63130','办公室','联合使用','2008.6','成本','',12),(632,'70510',NULL,'VPL-EX50',NULL,0.0000,NULL,NULL,'',1,'2016-05-13 16:02:59','2016-05-13 16:02:59',1,NULL,3,0,12,0,8,0,NULL,NULL,NULL,'B0060028','','7607710840','办公室','联合使用','2006','陈本','',19),(633,'70510',NULL,'DSC-HX400',NULL,0.0000,NULL,NULL,'',1,'2016-05-13 16:02:59','2016-05-13 16:02:59',1,NULL,3,0,12,0,7,0,NULL,NULL,NULL,'','','9006025','井队','联合使用','2014','陈本','',19),(634,'70524',NULL,'/',NULL,0.0000,NULL,NULL,'',1,'2016-05-13 16:02:59','2016-05-13 16:02:59',1,NULL,3,0,12,0,3,0,NULL,NULL,NULL,'/','/','/','工程师房','赵犁浪','/','成本','',1),(635,'70524',NULL,'/',NULL,0.0000,NULL,NULL,'',1,'2016-05-13 16:02:59','2016-05-13 16:02:59',1,NULL,3,0,12,0,3,0,NULL,NULL,NULL,'/','/','/','平台经理房','罗明','/','成本','',1),(636,'70524',NULL,'/',NULL,0.0000,NULL,NULL,'',1,'2016-05-13 16:02:59','2016-05-13 16:02:59',1,NULL,3,0,12,0,4,0,NULL,NULL,NULL,'/','/','/','工程师房','董师欢','/','成本','',5),(637,'70524',NULL,'/',NULL,0.0000,NULL,NULL,'',1,'2016-05-13 16:02:59','2016-05-13 16:02:59',1,NULL,3,0,12,0,4,0,NULL,NULL,NULL,'/','/','/','成本员','何江','/','成本','',1),(638,'70524',NULL,'M1861',NULL,0.0000,NULL,NULL,'',1,'2016-05-13 16:02:59','2016-05-13 16:02:59',1,NULL,3,0,12,0,5,0,NULL,NULL,NULL,'/','/','/','平台经理房','罗明','/','成本','',41),(639,'70524',NULL,'/',NULL,0.0000,NULL,NULL,'',1,'2016-05-13 16:02:59','2016-05-13 16:02:59',1,NULL,3,0,12,0,5,0,NULL,NULL,NULL,'/','/','/','成本员','何江','/','成本','',12),(640,'70524',NULL,'M7400',NULL,0.0000,NULL,NULL,'',1,'2016-05-13 16:02:59','2016-05-13 16:02:59',1,NULL,3,0,12,0,10,0,NULL,NULL,NULL,'/','/','/','工程师房','赵犁浪','/','成本','',1),(641,'70524',NULL,'/',NULL,0.0000,NULL,NULL,'',1,'2016-05-13 16:02:59','2016-05-13 16:02:59',1,NULL,3,0,12,0,10,0,NULL,NULL,NULL,'/','/','/','工程师房','赵犁浪','/','成本','',41),(642,'70524',NULL,'EB-X7',NULL,0.0000,NULL,NULL,'',1,'2016-05-13 16:02:59','2016-05-13 16:02:59',1,NULL,3,0,12,0,8,0,NULL,NULL,NULL,'','','M4AF060184L','平台经理房','赵犁浪','2010.08','专项费用','',16),(643,'70524',NULL,'DSC-HX400',NULL,0.0000,NULL,NULL,'',1,'2016-05-13 16:02:59','2016-05-13 16:02:59',1,NULL,3,0,12,0,7,0,NULL,NULL,NULL,'/','/','/','工程师房','赵犁浪','/','工会经费','',19),(644,'70533',NULL,'',NULL,0.0000,NULL,NULL,'',1,'2016-05-13 16:02:59','2016-05-13 16:02:59',1,NULL,3,0,12,0,3,0,NULL,NULL,NULL,'','','','工程师房','','','成本','',1),(645,'70533',NULL,'',NULL,0.0000,NULL,NULL,'',1,'2016-05-13 16:02:59','2016-05-13 16:02:59',1,NULL,3,0,12,0,3,0,NULL,NULL,NULL,'','','','工程师房','','','成本','',1),(646,'70533',NULL,'',NULL,0.0000,NULL,NULL,'',1,'2016-05-13 16:02:59','2016-05-13 16:02:59',1,NULL,3,0,12,0,3,0,NULL,NULL,NULL,'','','','干部值班室','','','成本','',1),(647,'70533',NULL,'灵越14',NULL,0.0000,NULL,NULL,'',1,'2016-05-13 16:02:59','2016-05-13 16:02:59',1,NULL,3,0,12,0,4,0,NULL,NULL,NULL,'','','','钻井工程师房','','','成本','',13),(648,'70533',NULL,'昭阳E47A',NULL,0.0000,NULL,NULL,'',1,'2016-05-13 16:02:59','2016-05-13 16:02:59',1,NULL,3,0,12,0,4,0,NULL,NULL,NULL,'','','','成本员','','','成本','',1),(649,'70533',NULL,'LIDE120',NULL,0.0000,NULL,NULL,'',1,'2016-05-13 16:02:59','2016-05-13 16:02:59',1,NULL,3,0,12,0,19,0,NULL,NULL,NULL,'','','','工程师房','','','成本','',21),(650,'70533',NULL,'P1007',NULL,0.0000,NULL,NULL,'',1,'2016-05-13 16:02:59','2016-05-13 16:02:59',1,NULL,3,0,12,0,5,0,NULL,NULL,NULL,'','','','工程师房','','','成本','',21),(651,'70533',NULL,'P1007',NULL,0.0000,NULL,NULL,'',1,'2016-05-13 16:02:59','2016-05-13 16:02:59',1,NULL,3,0,12,0,5,0,NULL,NULL,NULL,'','','','干部值班室','','','成本','',21),(652,'70533',NULL,'VPL-EX147',NULL,0.0000,NULL,NULL,'',1,'2016-05-13 16:02:59','2016-05-13 16:02:59',1,NULL,3,0,12,0,8,0,NULL,NULL,NULL,'','','','会议室','','','成本','',19),(653,'70533',NULL,'',NULL,0.0000,NULL,NULL,'',1,'2016-05-13 16:02:59','2016-05-13 16:02:59',1,NULL,3,0,12,0,7,0,NULL,NULL,NULL,'','','','会议室','','','成本','',9),(654,'70533',NULL,'NEX-5T',NULL,0.0000,NULL,NULL,'',1,'2016-05-13 16:02:59','2016-05-13 16:02:59',1,NULL,3,0,12,0,7,0,NULL,NULL,NULL,'','','','会议室','','','工会经费','',19),(655,'70537（塔钻1）',NULL,'扬天M6880N',NULL,0.0000,NULL,NULL,'',1,'2016-05-13 16:02:59','2016-05-13 16:02:59',1,NULL,3,0,12,0,3,0,NULL,NULL,NULL,'','14030101000027','','','','2010.12','','2016.1.11随钻机整体封存至轮南',1),(656,'70537（塔钻1）',NULL,'thinkcentre k3 r1',NULL,0.0000,NULL,NULL,'',1,'2016-05-13 16:02:59','2016-05-13 16:02:59',1,NULL,3,0,12,0,3,0,NULL,NULL,NULL,'','14030105011977','','','','2011.9','','2016.1.12随钻机整体封存至轮南',1),(657,'70537（塔钻1）',NULL,'7HC',NULL,0.0000,NULL,NULL,'',1,'2016-05-13 16:02:59','2016-05-13 16:02:59',1,NULL,3,0,12,0,4,0,NULL,NULL,NULL,'','14030105005824','','','','2008.11','','2016.1.13随钻机整体封存至轮南',2),(658,'70537（塔钻1）',NULL,'SL400',NULL,0.0000,NULL,NULL,'',1,'2016-05-13 16:02:59','2016-05-13 16:02:59',1,NULL,3,0,12,0,4,0,NULL,NULL,NULL,'','14030104000249','','','','2009.7','','2016.1.14随钻机整体封存至轮南',1),(659,'70537（塔钻1）',NULL,'K47G',NULL,0.0000,NULL,NULL,'',1,'2016-05-13 16:02:59','2016-05-13 16:02:59',1,NULL,3,0,12,0,4,0,NULL,NULL,NULL,'','14030105012374','','','','2011.12','','2016.1.15随钻机整体封存至轮南',1),(660,'70537（塔钻1）',NULL,'昭阳E49',NULL,0.0000,NULL,NULL,'',1,'2016-05-13 16:02:59','2016-05-13 16:02:59',1,NULL,3,0,12,0,4,0,NULL,NULL,NULL,'','14030105014907','','','','2013.9','','2016.1.16随钻机整体封存至轮南',1),(661,'70537（塔钻1）',NULL,'E49',NULL,0.0000,NULL,NULL,'',1,'2016-05-13 16:02:59','2016-05-13 16:02:59',1,NULL,3,0,12,0,4,0,NULL,NULL,NULL,'','14030105014382','','','','2012.12','','2016.1.17随钻机整体封存至轮南',1),(662,'70537（塔钻1）',NULL,'7450',NULL,0.0000,NULL,NULL,'',1,'2016-05-13 16:02:59','2016-05-13 16:02:59',1,NULL,3,0,12,0,10,0,NULL,NULL,NULL,'','14030202002001','','','','2013.9','','2016.1.18随钻机整体封存至轮南',1),(663,'70537（塔钻1）',NULL,'700F',NULL,0.0000,NULL,NULL,'',1,'2016-05-13 16:02:59','2016-05-13 16:02:59',1,NULL,3,0,12,0,7,0,NULL,NULL,NULL,'','14030299000372','','','','2012.7','','2016.1.19随钻机整体封存至轮南',21),(664,'70537（塔钻1）',NULL,'WB700',NULL,0.0000,NULL,NULL,'',1,'2016-05-13 16:02:59','2016-05-13 16:02:59',1,NULL,3,0,12,0,7,0,NULL,NULL,NULL,'','14030299000392','','','','2013.9','','2016.1.20随钻机整体封存至轮南',41),(665,'70537（塔钻1）',NULL,'MP713SP',NULL,0.0000,NULL,NULL,'',1,'2016-05-13 16:02:59','2016-05-13 16:02:59',1,NULL,3,0,12,0,8,0,NULL,NULL,NULL,'','14030202001864','','','','2012.12','','2016.1.21随钻机整体封存至轮南',22),(666,'70537（塔钻1）',NULL,'A7作业现场配套设备',NULL,0.0000,NULL,NULL,'',1,'2016-05-13 16:02:59','2016-05-13 16:02:59',1,NULL,3,0,12,0,21,0,NULL,NULL,NULL,'','14030401000255','','','','2011.6','','2016.1.22随钻机整体封存至轮南',55),(667,'70538（原70538队人员解散后，70537队人员携原队办公用品接管70538队钻机）',NULL,'天启M698E',NULL,0.0000,NULL,NULL,'',1,'2016-05-13 16:02:59','2016-05-13 16:02:59',1,NULL,3,0,12,0,3,0,NULL,NULL,NULL,'B0010294','','','','','2015.10','','2016.1.10随钻机整体封存至轮南',1),(668,'70538（原70538队人员解散后，70537队人员携原队办公用品接管70539队钻机）',NULL,'扬天T4900V-00',NULL,0.0000,NULL,NULL,'',1,'2016-05-13 16:02:59','2016-05-13 16:02:59',1,NULL,3,0,12,0,3,0,NULL,NULL,NULL,'','','','','','2015.5','','2016.1.11随钻机整体封存至轮南',1),(669,'70538（原70538队人员解散后，70537队人员携原队办公用品接管70540队钻机）',NULL,'HP Pavilion p6 series X1',NULL,0.0000,NULL,NULL,'',1,'2016-05-13 16:02:59','2016-05-13 16:02:59',1,NULL,3,0,12,0,3,0,NULL,NULL,NULL,'','','','','','2011.12','','2016.1.12随钻机整体封存至轮南',12),(670,'70538（原70538队人员解散后，70537队人员携原队办公用品接管70541队钻机）',NULL,'启天M4300',NULL,0.0000,NULL,NULL,'',1,'2016-05-13 16:02:59','2016-05-13 16:02:59',1,NULL,3,0,12,0,3,0,NULL,NULL,NULL,'','','','','','2011.12','','2016.1.13随钻机整体封存至轮南',1),(671,'70538（原70538队人员解散后，70537队人员携原队办公用品接管70542队钻机）',NULL,'启天M4300',NULL,0.0000,NULL,NULL,'',1,'2016-05-13 16:02:59','2016-05-13 16:02:59',1,NULL,3,0,12,0,3,0,NULL,NULL,NULL,'','','','','','2011.12','','2016.1.14随钻机整体封存至轮南',1),(672,'70538（原70538队人员解散后，70537队人员携原队办公用品接管70543队钻机）',NULL,'开天M6685',NULL,0.0000,NULL,NULL,'',1,'2016-05-13 16:02:59','2016-05-13 16:02:59',1,NULL,3,0,12,0,3,0,NULL,NULL,NULL,'','','','','','2011.12','','2016.1.15随钻机整体封存至轮南',1),(673,'70538（原70538队人员解散后，70537队人员携原队办公用品接管70544队钻机）',NULL,'启天M4300',NULL,0.0000,NULL,NULL,'',1,'2016-05-13 16:02:59','2016-05-13 16:02:59',1,NULL,3,0,12,0,3,0,NULL,NULL,NULL,'','','','','','2011.12','','2016.1.16随钻机整体封存至轮南',1),(674,'70538（原70538队人员解散后，70537队人员携原队办公用品接管70545队钻机）',NULL,'K47G',NULL,0.0000,NULL,NULL,'',1,'2016-05-13 16:02:59','2016-05-13 16:02:59',1,NULL,3,0,12,0,4,0,NULL,NULL,NULL,'','14030105012013','','','','2011.9','','2016.1.17随钻机整体封存至轮南',1),(675,'70538（原70538队人员解散后，70537队人员携原队办公用品接管70546队钻机）',NULL,'ibm1846',NULL,0.0000,NULL,NULL,'',1,'2016-05-13 16:02:59','2016-05-13 16:02:59',1,NULL,3,0,12,0,4,0,NULL,NULL,NULL,'','','','','','','','2016.1.18随钻机整体封存至轮南',1),(676,'70538（原70538队人员解散后，70537队人员携原队办公用品接管70547队钻机）',NULL,'np-p467',NULL,0.0000,NULL,NULL,'',1,'2016-05-13 16:02:59','2016-05-13 16:02:59',1,NULL,3,0,12,0,4,0,NULL,NULL,NULL,'','','','','','','','2016.1.19随钻机整体封存至轮南',41),(677,'70538（原70538队人员解散后，70537队人员携原队办公用品接管70548队钻机）',NULL,'Compaq 65205',NULL,0.0000,NULL,NULL,'',1,'2016-05-13 16:02:59','2016-05-13 16:02:59',1,NULL,3,0,12,0,4,0,NULL,NULL,NULL,'','','','','','','','2016.1.20随钻机整体封存至轮南',12),(678,'70538（原70538队人员解散后，70537队人员携原队办公用品接管70549队钻机）',NULL,'1020',NULL,0.0000,NULL,NULL,'',1,'2016-05-13 16:02:59','2016-05-13 16:02:59',1,NULL,3,0,12,0,5,0,NULL,NULL,NULL,'','','','','','2011.6','','2016.1.21随钻机整体封存至轮南',12),(679,'70538（原70538队人员解散后，70537队人员携原队办公用品接管70550队钻机）',NULL,'1020',NULL,0.0000,NULL,NULL,'',1,'2016-05-13 16:02:59','2016-05-13 16:02:59',1,NULL,3,0,12,0,5,0,NULL,NULL,NULL,'','','','','','2011.6','','2016.1.22随钻机整体封存至轮南',12),(680,'70538（原70538队人员解散后，70537队人员携原队办公用品接管70551队钻机）',NULL,'1020',NULL,0.0000,NULL,NULL,'',1,'2016-05-13 16:02:59','2016-05-13 16:02:59',1,NULL,3,0,12,0,5,0,NULL,NULL,NULL,'','','','','','2011.6','','2016.1.23随钻机整体封存至轮南',12),(681,'70538（原70538队人员解散后，70537队人员携原队办公用品接管70552队钻机）',NULL,'EPSON ME35',NULL,0.0000,NULL,NULL,'',1,'2016-05-13 16:02:59','2016-05-13 16:02:59',1,NULL,3,0,12,0,5,0,NULL,NULL,NULL,'','','','','','2011.6','','2016.1.24随钻机整体封存至轮南',53),(682,'70538（原70538队人员解散后，70537队人员携原队办公用品接管70553队钻机）',NULL,'PHOTO EX3',NULL,0.0000,NULL,NULL,'',1,'2016-05-13 16:02:59','2016-05-13 16:02:59',1,NULL,3,0,12,0,5,0,NULL,NULL,NULL,'','','','','','2012.12','','2016.1.25随钻机整体封存至轮南',53),(683,'70538（原70538队人员解散后，70537队人员携原队办公用品接管70554队钻机）',NULL,'PHOTO EX3',NULL,0.0000,NULL,NULL,'',1,'2016-05-13 16:02:59','2016-05-13 16:02:59',1,NULL,3,0,12,0,5,0,NULL,NULL,NULL,'','','','','','2012.12','','2016.1.26随钻机整体封存至轮南',53),(684,'70538（原70538队人员解散后，70537队人员携原队办公用品接管70555队钻机）',NULL,'三星565P',NULL,0.0000,NULL,NULL,'',1,'2016-05-13 16:02:59','2016-05-13 16:02:59',1,NULL,3,0,12,0,10,0,NULL,NULL,NULL,'','14030202001636','','','','2011.10','','2016.1.27随钻机整体封存至轮南',41),(685,'70538（原70538队人员解散后，70537队人员携原队办公用品接管70556队钻机）',NULL,'7400',NULL,0.0000,NULL,NULL,'',1,'2016-05-13 16:02:59','2016-05-13 16:02:59',1,NULL,3,0,12,0,10,0,NULL,NULL,NULL,'','14039901000430','','','','2014.12','','2016.1.28随钻机整体封存至轮南',1),(686,'70538（原70538队人员解散后，70537队人员携原队办公用品接管70557队钻机）',NULL,'7400',NULL,0.0000,NULL,NULL,'',1,'2016-05-13 16:02:59','2016-05-13 16:02:59',1,NULL,3,0,12,0,10,0,NULL,NULL,NULL,'','','','','','2011.12','','2016.1.29随钻机整体封存至轮南',1),(687,'70538（原70538队人员解散后，70537队人员携原队办公用品接管70558队钻机）',NULL,'EB-X7',NULL,0.0000,NULL,NULL,'',1,'2016-05-13 16:02:59','2016-05-13 16:02:59',1,NULL,3,0,12,0,8,0,NULL,NULL,NULL,'','','','','','2013.9','','2016.1.30随钻机整体封存至轮南',53),(688,'70538（原70538队人员解散后，70537队人员携原队办公用品接管70559队钻机）',NULL,'EB-X7',NULL,0.0000,NULL,NULL,'',1,'2016-05-13 16:02:59','2016-05-13 16:02:59',1,NULL,3,0,12,0,8,0,NULL,NULL,NULL,'','','','','','2013.9','','2016.1.31随钻机整体封存至轮南',53),(689,'70538（原70538队人员解散后，70537队人员携原队办公用品接管70560队钻机）',NULL,'A7作业现场配套设备',NULL,0.0000,NULL,NULL,'',1,'2016-05-13 16:02:59','2016-05-13 16:02:59',1,NULL,3,0,12,0,21,0,NULL,NULL,NULL,'B0040075','','','','','2011.6','','2016.1.32随钻机整体封存至轮南',55),(690,'70540',NULL,'联想T5900',NULL,0.0000,NULL,NULL,'',1,'2016-05-13 16:02:59','2016-05-13 16:02:59',1,NULL,3,0,12,0,3,0,NULL,NULL,NULL,'','14030105005210','','干部值班室','胡乔/杜展志','2008.5','成本','',20),(691,'70540',NULL,'扬天2900',NULL,0.0000,NULL,NULL,'',1,'2016-05-13 16:02:59','2016-05-13 16:02:59',1,NULL,3,0,12,0,3,0,NULL,NULL,NULL,' ','14030105005315','','干部值班室','胡乔/杜展志','2008.7','成本','',1),(692,'70540',NULL,'联想K47G',NULL,0.0000,NULL,NULL,'',1,'2016-05-13 16:02:59','2016-05-13 16:02:59',1,NULL,3,0,12,0,4,0,NULL,NULL,NULL,'','14030105012366','','成本员','吕勇','2011.12','成本','',1),(693,'70540',NULL,'联想K47G',NULL,0.0000,NULL,NULL,'',1,'2016-05-13 16:02:59','2016-05-13 16:02:59',1,NULL,3,0,12,0,4,0,NULL,NULL,NULL,'','14030105013472','','干部值班室','胡乔/杜展志','2012.7','成本','',1),(694,'70540',NULL,'E49A',NULL,0.0000,NULL,NULL,'',1,'2016-05-13 16:02:59','2016-05-13 16:02:59',1,NULL,3,0,12,0,4,0,NULL,NULL,NULL,' ','14030105014889','','泥浆工程师','冯勇','2013.9','成本','',45),(695,'70540',NULL,'7HC笔记本',NULL,0.0000,NULL,NULL,'老化、内存小',1,'2016-05-13 16:02:59','2016-05-13 16:02:59',1,NULL,3,0,12,0,4,0,NULL,NULL,NULL,'','14030105005820','','大班房','廖先楷/卢尚军','2008.11','成本','',2),(696,'70540',NULL,'M7400',NULL,0.0000,NULL,NULL,'',1,'2016-05-13 16:02:59','2016-05-13 16:02:59',1,NULL,3,0,12,0,5,0,NULL,NULL,NULL,'','14030202002053','','干部值班室','胡乔/杜展志','2013.12','成本','',1),(697,'70540',NULL,'4623',NULL,0.0000,NULL,NULL,'',1,'2016-05-13 16:02:59','2016-05-13 16:02:59',1,NULL,3,0,12,0,5,0,NULL,NULL,NULL,' ','14030202001820','','成本员','吕勇','2012.12','成本','',41),(698,'70545',NULL,'启天M698E',NULL,0.0000,NULL,NULL,'',1,'2016-05-13 16:02:59','2016-05-13 16:02:59',1,NULL,3,0,12,0,3,0,NULL,NULL,NULL,'','','','平台经理','','2010.6','','',1),(699,'70545',NULL,'启天M698E',NULL,0.0000,NULL,NULL,'',1,'2016-05-13 16:02:59','2016-05-13 16:02:59',1,NULL,3,0,12,0,3,0,NULL,NULL,NULL,'','','','会议室','','2010.6','','',1),(700,'70545',NULL,'',NULL,0.0000,NULL,NULL,'',1,'2016-05-13 16:02:59','2016-05-13 16:02:59',1,NULL,3,0,12,0,4,0,NULL,NULL,NULL,'','','','成本员','','','','',13),(701,'70545',NULL,'',NULL,0.0000,NULL,NULL,'',1,'2016-05-13 16:02:59','2016-05-13 16:02:59',1,NULL,3,0,12,0,4,0,NULL,NULL,NULL,'','','','钻井工程师 ','','','','',13),(702,'70545',NULL,'E46A',NULL,0.0000,NULL,NULL,'',1,'2016-05-13 16:02:59','2016-05-13 16:02:59',1,NULL,3,0,12,0,4,0,NULL,NULL,NULL,'','','','钻台大班','','','','',1),(703,'70545',NULL,'14002',NULL,0.0000,NULL,NULL,'',1,'2016-05-13 16:02:59','2016-05-13 16:02:59',1,NULL,3,0,12,0,4,0,NULL,NULL,NULL,'','','','机房大班','','','','',1),(704,'70545',NULL,'天逸F40M',NULL,0.0000,NULL,NULL,'',1,'2016-05-13 16:02:59','2016-05-13 16:02:59',1,NULL,3,0,12,0,4,0,NULL,NULL,NULL,'','','','钻井工程师 ','','2008','','',1),(705,'70545',NULL,'天逸F41M',NULL,0.0000,NULL,NULL,'',1,'2016-05-13 16:02:59','2016-05-13 16:02:59',1,NULL,3,0,12,0,4,0,NULL,NULL,NULL,'','','','泥浆工程师 ','','2008','','',1),(706,'70545',NULL,'HP laserjet P1007',NULL,0.0000,NULL,NULL,'',1,'2016-05-13 16:02:59','2016-05-13 16:02:59',1,NULL,3,0,12,0,5,0,NULL,NULL,NULL,'','','','已坏','','2010.6','','',12),(707,'70545',NULL,'HP laserjet P1007',NULL,0.0000,NULL,NULL,'',1,'2016-05-13 16:02:59','2016-05-13 16:02:59',1,NULL,3,0,12,0,5,0,NULL,NULL,NULL,'','','','成本员','','2010','','',12),(708,'70545',NULL,'M7400',NULL,0.0000,NULL,NULL,'',1,'2016-05-13 16:02:59','2016-05-13 16:02:59',1,NULL,3,0,12,0,10,0,NULL,NULL,NULL,'','','','会议室','','2013.11','','',1),(709,'70545',NULL,'EB-X7',NULL,0.0000,NULL,NULL,'',1,'2016-05-13 16:02:59','2016-05-13 16:02:59',1,NULL,3,0,12,0,8,0,NULL,NULL,NULL,'','','','会议室','','2010.6','','',16),(710,'70545',NULL,'W610',NULL,0.0000,NULL,NULL,'',1,'2016-05-13 16:02:59','2016-05-13 16:02:59',1,NULL,3,0,12,0,7,0,NULL,NULL,NULL,'','','','已坏','','2010','','',19),(711,'70545',NULL,'DSC-HX400',NULL,0.0000,NULL,NULL,'',1,'2016-05-13 16:02:59','2016-05-13 16:02:59',1,NULL,3,0,12,0,7,0,NULL,NULL,NULL,'','','','钻井工程师 ','','','','',19),(712,'70549',NULL,'商祺',NULL,0.0000,NULL,NULL,'',1,'2016-05-13 16:02:59','2016-05-13 16:02:59',1,NULL,3,0,12,0,3,0,NULL,NULL,NULL,'B0010307','','','干部值班室','副经理','2004.12','计划投资','',56),(713,'70549',NULL,'启天M7160',NULL,0.0000,NULL,NULL,'',1,'2016-05-13 16:02:59','2016-05-13 16:02:59',1,NULL,3,0,12,0,3,0,NULL,NULL,NULL,'B0010306','','NA4860191','干部值班室','副经理','2011.3','计划投资','',1),(714,'70549',NULL,'M4350-N080',NULL,0.0000,NULL,NULL,'',1,'2016-05-13 16:02:59','2016-05-13 16:02:59',1,NULL,3,0,12,0,3,0,NULL,NULL,NULL,'B0010305','','NA22137536','会议室','资料员','2014.2','计划投资','',1),(715,'70549',NULL,'昭阳E47A',NULL,0.0000,NULL,NULL,'',1,'2016-05-13 16:02:59','2016-05-13 16:02:59',1,NULL,3,0,12,0,4,0,NULL,NULL,NULL,'B0020271','','EB28370946','泥浆工程师','泥浆工程师','2012.4','计划投资','',1),(716,'70549',NULL,'昭阳E47A',NULL,0.0000,NULL,NULL,'',1,'2016-05-13 16:02:59','2016-05-13 16:02:59',1,NULL,3,0,12,0,4,0,NULL,NULL,NULL,'B0020272','','EB28370827','钻井工程师','钻井工程师','2012.4','计划投资','',1),(717,'70549',NULL,'昭阳E390A',NULL,0.0000,NULL,NULL,'',1,'2016-05-13 16:02:59','2016-05-13 16:02:59',1,NULL,3,0,12,0,4,0,NULL,NULL,NULL,'B0020273','','EB04267384','工人值班室','资料员','2006.11','计划投资','',1),(718,'70549',NULL,'N5110',NULL,0.0000,NULL,NULL,'',1,'2016-05-13 16:02:59','2016-05-13 16:02:59',1,NULL,3,0,12,0,4,0,NULL,NULL,NULL,'','','','成本员','成本员','不详','计划投资','',13),(719,'70549',NULL,'1020',NULL,0.0000,NULL,NULL,'',1,'2016-05-13 16:02:59','2016-05-13 16:02:59',1,NULL,3,0,12,0,5,0,NULL,NULL,NULL,'B0030102','','CN0710663','会议室','资料员','不详','计划投资','',12),(720,'70549',NULL,'SF-565PR',NULL,0.0000,NULL,NULL,'',1,'2016-05-13 16:02:59','2016-05-13 16:02:59',1,NULL,3,0,12,0,10,0,NULL,NULL,NULL,'','','9F40BACB900269P','会议室','资料员','2006.8','计划投资','',41),(721,'70549',NULL,'CP-HX2075A',NULL,0.0000,NULL,NULL,'',1,'2016-05-13 16:02:59','2016-05-13 16:02:59',1,NULL,3,0,12,0,8,0,NULL,NULL,NULL,'','','','工人值班室','资料员','不详','计划投资','',30),(722,'70549',NULL,'DSC-W120',NULL,0.0000,NULL,NULL,'',1,'2016-05-13 16:02:59','2016-05-13 16:02:59',1,NULL,3,0,12,0,7,0,NULL,NULL,NULL,'','','','会议室','资料员','不详','计划投资','',19),(723,'70561',NULL,'K3R1',NULL,0.0000,NULL,NULL,'',1,'2016-05-13 16:02:59','2016-05-13 16:02:59',1,NULL,3,0,12,0,3,0,NULL,NULL,NULL,'B0010311','14030105013482','','泥浆工程师','何平','2012.7','','',1),(724,'70561',NULL,'K3R1',NULL,0.0000,NULL,NULL,'',1,'2016-05-13 16:02:59','2016-05-13 16:02:59',1,NULL,3,0,12,0,3,0,NULL,NULL,NULL,'B0010310','14030105013483','','经理房','马俊海','2012.7','','',1),(725,'70561',NULL,'K3R1',NULL,0.0000,NULL,NULL,'',1,'2016-05-13 16:02:59','2016-05-13 16:02:59',1,NULL,3,0,12,0,3,0,NULL,NULL,NULL,'B0010309','14030105012353','','大班房','严玉华','2011.12','','',1),(726,'70561',NULL,'K47G',NULL,0.0000,NULL,NULL,'',1,'2016-05-13 16:02:59','2016-05-13 16:02:59',1,NULL,3,0,12,0,4,0,NULL,NULL,NULL,'B0020276','14030105012383','','资料员','汪亚军','2011.12','','',1),(727,'70561',NULL,'E49',NULL,0.0000,NULL,NULL,'坏',1,'2016-05-13 16:02:59','2016-05-13 16:02:59',1,NULL,3,0,12,0,4,0,NULL,NULL,NULL,'B0020275','14030105013973','','未使用','汪亚军','2012.12','','',1),(728,'70561',NULL,'1008',NULL,0.0000,NULL,NULL,'',1,'2016-05-13 16:02:59','2016-05-13 16:02:59',1,NULL,3,0,12,0,5,0,NULL,NULL,NULL,'B0030103','','','经理房','马俊海','2008.7','','',12),(729,'70561',NULL,'联想7450',NULL,0.0000,NULL,NULL,'',1,'2016-05-13 16:02:59','2016-05-13 16:02:59',1,NULL,3,0,12,0,10,0,NULL,NULL,NULL,'B0040084','','','资料员','汪亚军','2012.12','','',57),(730,'70561',NULL,'爱普生EB-X7',NULL,0.0000,NULL,NULL,'',1,'2016-05-13 16:02:59','2016-05-13 16:02:59',1,NULL,3,0,12,0,8,0,NULL,NULL,NULL,'','','','工程师房','文黎','2010.2','','',58),(731,'70561',NULL,'索尼',NULL,0.0000,NULL,NULL,'',1,'2016-05-13 16:02:59','2016-05-13 16:02:59',1,NULL,3,0,12,0,7,0,NULL,NULL,NULL,'','','','资料员','汪亚军','2014.1','','',19),(732,'70561',NULL,'A7作业现场配套设备',NULL,0.0000,NULL,NULL,'',1,'2016-05-13 16:02:59','2016-05-13 16:02:59',1,NULL,3,0,12,0,21,0,NULL,NULL,NULL,'','14030401000252','','工程师房','杨阳','2011.6','','',55),(733,'70562',NULL,'',NULL,0.0000,NULL,NULL,'',1,'2016-05-13 16:02:59','2016-05-13 16:02:59',1,NULL,3,0,12,0,3,0,NULL,NULL,NULL,'','','','','','2010.9','','2016.1.9随钻机整体封存至轮南',22),(734,'70562',NULL,'thinkpadE450',NULL,0.0000,NULL,NULL,'',1,'2016-05-13 16:02:59','2016-05-13 16:02:59',1,NULL,3,0,12,0,4,0,NULL,NULL,NULL,'','','','','','2015.4','','2016.1.10随钻机整体封存至轮南',1),(735,'70562',NULL,' E6400',NULL,0.0000,NULL,NULL,'',1,'2016-05-13 16:02:59','2016-05-13 16:02:59',1,NULL,3,0,12,0,4,0,NULL,NULL,NULL,'','','','','','2008.12','','2016.1.11随钻机整体封存至轮南',13),(736,'70562',NULL,'E390',NULL,0.0000,NULL,NULL,'',1,'2016-05-13 16:02:59','2016-05-13 16:02:59',1,NULL,3,0,12,0,4,0,NULL,NULL,NULL,'','14030105013475','','','','2009.2','','2016.1.12随钻机整体封存至轮南',1),(737,'70562',NULL,'昭阳K29',NULL,0.0000,NULL,NULL,'',1,'2016-05-13 16:02:59','2016-05-13 16:02:59',1,NULL,3,0,12,0,4,0,NULL,NULL,NULL,'','14030101000017','','','','2013.12','','2016.1.13随钻机整体封存至轮南',1),(738,'70562',NULL,'HP1020',NULL,0.0000,NULL,NULL,'',1,'2016-05-13 16:02:59','2016-05-13 16:02:59',1,NULL,3,0,12,0,5,0,NULL,NULL,NULL,'','14030202001677','','','','2011.12','','2016.1.14随钻机整体封存至轮南',12),(739,'70562',NULL,'FS1040',NULL,0.0000,NULL,NULL,'',1,'2016-05-13 16:02:59','2016-05-13 16:02:59',1,NULL,3,0,12,0,5,0,NULL,NULL,NULL,'','','','','','2014.1','','2016.1.15随钻机整体封存至轮南',43),(740,'70562',NULL,'4623',NULL,0.0000,NULL,NULL,'',1,'2016-05-13 16:02:59','2016-05-13 16:02:59',1,NULL,3,0,12,0,5,0,NULL,NULL,NULL,'','','','','','2013.12','','2016.1.16随钻机整体封存至轮南',41),(741,'70562',NULL,'7400',NULL,0.0000,NULL,NULL,'',1,'2016-05-13 16:02:59','2016-05-13 16:02:59',1,NULL,3,0,12,0,10,0,NULL,NULL,NULL,'','14030202001995','','','','2013.9','','2016.1.17随钻机整体封存至轮南',1),(742,'70562',NULL,'HX400',NULL,0.0000,NULL,NULL,'',1,'2016-05-13 16:02:59','2016-05-13 16:02:59',1,NULL,3,0,12,0,7,0,NULL,NULL,NULL,'','','','','','2014.9','','2016.1.18随钻机整体封存至轮南',19),(743,'70562',NULL,'',NULL,0.0000,NULL,NULL,'',1,'2016-05-13 16:02:59','2016-05-13 16:02:59',1,NULL,3,0,12,0,8,0,NULL,NULL,NULL,'','14030299000435','','','','2013.12','','2016.1.19随钻机整体封存至轮南',5),(744,'70562',NULL,'A7作业现场配套设备',NULL,0.0000,NULL,NULL,'',1,'2016-05-13 16:02:59','2016-05-13 16:02:59',1,NULL,3,0,12,0,21,0,NULL,NULL,NULL,'','14030401000248','','','','2011.6','','2016.1.20随钻机整体封存至轮南',55),(745,'70567',NULL,'K3RI',NULL,0.0000,NULL,NULL,'',1,'2016-05-13 16:02:59','2016-05-13 16:02:59',1,NULL,3,0,12,0,3,0,NULL,NULL,NULL,'','14030105013484','NS14071850','干部值班房','平台经理','2011.8','成本','',1),(746,'70567',NULL,'K3RI',NULL,0.0000,NULL,NULL,'',1,'2016-05-13 16:02:59','2016-05-13 16:02:59',1,NULL,3,0,12,0,3,0,NULL,NULL,NULL,'','14030105013485','NS14071654','工程师值班房','工程师','2011.8','成本','',1),(747,'70567',NULL,'P6-1121CX',NULL,0.0000,NULL,NULL,'',1,'2016-05-13 16:02:59','2016-05-13 16:02:59',1,NULL,3,0,12,0,3,0,NULL,NULL,NULL,'','14030101000026','H3U26AA#AB2','大班值班房','大班','2012.7','工会经费','',12),(748,'70567',NULL,'昭阳K470',NULL,0.0000,NULL,NULL,'',1,'2016-05-13 16:02:59','2016-05-13 16:02:59',1,NULL,3,0,12,0,4,0,NULL,NULL,NULL,'B0020293','14030105013981','R36031729007','干部值班房','平台经理','2011.7','成本','',1),(749,'70567',NULL,'M7400',NULL,0.0000,NULL,NULL,'',1,'2016-05-13 16:02:59','2016-05-13 16:02:59',1,NULL,3,0,12,0,10,0,NULL,NULL,NULL,'B0030111','14030202001779','LP03234464','工程师值班房','工程师','2012.12','成本','',1),(750,'70567',NULL,'M7400',NULL,0.0000,NULL,NULL,'',1,'2016-05-13 16:02:59','2016-05-13 16:02:59',1,NULL,3,0,12,0,10,0,NULL,NULL,NULL,'B0030110','14030202001779','LP03234469','大班值班房','大班','2012.12','成本','',1),(751,'70567',NULL,'EB-X7',NULL,0.0000,NULL,NULL,'',1,'2016-05-13 16:02:59','2016-05-13 16:02:59',1,NULL,3,0,12,0,8,0,NULL,NULL,NULL,'B0060042','','M4AF060183L','干部值班房','平台经理','2010.6','成本','',16),(752,'70567',NULL,'SX20IS',NULL,0.0000,NULL,NULL,'',1,'2016-05-13 16:02:59','2016-05-13 16:02:59',1,NULL,3,0,12,0,7,0,NULL,NULL,NULL,'B0050095','14030299000401','','干部值班房','平台经理','2010.8','工会经费','',21),(753,'70567',NULL,'A7作业现场配套设备',NULL,0.0000,NULL,NULL,'',1,'2016-05-13 16:02:59','2016-05-13 16:02:59',1,NULL,3,0,12,0,21,0,NULL,NULL,NULL,'','14030401000236','','工程师值班房','工程师','2011.6','公司专项费用','',55),(754,'70583',NULL,'F558',NULL,0.0000,NULL,NULL,'2016511填报',1,'2016-05-13 16:02:59','2016-05-13 16:02:59',1,NULL,3,0,12,0,3,0,NULL,NULL,NULL,'B0010317','','NS14320020','工程师房','雷立鸥','2011.12','','',1),(755,'70583',NULL,'F558',NULL,0.0000,NULL,NULL,'2016511填报',1,'2016-05-13 16:02:59','2016-05-13 16:02:59',1,NULL,3,0,12,0,3,0,NULL,NULL,NULL,'','','','经理房','张锡松','2011.12','','',1),(756,'70583',NULL,'K47G',NULL,0.0000,NULL,NULL,'2016511填报',1,'2016-05-13 16:02:59','2016-05-13 16:02:59',1,NULL,3,0,12,0,4,0,NULL,NULL,NULL,'B0020296','','','工程师房','雷立鸥','不详','','',1),(757,'70583',NULL,'X220-A44',NULL,0.0000,NULL,NULL,'2016511填报',1,'2016-05-13 16:02:59','2016-05-13 16:02:59',1,NULL,3,0,12,0,4,0,NULL,NULL,NULL,'','','','','','不详','','',1),(758,'70583',NULL,'E490A',NULL,0.0000,NULL,NULL,'2016511填报',1,'2016-05-13 16:02:59','2016-05-13 16:02:59',1,NULL,3,0,12,0,4,0,NULL,NULL,NULL,'B0020299','','','泥浆室','陈军','不详','','',1),(759,'70583',NULL,'HP1018',NULL,0.0000,NULL,NULL,'2016511填报',1,'2016-05-13 16:02:59','2016-05-13 16:02:59',1,NULL,3,0,12,0,5,0,NULL,NULL,NULL,'B0030112','','','泥浆室','陈军','','','',12),(760,'70583',NULL,'HP1007',NULL,0.0000,NULL,NULL,'2016511填报',1,'2016-05-13 16:02:59','2016-05-13 16:02:59',1,NULL,3,0,12,0,5,0,NULL,NULL,NULL,'B0030113','','','工程师房','雷立鸥','','','',12),(761,'70583',NULL,'HP1008',NULL,0.0000,NULL,NULL,'2016511填报',1,'2016-05-13 16:02:59','2016-05-13 16:02:59',1,NULL,3,0,12,0,5,0,NULL,NULL,NULL,'B0030114','','','工程师房','雷立鸥','','','',12),(762,'70583',NULL,'M7410',NULL,0.0000,NULL,NULL,'2016511填报',1,'2016-05-13 16:02:59','2016-05-13 16:02:59',1,NULL,3,0,12,0,10,0,NULL,NULL,NULL,'B0040087','','','经理房','张锡松','','','',1),(763,'70583',NULL,'713SP',NULL,0.0000,NULL,NULL,'2016511填报',1,'2016-05-13 16:02:59','2016-05-13 16:02:59',1,NULL,3,0,12,0,8,0,NULL,NULL,NULL,'B0060043','','','经理房','张锡松','','','',22),(764,'70583',NULL,'Cyber.shot',NULL,0.0000,NULL,NULL,'2016511填报',1,'2016-05-13 16:02:59','2016-05-13 16:02:59',1,NULL,3,0,12,0,12,0,NULL,NULL,NULL,'B0050096','','','工程师房','雷立鸥','','','',19),(765,'70583',NULL,'DSC-HX400',NULL,0.0000,NULL,NULL,'2016511填报',1,'2016-05-13 16:02:59','2016-05-13 16:02:59',1,NULL,3,0,12,0,12,0,NULL,NULL,NULL,'B0050097','','','工程师房','雷立鸥','2014.7','','',19),(766,'70584',NULL,'启天M7330',NULL,0.0000,NULL,NULL,'',1,'2016-05-13 16:02:59','2016-05-13 16:02:59',1,NULL,3,0,12,0,3,0,NULL,NULL,NULL,'','','','平台经理房','平台经理','','成本','',1),(767,'70584',NULL,'启天M7330',NULL,0.0000,NULL,NULL,'',1,'2016-05-13 16:02:59','2016-05-13 16:02:59',1,NULL,3,0,12,0,3,0,NULL,NULL,NULL,'','','','干部值班室','平台副经理','','成本','',1),(768,'70584',NULL,'',NULL,0.0000,NULL,NULL,'',1,'2016-05-13 16:02:59','2016-05-13 16:02:59',1,NULL,3,0,12,0,4,0,NULL,NULL,NULL,'','','','干部值班室','钻井工程师','','成本','',1),(769,'70584',NULL,'',NULL,0.0000,NULL,NULL,'',1,'2016-05-13 16:02:59','2016-05-13 16:02:59',1,NULL,3,0,12,0,4,0,NULL,NULL,NULL,'','','','成本员工房','成本员','','成本','',1),(770,'70584',NULL,'L11121E',NULL,0.0000,NULL,NULL,'',1,'2016-05-13 16:02:59','2016-05-13 16:02:59',1,NULL,3,0,12,0,5,0,NULL,NULL,NULL,'','','','干部值班室','钻井工程师','','成本','',21),(771,'70584',NULL,'ML1676',NULL,0.0000,NULL,NULL,'',1,'2016-05-13 16:02:59','2016-05-13 16:02:59',1,NULL,3,0,12,0,5,0,NULL,NULL,NULL,'','','','平台经理房','平台经理','','成本','',41),(772,'70584',NULL,'',NULL,0.0000,NULL,NULL,'',1,'2016-05-13 16:02:59','2016-05-13 16:02:59',1,NULL,3,0,12,0,8,0,NULL,NULL,NULL,'','','','平台经理房','平台经理','','成本','',19),(773,'70584',NULL,'HX400',NULL,0.0000,NULL,NULL,'',1,'2016-05-13 16:02:59','2016-05-13 16:02:59',1,NULL,3,0,12,0,7,0,NULL,NULL,NULL,'','','','平台经理房','平台经理','','工会经费','',19),(774,'70584',NULL,'A7作业现场配套设备',NULL,0.0000,NULL,NULL,'',1,'2016-05-13 16:02:59','2016-05-13 16:02:59',1,NULL,3,0,12,0,21,0,NULL,NULL,NULL,'','','','干部值班室','钻井工程师','','成本','',55),(775,'70597',NULL,'M6880N',NULL,0.0000,NULL,NULL,'',1,'2016-05-13 16:02:59','2016-05-13 16:02:59',1,NULL,3,0,12,0,3,0,NULL,NULL,NULL,'','14030101000065','','联合办公室','资料员','2010.12','成本','',59),(776,'70597',NULL,'thinkcentre k3 r1',NULL,0.0000,NULL,NULL,'',1,'2016-05-13 16:02:59','2016-05-13 16:02:59',1,NULL,3,0,12,0,3,0,NULL,NULL,NULL,'','14030105011985','','平台经理办公室','平台经理、书记','2011.9','成本','',1),(777,'70597',NULL,'戴尔N4050',NULL,0.0000,NULL,NULL,'',1,'2016-05-13 16:02:59','2016-05-13 16:02:59',1,NULL,3,0,12,0,4,0,NULL,NULL,NULL,'','14030105012371','','钻井工程师','钻井工程师','2011.12','成本','',13),(778,'70597',NULL,'戴尔N4010',NULL,0.0000,NULL,NULL,'',1,'2016-05-13 16:02:59','2016-05-13 16:02:59',1,NULL,3,0,12,0,4,0,NULL,NULL,NULL,'','14030105012729','','成本员','成本员','2011.12','成本','',13),(779,'70597',NULL,'1020.00 ',NULL,0.0000,NULL,NULL,'',1,'2016-05-13 16:02:59','2016-05-13 16:02:59',1,NULL,3,0,12,0,5,0,NULL,NULL,NULL,'B0010322','','','平台经理办公室','平台经理','2006.6','成本','',12),(780,'70597',NULL,'M1136',NULL,0.0000,NULL,NULL,'',1,'2016-05-13 16:02:59','2016-05-13 16:02:59',1,NULL,3,0,12,0,10,0,NULL,NULL,NULL,'B0030117','','','工程师办公室','工程师','2010.10','成本','',12),(781,'70597',NULL,'3401',NULL,0.0000,NULL,NULL,'',1,'2016-05-13 16:02:59','2016-05-13 16:02:59',1,NULL,3,0,12,0,10,0,NULL,NULL,NULL,'','14030202001822','','成本员办公室','成本员','2012.12','成本','',41),(782,'70597',NULL,'CP-HX2075A',NULL,0.0000,NULL,NULL,'',1,'2016-05-13 16:02:59','2016-05-13 16:02:59',1,NULL,3,0,12,0,8,0,NULL,NULL,NULL,'','','','联合办公室','工程师','','成本','',30),(783,'70597',NULL,'SONY-DSCW55',NULL,0.0000,NULL,NULL,'',1,'2016-05-13 16:02:59','2016-05-13 16:02:59',1,NULL,3,0,12,0,7,0,NULL,NULL,NULL,'B0050099','','','成本员办公室','成本员','','成本','',19),(784,'70597',NULL,'佳能S210ZS',NULL,0.0000,NULL,NULL,'',1,'2016-05-13 16:02:59','2016-05-13 16:02:59',1,NULL,3,0,12,0,7,0,NULL,NULL,NULL,'B0050098','','','工程师办公室','工程师','','成本','',21),(785,'70597',NULL,'A7作业现场配套设备',NULL,0.0000,NULL,NULL,'',1,'2016-05-13 16:02:59','2016-05-13 16:02:59',1,NULL,3,0,12,0,21,0,NULL,NULL,NULL,'','14030401000254','','会议室','','','计划投资','',55),(786,'70598',NULL,'杨天M4600',NULL,0.0000,NULL,NULL,'',1,'2016-05-13 16:02:59','2016-05-13 16:02:59',1,NULL,3,0,12,0,3,0,NULL,NULL,NULL,'','','','平台副经理','唐立伟','2005.4','成本','',1),(787,'70598',NULL,'启天M7150',NULL,0.0000,NULL,NULL,'',1,'2016-05-13 16:02:59','2016-05-13 16:02:59',1,NULL,3,0,12,0,3,0,NULL,NULL,NULL,'','','','工程师房','张代忠/陈朝亮','2011.2','成本','',1),(788,'70598',NULL,'E531',NULL,0.0000,NULL,NULL,'',1,'2016-05-13 16:02:59','2016-05-13 16:02:59',1,NULL,3,0,12,0,4,0,NULL,NULL,NULL,'','','','平台经理房','庞雄','2013.6','成本','',1),(789,'70598',NULL,'K47G',NULL,0.0000,NULL,NULL,'',1,'2016-05-13 16:02:59','2016-05-13 16:02:59',1,NULL,3,0,12,0,4,0,NULL,NULL,NULL,'','','','成本员','郑波','2011.9','成本','',1),(790,'70598',NULL,'HP1008P',NULL,0.0000,NULL,NULL,'',1,'2016-05-13 16:02:59','2016-05-13 16:02:59',1,NULL,3,0,12,0,5,0,NULL,NULL,NULL,'','','','平台经理房','庞雄','2007.12','成本','',12),(791,'70598',NULL,'HP1020',NULL,0.0000,NULL,NULL,'',1,'2016-05-13 16:02:59','2016-05-13 16:02:59',1,NULL,3,0,12,0,5,0,NULL,NULL,NULL,'','','','成本员','郑波','2007.2','成本','',12),(792,'70598',NULL,'SCX-4321',NULL,0.0000,NULL,NULL,'',1,'2016-05-13 16:02:59','2016-05-13 16:02:59',1,NULL,3,0,12,0,10,0,NULL,NULL,NULL,'','','','工程师房','张代忠/陈朝亮','2012.12','成本','',41),(793,'70598',NULL,'DSC-W55',NULL,0.0000,NULL,NULL,'',1,'2016-05-13 16:02:59','2016-05-13 16:02:59',1,NULL,3,0,12,0,7,0,NULL,NULL,NULL,'','','','干部值班室','陈朝亮','2007.1','成本','',19),(794,'70598',NULL,'cp-hx2075a',NULL,0.0000,NULL,NULL,'',1,'2016-05-13 16:02:59','2016-05-13 16:02:59',1,NULL,3,0,12,0,8,0,NULL,NULL,NULL,'','','','干部值班室','张代忠/陈朝亮','2006.11','成本','',30),(795,'70598',NULL,'DSC-HX400',NULL,0.0000,NULL,NULL,'',1,'2016-05-13 16:02:59','2016-05-13 16:02:59',1,NULL,3,0,12,0,7,0,NULL,NULL,NULL,'','','','干部值班室','高照','2014.8','工会经费','',19),(796,'80003',NULL,'VOSTRO 270G',NULL,0.0000,NULL,NULL,'',1,'2016-05-13 16:02:59','2016-05-13 16:02:59',1,NULL,3,0,12,0,3,0,NULL,NULL,NULL,'','','','大班房1','','2013.1','','',1),(797,'80003',NULL,'VOSTRO 270G',NULL,0.0000,NULL,NULL,'',1,'2016-05-13 16:02:59','2016-05-13 16:02:59',1,NULL,3,0,12,0,3,0,NULL,NULL,NULL,'','','','钻井工程师房','','2013.1','','',1),(798,'80003',NULL,'联想T2900V',NULL,0.0000,NULL,NULL,'',1,'2016-05-13 16:02:59','2016-05-13 16:02:59',1,NULL,3,0,12,0,3,0,NULL,NULL,NULL,'','','','钻井工程师','邬毅','2008.7','','',1),(799,'80003',NULL,'F618',NULL,0.0000,NULL,NULL,'',1,'2016-05-13 16:02:59','2016-05-13 16:02:59',1,NULL,3,0,12,0,3,0,NULL,NULL,NULL,'','','','支部书记','罗柱军','2009.3','','',1),(800,'80003',NULL,'VOSTRO 2420',NULL,0.0000,NULL,NULL,'',1,'2016-05-13 16:02:59','2016-05-13 16:02:59',1,NULL,3,0,12,0,4,0,NULL,NULL,NULL,'','','','成本员','何丕荣','2013.8','','',13),(801,'80003',NULL,'VOSTRO 2420',NULL,0.0000,NULL,NULL,'',1,'2016-05-13 16:02:59','2016-05-13 16:02:59',1,NULL,3,0,12,0,4,0,NULL,NULL,NULL,'','','','机电工程师','','2013.8','','',13),(802,'80003',NULL,'14-N4030',NULL,0.0000,NULL,NULL,'',1,'2016-05-13 16:02:59','2016-05-13 16:02:59',1,NULL,3,0,12,0,4,0,NULL,NULL,NULL,'','','','资料员','王志','2010.7','','',13),(803,'80003',NULL,'N4050',NULL,0.0000,NULL,NULL,'',1,'2016-05-13 16:02:59','2016-05-13 16:02:59',1,NULL,3,0,12,0,4,0,NULL,NULL,NULL,'','','','泥浆工程师','罗晓平','2013.8','','',13),(804,'80003',NULL,'LJ1680',NULL,0.0000,NULL,NULL,'',1,'2016-05-13 16:02:59','2016-05-13 16:02:59',1,NULL,3,0,12,0,5,0,NULL,NULL,NULL,'','','','钻井工程师','','2013.8','','',1),(805,'80003',NULL,'M1005 EFP',NULL,0.0000,NULL,NULL,'',1,'2016-05-13 16:02:59','2016-05-13 16:02:59',1,NULL,3,0,12,0,10,0,NULL,NULL,NULL,'','','','支部书记','罗柱军','2008.4','','',12),(806,'80003',NULL,'M7400',NULL,0.0000,NULL,NULL,'',1,'2016-05-13 16:02:59','2016-05-13 16:02:59',1,NULL,3,0,12,0,10,0,NULL,NULL,NULL,'','','','钻井工程师','邬毅','2013.8','','',1),(807,'80003',NULL,'CX220E',NULL,0.0000,NULL,NULL,'',1,'2016-05-13 16:02:59','2016-05-13 16:02:59',1,NULL,3,0,12,0,11,0,NULL,NULL,NULL,'','','','支部书记','罗柱军','2013.8','','',19),(808,'80003',NULL,'WB200F',NULL,0.0000,NULL,NULL,'',1,'2016-05-13 16:02:59','2016-05-13 16:02:59',1,NULL,3,0,12,0,7,0,NULL,NULL,NULL,'','','','支部书记','罗柱军','2013.8','','',41),(809,'80003',NULL,'WB200F',NULL,0.0000,NULL,NULL,'',1,'2016-05-13 16:02:59','2016-05-13 16:02:59',1,NULL,3,0,12,0,7,0,NULL,NULL,NULL,'','','','钻井工程师','邬毅','2013.8','','',41),(810,'80009',NULL,'/',NULL,0.0000,NULL,NULL,'',1,'2016-05-13 16:02:59','2016-05-13 16:02:59',1,NULL,3,0,12,0,3,0,NULL,NULL,NULL,'B0010335','/','/','联合办公室','马龙','2009.5','成本','',1),(811,'80009',NULL,'/',NULL,0.0000,NULL,NULL,'',1,'2016-05-13 16:02:59','2016-05-13 16:02:59',1,NULL,3,0,12,0,4,0,NULL,NULL,NULL,'B0020320','/','/','联合办公室','马龙','2012.7','成本','',1),(812,'80009',NULL,'/',NULL,0.0000,NULL,NULL,'',1,'2016-05-13 16:02:59','2016-05-13 16:02:59',1,NULL,3,0,12,0,4,0,NULL,NULL,NULL,'B0020323','/','/','联合办公室','庞泰鑫','2012.3','成本','',1),(813,'80009',NULL,'/',NULL,0.0000,NULL,NULL,'',1,'2016-05-13 16:02:59','2016-05-13 16:02:59',1,NULL,3,0,12,0,4,0,NULL,NULL,NULL,'/','/','/','平台经理','易宏图','2012.3','成本','',1),(814,'80009',NULL,'/',NULL,0.0000,NULL,NULL,'',1,'2016-05-13 16:02:59','2016-05-13 16:02:59',1,NULL,3,0,12,0,4,0,NULL,NULL,NULL,'/','/','/','支部书记','谭正成','2007.5','成本','',1),(815,'80009',NULL,'/',NULL,0.0000,NULL,NULL,'',1,'2016-05-13 16:02:59','2016-05-13 16:02:59',1,NULL,3,0,12,0,4,0,NULL,NULL,NULL,'/','/','/','电气工程师','郑国宾','2012','公司专项费用','',1),(816,'80009',NULL,'ML-1670',NULL,0.0000,NULL,NULL,'',1,'2016-05-13 16:02:59','2016-05-13 16:02:59',1,NULL,3,0,12,0,5,0,NULL,NULL,NULL,'/','/','/','/','庞泰鑫','2010.11','成本','',41),(817,'80009',NULL,'SCX-3400',NULL,0.0000,NULL,NULL,'',1,'2016-05-13 16:02:59','2016-05-13 16:02:59',1,NULL,3,0,12,0,5,0,NULL,NULL,NULL,'/','/','/','/','张懿','2012.3','成本','',41),(818,'80009',NULL,'IdsaCentreB325r2iALLinOne',NULL,0.0000,NULL,NULL,'',1,'2016-05-13 16:02:59','2016-05-13 16:02:59',1,NULL,3,0,12,0,10,0,NULL,NULL,NULL,'/','/','/','联合办公室','庞泰鑫','2012.11','成本','',1),(819,'80009',NULL,'/',NULL,0.0000,NULL,NULL,'',1,'2016-05-13 16:03:00','2016-05-13 16:03:00',1,NULL,3,0,12,0,8,0,NULL,NULL,NULL,'/','/','/','工人值班室','庞泰鑫','2012.7','公司专项费用','',5),(820,'80009',NULL,'DSC-HX400',NULL,0.0000,NULL,NULL,'',1,'2016-05-13 16:03:00','2016-05-13 16:03:00',1,NULL,3,0,12,0,7,0,NULL,NULL,NULL,'/','/','/','联合办公室','庞泰鑫','2012','公司专项费用','',19),(821,'90002',NULL,'启天M7150',NULL,0.0000,NULL,NULL,'',1,'2016-05-13 16:03:00','2016-05-13 16:03:00',1,NULL,3,0,12,0,3,0,NULL,NULL,NULL,'B0010336','','','会议室','黄奎','2011.11 ','成本','',1),(822,'90002',NULL,'扬天M4630d',NULL,0.0000,NULL,NULL,'',1,'2016-05-13 16:03:00','2016-05-13 16:03:00',1,NULL,3,0,12,0,3,0,NULL,NULL,NULL,'','','','泥浆工程师房','李达永','2012.70 ','成本','',1),(823,'90002',NULL,'扬天M4630d',NULL,0.0000,NULL,NULL,'',1,'2016-05-13 16:03:00','2016-05-13 16:03:00',1,NULL,3,0,12,0,3,0,NULL,NULL,NULL,'B0010338','','','干部值班室','杨世江/尤江龙','2012.7','成本','',1),(824,'90002',NULL,'B480',NULL,0.0000,NULL,NULL,'',1,'2016-05-13 16:03:00','2016-05-13 16:03:00',1,NULL,3,0,12,0,4,0,NULL,NULL,NULL,'BOO20326','','59329152','钻井工程师房','胡林振/童延','2012.7','成本','',1),(825,'90002',NULL,'昭阳E47A',NULL,0.0000,NULL,NULL,'',1,'2016-05-13 16:03:00','2016-05-13 16:03:00',1,NULL,3,0,12,0,4,0,NULL,NULL,NULL,'','','59332932','成本员','肖博','2012.4','成本','',1),(826,'90002',NULL,'3200MFPV/B',NULL,0.0000,NULL,NULL,'',1,'2016-05-13 16:03:00','2016-05-13 16:03:00',1,NULL,3,0,12,0,10,0,NULL,NULL,NULL,'','','NGA420704','会议室','黄奎','2001.6','成本','',44),(827,'90002',NULL,'3200MFPV/B',NULL,0.0000,NULL,NULL,'',1,'2016-05-13 16:03:00','2016-05-13 16:03:00',1,NULL,3,0,12,0,10,0,NULL,NULL,NULL,'','','NGA421162','成本员房','肖博','2001.6','成本','',44),(828,'90002',NULL,'VPL-EX147',NULL,0.0000,NULL,NULL,'',1,'2016-05-13 16:03:00','2016-05-13 16:03:00',1,NULL,3,0,12,0,8,0,NULL,NULL,NULL,'B0060049','','5309875','会议室','黄奎','2007.2','成本','',19),(829,'90002',NULL,'P7100',NULL,0.0000,NULL,NULL,'',1,'2016-05-13 16:03:00','2016-05-13 16:03:00',1,NULL,3,0,12,0,7,0,NULL,NULL,NULL,'','','N16184','会议室','黄奎','2010.5','成本','',11),(830,'90002',NULL,'DSC-HX400',NULL,0.0000,NULL,NULL,'',1,'2016-05-13 16:03:00','2016-05-13 16:03:00',1,NULL,3,0,12,0,7,0,NULL,NULL,NULL,'','','9006000','会议室','黄奎','2014.9','工会经费','',19),(831,'90005',NULL,'扬天M6900',NULL,0.0000,NULL,NULL,'',1,'2016-05-13 16:03:00','2016-05-13 16:03:00',1,NULL,3,0,12,0,3,0,NULL,NULL,NULL,'','','','干部值班室','孙仁明','2010.1','成本','',1),(832,'90005',NULL,'扬天M6900',NULL,0.0000,NULL,NULL,'',1,'2016-05-13 16:03:00','2016-05-13 16:03:00',1,NULL,3,0,12,0,3,0,NULL,NULL,NULL,'','','','副经理房','梁朝兵','2010.1','成本','',1),(833,'90005',NULL,'扬天M4700',NULL,0.0000,NULL,NULL,'',1,'2016-05-13 16:03:00','2016-05-13 16:03:00',1,NULL,3,0,12,0,3,0,NULL,NULL,NULL,'','','','大班房','杨志川','2010.1','成本','',1),(834,'90005',NULL,'B470E',NULL,0.0000,NULL,NULL,'',1,'2016-05-13 16:03:00','2016-05-13 16:03:00',1,NULL,3,0,12,0,4,0,NULL,NULL,NULL,'','','','工程师房','李柱南/孙驰','2013.5','成本','',1),(835,'90005',NULL,'天逸F40M',NULL,0.0000,NULL,NULL,'',1,'2016-05-13 16:03:00','2016-05-13 16:03:00',1,NULL,3,0,12,0,4,0,NULL,NULL,NULL,'B0020331','X13-11970','','泥浆工程师房','何平','2010.2','成本','',1),(836,'90005',NULL,'B470',NULL,0.0000,NULL,NULL,'',1,'2016-05-13 16:03:00','2016-05-13 16:03:00',1,NULL,3,0,12,0,4,0,NULL,NULL,NULL,'','X16-96081','','经理房','孙道贵/唐玉康','2009.3','成本','',1),(837,'90005',NULL,'天逸80A',NULL,0.0000,NULL,NULL,'',1,'2016-05-13 16:03:00','2016-05-13 16:03:00',1,NULL,3,0,12,0,4,0,NULL,NULL,NULL,'','','','成本员','谭正同','2010.5','成本','',1),(838,'90005',NULL,'Inspiron-1464',NULL,0.0000,NULL,NULL,'',1,'2016-05-13 16:03:00','2016-05-13 16:03:00',1,NULL,3,0,12,0,4,0,NULL,NULL,NULL,'','','','成本员','谭正同','2013.7','成本','',13),(839,'90005',NULL,'昭阳E49A',NULL,0.0000,NULL,NULL,'',1,'2016-05-13 16:03:00','2016-05-13 16:03:00',1,NULL,3,0,12,0,4,0,NULL,NULL,NULL,'','','','大班房','王建勇','2013.5','成本','',1),(840,'90005',NULL,'HP1108',NULL,0.0000,NULL,NULL,'',1,'2016-05-13 16:03:00','2016-05-13 16:03:00',1,NULL,3,0,12,0,5,0,NULL,NULL,NULL,'B0030123','','','干部值班室','孙仁明','2013.5','成本','',12),(841,'90005',NULL,'M7400',NULL,0.0000,NULL,NULL,'',1,'2016-05-13 16:03:00','2016-05-13 16:03:00',1,NULL,3,0,12,0,10,0,NULL,NULL,NULL,'B0030124','','','干部值班室','孙仁明','2012.12','成本','',1),(842,'90005',NULL,'CP-HX2075A',NULL,0.0000,NULL,NULL,'',1,'2016-05-13 16:03:00','2016-05-13 16:03:00',1,NULL,3,0,12,0,8,0,NULL,NULL,NULL,'B0060050','','','干部值班室','孙仁明','2007.2','成本','',30),(843,'90005',NULL,'DMC―FS20',NULL,0.0000,NULL,NULL,'',1,'2016-05-13 16:03:00','2016-05-13 16:03:00',1,NULL,3,0,12,0,7,0,NULL,NULL,NULL,'','','','干部值班室','孙仁明','2010.5','成本','',45),(844,'90005',NULL,'DSC-HX400',NULL,0.0000,NULL,NULL,'',1,'2016-05-13 16:03:00','2016-05-13 16:03:00',1,NULL,3,0,12,0,7,0,NULL,NULL,NULL,'','','','干部值班室','孙仁明','2014.9','工会经费','',19),(845,'作业一队',NULL,'扬天T2930V',NULL,0.0000,NULL,NULL,'',1,'2016-05-13 16:03:00','2016-05-13 16:03:00',1,NULL,3,0,12,0,3,0,NULL,NULL,NULL,'B0010343','','','干部营房','麻荣华/汤永成','2011.12','成本','',1),(846,'作业一队',NULL,'启天M7150',NULL,0.0000,NULL,NULL,'',1,'2016-05-13 16:03:00','2016-05-13 16:03:00',1,NULL,3,0,12,0,3,0,NULL,NULL,NULL,'B0010342','','SA09943846','队长/书记/干部值班房','麻荣华/汤永成','2012','成本','',1),(847,'作业一队',NULL,'K47G',NULL,0.0000,NULL,NULL,'',1,'2016-05-13 16:03:00','2016-05-13 16:03:00',1,NULL,3,0,12,0,4,0,NULL,NULL,NULL,'B0020346','','115168500062ZOLR171700B','队长/书记/干部值班房','麻荣华/汤永成','2008','成本','',1),(848,'作业一队',NULL,'HL-2140',NULL,0.0000,NULL,NULL,'',1,'2016-05-13 16:03:00','2016-05-13 16:03:00',1,NULL,3,0,12,0,5,0,NULL,NULL,NULL,'B0030133','','E65602G9J676449','工程师/联合办公房 ','祁德升/廖志强','2010','成本','',6),(849,'作业一队',NULL,'SF-555P',NULL,0.0000,NULL,NULL,'',1,'2016-05-13 16:03:00','2016-05-13 16:03:00',1,NULL,3,0,12,0,5,0,NULL,NULL,NULL,'B0040104','','B5BX301953W','队长/书记/干部值班房','麻荣华/汤永成','2011.12','成本','',41),(850,'作业一队',NULL,'Omni 1000pc',NULL,0.0000,NULL,NULL,'',1,'2016-05-13 16:03:00','2016-05-13 16:03:00',1,NULL,3,0,12,0,10,0,NULL,NULL,NULL,'B0040105','','XN056AV','工程师/联合办公房 ','祁德升/廖志强','2012.12','成本','',12),(851,'作业一队',NULL,'MFC-7420',NULL,0.0000,NULL,NULL,'',1,'2016-05-13 16:03:00','2016-05-13 16:03:00',1,NULL,3,0,12,0,10,0,NULL,NULL,NULL,'B0040106','','E63354K6J860394','工程师/联合办公房 ','祁德升/廖志强','2011.12','成本','',6),(852,'作业一队',NULL,'DSC-HX400',NULL,0.0000,NULL,NULL,'',1,'2016-05-13 16:03:00','2016-05-13 16:03:00',1,NULL,3,0,12,0,7,0,NULL,NULL,NULL,'','','9006026','队长/书记/干部值班房','麻荣华/汤永成','2014','工会','',19),(853,'作业一队',NULL,'PC1468',NULL,0.0000,NULL,NULL,'',1,'2016-05-13 16:03:00','2016-05-13 16:03:00',1,NULL,3,0,12,0,7,0,NULL,NULL,NULL,'B0050112','','','工程师/联合办公房 ','祁德升/廖志强','2011','成本','',21),(854,'作业一队',NULL,'EB-X7',NULL,0.0000,NULL,NULL,'',1,'2016-05-13 16:03:00','2016-05-13 16:03:00',1,NULL,3,0,12,0,8,0,NULL,NULL,NULL,'B0060052','','M4AT-0601712','队长/书记/干部值班房','麻荣华/汤永成','2011','成本','',16),(855,'作业二队',NULL,'新圆梦F618',NULL,0.0000,NULL,NULL,'',1,'2016-05-13 16:03:00','2016-05-13 16:03:00',1,NULL,3,0,12,0,3,0,NULL,NULL,NULL,'B0010345','','','值班干部房','张斌、肉孜','2011.11','成本','',1),(856,'作业二队',NULL,'170S660',NULL,0.0000,NULL,NULL,'',1,'2016-05-13 16:03:00','2016-05-13 16:03:00',1,NULL,3,0,12,0,3,0,NULL,NULL,NULL,'B0010344','','','工程师房','刘益山、张策慧','2009','成本','',45),(857,'作业二队',NULL,'K3R1',NULL,0.0000,NULL,NULL,'',1,'2016-05-13 16:03:00','2016-05-13 16:03:00',1,NULL,3,0,12,0,3,0,NULL,NULL,NULL,'','140301050','','工程师A7汇报在营房','刘益山、张策慧','2012.2','成本','',1),(858,'作业二队',NULL,'T410',NULL,0.0000,NULL,NULL,'',1,'2016-05-13 16:03:00','2016-05-13 16:03:00',1,NULL,3,0,12,0,4,0,NULL,NULL,NULL,'','140301010','','工程师交资料用','刘益山、张策慧','2010.12','公司专项费用','',1),(859,'作业二队',NULL,'P14-e021txe6f65pa',NULL,0.0000,NULL,NULL,'',1,'2016-05-13 16:03:00','2016-05-13 16:03:00',1,NULL,3,0,12,0,4,0,NULL,NULL,NULL,'','','','工程师交资料用','刘益山、张策慧','2013','三个一百工程','',1),(860,'作业二队',NULL,'1008',NULL,0.0000,NULL,NULL,'',1,'2016-05-13 16:03:00','2016-05-13 16:03:00',1,NULL,3,0,12,0,5,0,NULL,NULL,NULL,'','','','','刘益山、张策慧','','成本','',12),(861,'作业二队',NULL,'L11121E',NULL,0.0000,NULL,NULL,'',1,'2016-05-13 16:03:00','2016-05-13 16:03:00',1,NULL,3,0,12,0,5,0,NULL,NULL,NULL,'','','','工程师在用','刘益山、张策慧','2009','成本','',21),(862,'作业二队',NULL,'HL-2140',NULL,0.0000,NULL,NULL,'',1,'2016-05-13 16:03:00','2016-05-13 16:03:00',1,NULL,3,0,12,0,5,0,NULL,NULL,NULL,'','','','工程师在营房','刘益山、张策慧','2002','成本','',6),(863,'作业二队',NULL,'M7400',NULL,0.0000,NULL,NULL,'',1,'2016-05-13 16:03:00','2016-05-13 16:03:00',1,NULL,3,0,12,0,5,0,NULL,NULL,NULL,'B0030135','','','值班干部房','张斌、肉孜','2012.12','成本','',1),(864,'作业二队',NULL,'MFC-7420',NULL,0.0000,NULL,NULL,'',1,'2016-05-13 16:03:00','2016-05-13 16:03:00',1,NULL,3,0,12,0,10,0,NULL,NULL,NULL,'','','','值班干部房','','2008','公司专项费用','',6),(865,'作业二队',NULL,'EB-X7',NULL,0.0000,NULL,NULL,'',1,'2016-05-13 16:03:00','2016-05-13 16:03:00',1,NULL,3,0,12,0,8,0,NULL,NULL,NULL,'B0060053','','','值班干部房','张斌、肉孜','2009','公司专项费用','',16),(866,'作业二队',NULL,'OLYMPUS',NULL,0.0000,NULL,NULL,'',1,'2016-05-13 16:03:00','2016-05-13 16:03:00',1,NULL,3,0,12,0,7,0,NULL,NULL,NULL,'B0050113','','','值班干部房','张斌、肉孜','2006','工会经费','',60),(867,'作业二队',NULL,'DSC-HX400',NULL,0.0000,NULL,NULL,'',1,'2016-05-13 16:03:00','2016-05-13 16:03:00',1,NULL,3,0,12,0,7,0,NULL,NULL,NULL,'','','','值班干部房','张斌、肉孜','2014.02','工会经费','',19),(868,'作业二队',NULL,'SX501S',NULL,0.0000,NULL,NULL,'',1,'2016-05-13 16:03:00','2016-05-13 16:03:00',1,NULL,3,0,12,0,7,0,NULL,NULL,NULL,'','','','值班干部房','张斌、肉孜','2013','三个一百工程','',19),(869,'作业二队',NULL,'A7作业现场配套设备',NULL,0.0000,NULL,NULL,'',1,'2016-05-13 16:03:00','2016-05-13 16:03:00',1,NULL,3,0,12,0,21,0,NULL,NULL,NULL,'','140304010','','工程师A7汇报在营房','刘益山、张策慧','2010.11','公司专项费用','',55),(870,'作业三队',NULL,'扬天m2612d',NULL,0.0000,NULL,NULL,'',1,'2016-05-13 16:03:00','2016-05-13 16:03:00',1,NULL,3,0,12,0,3,0,NULL,NULL,NULL,'B0010346','','NS18213099','','','2012.1','','',1),(871,'作业三队',NULL,'扬天m6880N',NULL,0.0000,NULL,NULL,'',1,'2016-05-13 16:03:00','2016-05-13 16:03:00',1,NULL,3,0,12,0,3,0,NULL,NULL,NULL,'B0010347','','NS14339260','','','2010.11','','',1),(872,'作业三队',NULL,'新圆梦F2895',NULL,0.0000,NULL,NULL,'',1,'2016-05-13 16:03:00','2016-05-13 16:03:00',1,NULL,3,0,12,0,3,0,NULL,NULL,NULL,'B0010348','','NS17825888','','','2012.8','','',1),(873,'作业三队',NULL,'DCP-7057',NULL,0.0000,NULL,NULL,'',1,'2016-05-13 16:03:00','2016-05-13 16:03:00',1,NULL,3,0,12,0,10,0,NULL,NULL,NULL,'B0030137','','E70154B3J834078','','','2013.2','','',6),(874,'作业三队',NULL,'EB-X7',NULL,0.0000,NULL,NULL,'',1,'2016-05-13 16:03:00','2016-05-13 16:03:00',1,NULL,3,0,12,0,8,0,NULL,NULL,NULL,'','','M4AF060132L','','','2010.6','','',16),(875,'作业三队',NULL,'DSC-HX400',NULL,0.0000,NULL,NULL,'',1,'2016-05-13 16:03:00','2016-05-13 16:03:00',1,NULL,3,0,12,0,7,0,NULL,NULL,NULL,'','','9006079','','','','','',19),(876,'30506（作业四队）',NULL,'',NULL,0.0000,NULL,NULL,'',1,'2016-05-13 16:03:00','2016-05-13 16:03:00',1,NULL,3,0,12,0,3,0,NULL,NULL,NULL,'G030431','','','干部办公室','李树宝','2015.11','','',61),(877,'30506（作业四队）',NULL,'扬天T4900',NULL,0.0000,NULL,NULL,'',1,'2016-05-13 16:03:00','2016-05-13 16:03:00',1,NULL,3,0,12,0,3,0,NULL,NULL,NULL,'','','','井场大班','王煊','2013.9','','',1),(878,'30506（作业四队）',NULL,'7HC',NULL,0.0000,NULL,NULL,'',1,'2016-05-13 16:03:00','2016-05-13 16:03:00',1,NULL,3,0,12,0,4,0,NULL,NULL,NULL,'','','','回交公司','','2008.11','','',2),(879,'30506（作业四队）',NULL,'K47G',NULL,0.0000,NULL,NULL,'',1,'2016-05-13 16:03:00','2016-05-13 16:03:00',1,NULL,3,0,12,0,4,0,NULL,NULL,NULL,'','','','工程师','王超','2011.9','','',1),(880,'30506（作业四队）',NULL,'E49A',NULL,0.0000,NULL,NULL,'',1,'2016-05-13 16:03:00','2016-05-13 16:03:00',1,NULL,3,0,12,0,4,0,NULL,NULL,NULL,'','','','成本员','李易带走','2013.9','','',45),(881,'30506（作业四队）',NULL,'',NULL,0.0000,NULL,NULL,'',1,'2016-05-13 16:03:00','2016-05-13 16:03:00',1,NULL,3,0,12,0,5,0,NULL,NULL,NULL,'','','','井场工程师房','王超在用','2008.9','','',41),(882,'30506（作业四队）',NULL,'M7400',NULL,0.0000,NULL,NULL,'',1,'2016-05-13 16:03:00','2016-05-13 16:03:00',1,NULL,3,0,12,0,10,0,NULL,NULL,NULL,'','','','井场工程师房','王超在用','2013.9','','',1),(883,'30506（作业四队）',NULL,'7420',NULL,0.0000,NULL,NULL,'',1,'2016-05-13 16:03:00','2016-05-13 16:03:00',1,NULL,3,0,12,0,10,0,NULL,NULL,NULL,'','','','营房工程师房','王超','2010.1','','',6),(884,'30506（作业四队）',NULL,'',NULL,0.0000,NULL,NULL,'',1,'2016-05-13 16:03:00','2016-05-13 16:03:00',1,NULL,3,0,12,0,8,0,NULL,NULL,NULL,'','','','工程师','王超','2011.9','','',45),(885,'30506（作业四队）',NULL,'HDR_SR10E',NULL,0.0000,NULL,NULL,'',1,'2016-05-13 16:03:00','2016-05-13 16:03:00',1,NULL,3,0,12,0,11,0,NULL,NULL,NULL,'','','','工程师','王超','','','',19),(886,'作业五队',NULL,'T4900',NULL,0.0000,NULL,NULL,'',1,'2016-05-13 16:03:00','2016-05-13 16:03:00',1,NULL,3,0,12,0,3,0,NULL,NULL,NULL,'','','NA0850985','营房(队长）','樊晓新','2006.1','','',1),(887,'作业五队',NULL,'启天M7300',NULL,0.0000,NULL,NULL,'',1,'2016-05-13 16:03:00','2016-05-13 16:03:00',1,NULL,3,0,12,0,3,0,NULL,NULL,NULL,'B0010352','','NA18525881','营房（工程师）','艾合买提','2012.8','','',1),(888,'作业五队',NULL,'4411S',NULL,0.0000,NULL,NULL,'',1,'2016-05-13 16:03:00','2016-05-13 16:03:00',1,NULL,3,0,12,0,4,0,NULL,NULL,NULL,'B0020357','','DA103787','','','2008.11','','',12),(889,'作业五队',NULL,'7HC',NULL,0.0000,NULL,NULL,'',1,'2016-05-13 16:03:00','2016-05-13 16:03:00',1,NULL,3,0,12,0,4,0,NULL,NULL,NULL,'B0020358','','','','','2011.8','','',2),(890,'作业五队',NULL,'   X220-3KC',NULL,0.0000,NULL,NULL,'',1,'2016-05-13 16:03:00','2016-05-13 16:03:00',1,NULL,3,0,12,0,4,0,NULL,NULL,NULL,'B0020359','','','营房','尹崇兴','2012.7','','',1),(891,'作业五队',NULL,'1108',NULL,0.0000,NULL,NULL,'',1,'2016-05-13 16:03:00','2016-05-13 16:03:00',1,NULL,3,0,12,0,5,0,NULL,NULL,NULL,'B0030141','','CP655A','营房','工程师','2014','','',12),(892,'作业五队',NULL,'EB-X7',NULL,0.0000,NULL,NULL,'',1,'2016-05-13 16:03:00','2016-05-13 16:03:00',1,NULL,3,0,12,0,8,0,NULL,NULL,NULL,'B0060055','','M4AF061957L','干部房','樊晓新','2010.6','','',16),(893,'作业五队',NULL,'X920',NULL,0.0000,NULL,NULL,'',1,'2016-05-13 16:03:00','2016-05-13 16:03:00',1,NULL,3,0,12,0,7,0,NULL,NULL,NULL,'B0050114','','','工程师','队领导','2009.5','','',60),(894,'作业六队',NULL,'联想T4900',NULL,0.0000,NULL,NULL,'',1,'2016-05-13 16:03:00','2016-05-13 16:03:00',1,NULL,3,0,12,0,3,0,NULL,NULL,NULL,'','14030105014033','','工程师房','唐广明/张相虎','2011.3','成本','',1),(895,'作业六队',NULL,'联想扬天V470',NULL,0.0000,NULL,NULL,'',1,'2016-05-13 16:03:00','2016-05-13 16:03:00',1,NULL,3,0,12,0,4,0,NULL,NULL,NULL,'','14030105013982','','工程师房','唐广明/张相虎','2012.12','成本','',1),(896,'作业六队',NULL,'HP M1005MFP',NULL,0.0000,NULL,NULL,'',1,'2016-05-13 16:03:00','2016-05-13 16:03:00',1,NULL,3,0,12,0,10,0,NULL,NULL,NULL,'B0030142','','','工程师房','唐广明/张相虎','2013.2','成本','',12),(897,'作业六队',NULL,'EB-X7',NULL,0.0000,NULL,NULL,'',1,'2016-05-13 16:03:00','2016-05-13 16:03:00',1,NULL,3,0,12,0,8,0,NULL,NULL,NULL,'','','M4AF060206L','联合办公室','唐广明/张相虎','2010.6','工会经费','',16),(898,'作业六队',NULL,'PC1438',NULL,0.0000,NULL,NULL,'',1,'2016-05-13 16:03:00','2016-05-13 16:03:00',1,NULL,3,0,12,0,7,0,NULL,NULL,NULL,'','','','','','2010.5','工会经费','',21),(899,'40574（作业七队）',NULL,'T4900',NULL,0.0000,NULL,NULL,'',1,'2016-05-13 16:03:00','2016-05-13 16:03:00',1,NULL,3,0,12,0,3,0,NULL,NULL,NULL,'B0010355','','','三合一联合办公室','寇敏','','','',1),(900,'40574（作业七队）',NULL,'',NULL,0.0000,NULL,NULL,'',1,'2016-05-13 16:03:00','2016-05-13 16:03:00',1,NULL,3,0,12,0,3,0,NULL,NULL,NULL,'B0010356','','','干部值班房','张猛','','','',1),(901,'40574（作业七队）',NULL,'T410',NULL,0.0000,NULL,NULL,'',1,'2016-05-13 16:03:00','2016-05-13 16:03:00',1,NULL,3,0,12,0,4,0,NULL,NULL,NULL,'B0010652','','','干部值班房','张猛','','','',1),(902,'40574（作业七队）',NULL,'7450',NULL,0.0000,NULL,NULL,'',1,'2016-05-13 16:03:00','2016-05-13 16:03:00',1,NULL,3,0,12,0,10,0,NULL,NULL,NULL,'','','','三合一联合办公室','寇敏','2013.9','','',1),(903,'40574（作业七队）',NULL,'EB-X7',NULL,0.0000,NULL,NULL,'',1,'2016-05-13 16:03:00','2016-05-13 16:03:00',1,NULL,3,0,12,0,8,0,NULL,NULL,NULL,'','','','干部值班房','张猛','2010.11','','',16),(904,'40574（作业七队）',NULL,'DSC-W730',NULL,0.0000,NULL,NULL,'',1,'2016-05-13 16:03:00','2016-05-13 16:03:00',1,NULL,3,0,12,0,7,0,NULL,NULL,NULL,'','','','干部值班房','张猛','2013.11','','',19),(905,'30504（作业八队）',NULL,'R808',NULL,0.0000,NULL,NULL,'',1,'2016-05-13 16:03:00','2016-05-13 16:03:00',1,NULL,3,0,12,0,3,0,NULL,NULL,NULL,'','','','工程师','郭晶、奚春杰','2011','','',1),(906,'30504（作业八队）',NULL,'开天4600',NULL,0.0000,NULL,NULL,'',1,'2016-05-13 16:03:00','2016-05-13 16:03:00',1,NULL,3,0,12,0,3,0,NULL,NULL,NULL,'','','','工程师','郭晶、奚春杰','2003','','',1),(907,'30504（作业八队）',NULL,'G4',NULL,0.0000,NULL,NULL,'',1,'2016-05-13 16:03:00','2016-05-13 16:03:00',1,NULL,3,0,12,0,4,0,NULL,NULL,NULL,'','','','正副队长','冯利华、买买提依明吐尔地','2010','','',12),(908,'30504（作业八队）',NULL,'邵阳E49A',NULL,0.0000,NULL,NULL,'',1,'2016-05-13 16:03:00','2016-05-13 16:03:00',1,NULL,3,0,12,0,4,0,NULL,NULL,NULL,'','','','工程师','郭晶、奚春杰','2013.1','','',1),(909,'30504（作业八队）',NULL,'R52',NULL,0.0000,NULL,NULL,'',1,'2016-05-13 16:03:00','2016-05-13 16:03:00',1,NULL,3,0,12,0,4,0,NULL,NULL,NULL,'','','','大班','孙传江、王延良','2006','','',2),(910,'30504（作业八队）',NULL,'SCX-3401',NULL,0.0000,NULL,NULL,'',1,'2016-05-13 16:03:00','2016-05-13 16:03:00',1,NULL,3,0,12,0,5,0,NULL,NULL,NULL,'','','','正副队长','冯利华、买买提依明吐尔地','2012','','',41),(911,'30504（作业八队）',NULL,'3119',NULL,0.0000,NULL,NULL,'',1,'2016-05-13 16:03:00','2016-05-13 16:03:00',1,NULL,3,0,12,0,5,0,NULL,NULL,NULL,'','','','工程师','郭晶、奚春杰','2011','','',44),(912,'30504（作业八队）',NULL,'MFC-7420',NULL,0.0000,NULL,NULL,'',1,'2016-05-13 16:03:00','2016-05-13 16:03:00',1,NULL,3,0,12,0,10,0,NULL,NULL,NULL,'','','','正副队长','冯利华、买买提依明吐尔地','2007','','',6),(913,'30504（作业八队）',NULL,'EB-X7',NULL,0.0000,NULL,NULL,'',1,'2016-05-13 16:03:00','2016-05-13 16:03:00',1,NULL,3,0,12,0,8,0,NULL,NULL,NULL,'','','','正副队长','冯利华、买买提依明吐尔地','2011','','',16),(914,'30504（作业八队）',NULL,'SX210',NULL,0.0000,NULL,NULL,'',1,'2016-05-13 16:03:00','2016-05-13 16:03:00',1,NULL,3,0,12,0,7,0,NULL,NULL,NULL,'','','','正副队长','冯利华、买买提依明吐尔地','2011','','',21),(915,'30504（作业八队）',NULL,'Digital',NULL,0.0000,NULL,NULL,'',1,'2016-05-13 16:03:00','2016-05-13 16:03:00',1,NULL,3,0,12,0,7,0,NULL,NULL,NULL,'','','','工程师','郭晶、奚春杰','2006','','',60),(916,'作业九队',NULL,'启天M7160',NULL,0.0000,NULL,NULL,'',1,'2016-05-13 16:03:00','2016-05-13 16:03:00',1,NULL,3,0,12,0,3,0,NULL,NULL,NULL,'B0010359','','D17549-08','工程师','王宏哲、宋英杰','2011.5','','',1),(917,'作业九队',NULL,'新圆梦F558',NULL,0.0000,NULL,NULL,'',1,'2016-05-13 16:03:00','2016-05-13 16:03:00',1,NULL,3,0,12,0,3,0,NULL,NULL,NULL,'B0010358','','D17549-02','干部值班房','冷冰、熊显斌','2011.5','','',1),(918,'作业九队',NULL,'',NULL,0.0000,NULL,NULL,'',1,'2016-05-13 16:03:00','2016-05-13 16:03:00',1,NULL,3,0,12,0,4,0,NULL,NULL,NULL,'B0010355','','D17549-01','工程师','王宏哲、宋英杰','2007.6','','',2),(919,'作业九队',NULL,'Think Pad X220i',NULL,0.0000,NULL,NULL,'',1,'2016-05-13 16:03:00','2016-05-13 16:03:00',1,NULL,3,0,12,0,4,0,NULL,NULL,NULL,'B0010352','','D17549-03','工程师','王宏哲、宋英杰','2012.6','','',1),(920,'作业九队',NULL,'ML1676',NULL,0.0000,NULL,NULL,'',1,'2016-05-13 16:03:00','2016-05-13 16:03:00',1,NULL,3,0,12,0,5,0,NULL,NULL,NULL,'B0010356','','D17549-04','干部值班房','冷冰、熊显斌','2010.7','','',41),(921,'作业九队',NULL,'SF-565PR',NULL,0.0000,NULL,NULL,'',1,'2016-05-13 16:03:00','2016-05-13 16:03:00',1,NULL,3,0,12,0,10,0,NULL,NULL,NULL,'B0010355','','D17549-05','工程师','王宏哲、宋英杰','2010.7','','',41),(922,'作业九队',NULL,'H312E',NULL,0.0000,NULL,NULL,'',1,'2016-05-13 16:03:00','2016-05-13 16:03:00',1,NULL,3,0,12,0,8,0,NULL,NULL,NULL,'B0010354','','D17549-06','工程师','王宏哲、宋英杰','2009.8','','',16),(923,'作业九队',NULL,'',NULL,0.0000,NULL,NULL,'',1,'2016-05-13 16:03:00','2016-05-13 16:03:00',1,NULL,3,0,12,0,7,0,NULL,NULL,NULL,'B0010118','','D17549-07','工程师','王宏哲、宋英杰','2012.4','','',19),(924,'30537（作业十队）',NULL,'',NULL,0.0000,NULL,NULL,'',1,'2016-05-13 16:03:00','2016-05-13 16:03:00',1,NULL,3,0,12,0,3,0,NULL,NULL,NULL,'B0010360','','','工程师房','阿不力米提','','井队资产','',1),(925,'30537（作业十队）',NULL,'',NULL,0.0000,NULL,NULL,'',1,'2016-05-13 16:03:00','2016-05-13 16:03:00',1,NULL,3,0,12,0,3,0,NULL,NULL,NULL,'B0010361','','','大班房','沈建兵','','井队资产','',1),(926,'30537（作业十队）',NULL,'',NULL,0.0000,NULL,NULL,'',1,'2016-05-13 16:03:00','2016-05-13 16:03:00',1,NULL,3,0,12,0,4,0,NULL,NULL,NULL,'B0020375','','','工程师房','阿不力米提','','井队资产','',1),(927,'30537（作业十队）',NULL,'',NULL,0.0000,NULL,NULL,'',1,'2016-05-13 16:03:00','2016-05-13 16:03:00',1,NULL,3,0,12,0,4,0,NULL,NULL,NULL,'B0020374','','','干部值班房','牛海龙','','井队资产','',1),(928,'30537（作业十队）',NULL,'P1008',NULL,0.0000,NULL,NULL,'',1,'2016-05-13 16:03:00','2016-05-13 16:03:00',1,NULL,3,0,12,0,5,0,NULL,NULL,NULL,'','','','工程师房','阿不力米提','','井队资产 ','',12),(929,'30537（作业十队）',NULL,'SCX-3400',NULL,0.0000,NULL,NULL,'',1,'2016-05-13 16:03:00','2016-05-13 16:03:00',1,NULL,3,0,12,0,10,0,NULL,NULL,NULL,'','','','工程师房','阿不力米提','','井队资产 ','',41),(930,'30537（作业十队）',NULL,'SCX-3400',NULL,0.0000,NULL,NULL,'',1,'2016-05-13 16:03:00','2016-05-13 16:03:00',1,NULL,3,0,12,0,10,0,NULL,NULL,NULL,'','','','生活营房','王明利','','井队资产 ','',41),(931,'30537（作业十队）',NULL,'',NULL,0.0000,NULL,NULL,'',1,'2016-05-13 16:03:00','2016-05-13 16:03:00',1,NULL,3,0,12,0,8,0,NULL,NULL,NULL,'','','','干部值班房','翁本宣','','井队资产','',41),(932,'30537（作业十队）',NULL,'',NULL,0.0000,NULL,NULL,'',1,'2016-05-13 16:03:00','2016-05-13 16:03:00',1,NULL,3,0,12,0,7,0,NULL,NULL,NULL,'','','','工程师房','阿不力米提','','井队资产','',19),(933,'30537（作业十队）',NULL,'',NULL,0.0000,NULL,NULL,'',1,'2016-05-13 16:03:00','2016-05-13 16:03:00',1,NULL,3,0,12,0,19,0,NULL,NULL,NULL,'','','','工程师房','阿不力米提','','井队资产','',19),(934,'作业十一队',NULL,'HP-1020plus',NULL,0.0000,NULL,NULL,'',1,'2016-05-13 16:03:00','2016-05-13 16:03:00',1,NULL,3,0,12,0,5,0,NULL,NULL,NULL,'','','','联合办公室','李志坚/袁胤','2013.7','自购','',12),(935,'作业十一队',NULL,'启天M7300',NULL,0.0000,NULL,NULL,'',1,'2016-05-13 16:03:00','2016-05-13 16:03:00',1,NULL,3,0,12,0,3,0,NULL,NULL,NULL,'B0010004','','','经理房','任清军/邓国君','2012.8','成本','',1),(936,'作业十一队',NULL,'启天M7300',NULL,0.0000,NULL,NULL,'',1,'2016-05-13 16:03:00','2016-05-13 16:03:00',1,NULL,3,0,12,0,3,0,NULL,NULL,NULL,'B0010002','','','联合办公室','李志坚/袁胤','2012.8','成本','',1),(937,'作业十一队',NULL,'cyber-shot',NULL,0.0000,NULL,NULL,'',1,'2016-05-13 16:03:00','2016-05-13 16:03:00',1,NULL,3,0,12,0,7,0,NULL,NULL,NULL,'B0050003','','','联合办公室','李志坚/袁胤','2014.12','工会经费','',19),(938,'作业十一队',NULL,'昭阳R29',NULL,0.0000,NULL,NULL,'',1,'2016-05-13 16:03:00','2016-05-13 16:03:00',1,NULL,3,0,12,0,4,0,NULL,NULL,NULL,'B0050005','','','联合办公室','李志坚/袁胤','','成本','',1),(939,'作业十一队',NULL,'EB-C2020XN',NULL,0.0000,NULL,NULL,'',1,'2016-05-13 16:03:00','2016-05-13 16:03:00',1,NULL,3,0,12,0,8,0,NULL,NULL,NULL,'B0050001','','','联合办公室','李志坚/袁胤','','成本','',16),(940,'作业十二队',NULL,'启天M7300',NULL,0.0000,NULL,NULL,'',1,'2016-05-13 16:03:00','2016-05-13 16:03:00',1,NULL,3,0,12,0,3,0,NULL,NULL,NULL,'','','','工程师','罗鹏曦、吐尔洪江','2012.8','成本','',1),(941,'作业十二队',NULL,'启天M7300',NULL,0.0000,NULL,NULL,'',1,'2016-05-13 16:03:00','2016-05-13 16:03:00',1,NULL,3,0,12,0,3,0,NULL,NULL,NULL,'','','','平台经理、支部书记','陈云、侯波','2012.8','成本','',1),(942,'作业十二队',NULL,'昭阳R29',NULL,0.0000,NULL,NULL,'',1,'2016-05-13 16:03:00','2016-05-13 16:03:00',1,NULL,3,0,12,0,4,0,NULL,NULL,NULL,'','','','平台经理、支部书记','陈云、侯波','2012.8','成本','',1),(943,'作业十二队',NULL,'HP-LaserJetP1606dn',NULL,0.0000,NULL,NULL,'',1,'2016-05-13 16:03:00','2016-05-13 16:03:00',1,NULL,3,0,12,0,5,0,NULL,NULL,NULL,'','','','工程师','罗鹏曦、吐尔洪江','2012.11','成本','',12),(944,'作业十二队',NULL,'SCX-3401FH',NULL,0.0000,NULL,NULL,'',1,'2016-05-13 16:03:00','2016-05-13 16:03:00',1,NULL,3,0,12,0,10,0,NULL,NULL,NULL,'','','','平台经理','陈云','2012.11','成本','',41),(945,'作业十二队',NULL,'A2300',NULL,0.0000,NULL,NULL,'',1,'2016-05-13 16:03:00','2016-05-13 16:03:00',1,NULL,3,0,12,0,7,0,NULL,NULL,NULL,'','','','工程师','罗鹏曦、吐尔洪江','2012.11','成本','',21),(946,'作业十二队',NULL,'42E320W',NULL,0.0000,NULL,NULL,'',1,'2016-05-13 16:03:00','2016-05-13 16:03:00',1,NULL,3,0,12,0,22,0,NULL,NULL,NULL,'','','','全员使用','','2013.7','成本','',62),(947,'作业十二队',NULL,'EB-C2020XN',NULL,0.0000,NULL,NULL,'',1,'2016-05-13 16:03:00','2016-05-14 18:14:34',1,NULL,3,0,12,0,8,0,NULL,NULL,NULL,'','','','全员使用','','2012.12','成本','',16);
/*!40000 ALTER TABLE `assets` ENABLE KEYS */;
UNLOCK TABLES;

--
-- Table structure for table `categories`
--

DROP TABLE IF EXISTS `categories`;
/*!40101 SET @saved_cs_client     = @@character_set_client */;
/*!40101 SET character_set_client = utf8 */;
CREATE TABLE `categories` (
  `id` int(10) unsigned NOT NULL AUTO_INCREMENT,
  `name` varchar(255) COLLATE utf8_unicode_ci NOT NULL,
  `created_at` timestamp NOT NULL DEFAULT '0000-00-00 00:00:00',
  `updated_at` timestamp NOT NULL DEFAULT '0000-00-00 00:00:00',
  `user_id` int(11) NOT NULL,
  `deleted_at` timestamp NULL DEFAULT NULL,
  `eula_text` longtext COLLATE utf8_unicode_ci,
  `use_default_eula` tinyint(1) NOT NULL DEFAULT '0',
  `require_acceptance` tinyint(1) NOT NULL DEFAULT '0',
  `category_type` varchar(255) COLLATE utf8_unicode_ci DEFAULT 'asset',
  `checkin_email` tinyint(1) NOT NULL DEFAULT '0',
  PRIMARY KEY (`id`)
) ENGINE=InnoDB AUTO_INCREMENT=23 DEFAULT CHARSET=utf8 COLLATE=utf8_unicode_ci;
/*!40101 SET character_set_client = @saved_cs_client */;

--
-- Dumping data for table `categories`
--

LOCK TABLES `categories` WRITE;
/*!40000 ALTER TABLE `categories` DISABLE KEYS */;
INSERT INTO `categories` VALUES (3,'台式电脑','2015-10-30 11:20:25','2015-11-03 22:11:30',57,NULL,'',0,0,'asset',0),(4,'笔记本电脑','2015-10-30 11:21:19','2015-11-03 22:11:59',57,NULL,'',0,0,'asset',0),(5,'打印机','2015-10-30 11:22:01','2015-11-03 22:12:59',57,NULL,'',0,0,'asset',0),(6,'一体机','2015-10-30 11:22:12','2015-11-03 22:13:09',57,NULL,'',0,0,'asset',0),(7,'数码相机','2015-10-30 11:22:52','2015-11-03 22:13:19',57,NULL,'',0,0,'asset',0),(8,'投影仪','2015-10-30 11:23:12','2015-11-03 22:14:15',57,NULL,'',0,0,'asset',0),(9,'移动硬盘及其它','2015-10-30 11:23:29','2015-11-03 22:14:25',57,NULL,'',0,0,'asset',0),(10,'多功能一体机','2016-05-13 16:02:55','2016-05-13 16:02:55',1,NULL,NULL,0,0,'asset',0),(11,'数码摄像机','2016-05-13 16:02:55','2016-05-13 16:02:55',1,NULL,NULL,0,0,'asset',0),(12,'数码照相机','2016-05-13 16:02:55','2016-05-13 16:02:55',1,NULL,NULL,0,0,'asset',0),(13,'复印机/扫描仪','2016-05-13 16:02:55','2016-05-13 16:02:55',1,NULL,NULL,0,0,'asset',0),(14,'A3打印机','2016-05-13 16:02:56','2016-05-13 16:02:56',1,NULL,NULL,0,0,'asset',0),(15,'针式打印机','2016-05-13 16:02:56','2016-05-13 16:02:56',1,NULL,NULL,0,0,'asset',0),(16,'碎纸机','2016-05-13 16:02:57','2016-05-13 16:02:57',1,NULL,NULL,0,0,'asset',0),(17,'视频会议系统','2016-05-13 16:02:57','2016-05-13 16:02:57',1,NULL,NULL,0,0,'asset',0),(18,'复印机','2016-05-13 16:02:57','2016-05-13 16:02:57',1,NULL,NULL,0,0,'asset',0),(19,'扫描仪','2016-05-13 16:02:57','2016-05-13 16:02:57',1,NULL,NULL,0,0,'asset',0),(20,'A3平推票据打印机','2016-05-13 16:02:58','2016-05-13 16:02:58',1,NULL,NULL,0,0,'asset',0),(21,'A7系统','2016-05-13 16:02:59','2016-05-13 16:02:59',1,NULL,NULL,0,0,'asset',0),(22,'液晶电视','2016-05-13 16:03:00','2016-05-13 16:03:00',1,NULL,NULL,0,0,'asset',0);
/*!40000 ALTER TABLE `categories` ENABLE KEYS */;
UNLOCK TABLES;

--
-- Table structure for table `consumables`
--

DROP TABLE IF EXISTS `consumables`;
/*!40101 SET @saved_cs_client     = @@character_set_client */;
/*!40101 SET character_set_client = utf8 */;
CREATE TABLE `consumables` (
  `id` int(10) unsigned NOT NULL AUTO_INCREMENT,
  `name` varchar(255) COLLATE utf8_unicode_ci DEFAULT NULL,
  `category_id` int(11) DEFAULT NULL,
  `location_id` int(11) DEFAULT NULL,
  `user_id` int(11) DEFAULT NULL,
  `qty` int(11) NOT NULL DEFAULT '0',
  `requestable` tinyint(1) NOT NULL DEFAULT '0',
  `created_at` timestamp NOT NULL DEFAULT '0000-00-00 00:00:00',
  `updated_at` timestamp NOT NULL DEFAULT '0000-00-00 00:00:00',
  `deleted_at` timestamp NULL DEFAULT NULL,
  PRIMARY KEY (`id`)
) ENGINE=InnoDB DEFAULT CHARSET=utf8 COLLATE=utf8_unicode_ci;
/*!40101 SET character_set_client = @saved_cs_client */;

--
-- Dumping data for table `consumables`
--

LOCK TABLES `consumables` WRITE;
/*!40000 ALTER TABLE `consumables` DISABLE KEYS */;
/*!40000 ALTER TABLE `consumables` ENABLE KEYS */;
UNLOCK TABLES;

--
-- Table structure for table `consumables_users`
--

DROP TABLE IF EXISTS `consumables_users`;
/*!40101 SET @saved_cs_client     = @@character_set_client */;
/*!40101 SET character_set_client = utf8 */;
CREATE TABLE `consumables_users` (
  `id` int(10) unsigned NOT NULL AUTO_INCREMENT,
  `user_id` int(11) DEFAULT NULL,
  `consumable_id` int(11) DEFAULT NULL,
  `assigned_to` int(11) DEFAULT NULL,
  `created_at` timestamp NOT NULL DEFAULT '0000-00-00 00:00:00',
  `updated_at` timestamp NOT NULL DEFAULT '0000-00-00 00:00:00',
  PRIMARY KEY (`id`)
) ENGINE=InnoDB DEFAULT CHARSET=utf8 COLLATE=utf8_unicode_ci;
/*!40101 SET character_set_client = @saved_cs_client */;

--
-- Dumping data for table `consumables_users`
--

LOCK TABLES `consumables_users` WRITE;
/*!40000 ALTER TABLE `consumables_users` DISABLE KEYS */;
/*!40000 ALTER TABLE `consumables_users` ENABLE KEYS */;
UNLOCK TABLES;

--
-- Table structure for table `depreciations`
--

DROP TABLE IF EXISTS `depreciations`;
/*!40101 SET @saved_cs_client     = @@character_set_client */;
/*!40101 SET character_set_client = utf8 */;
CREATE TABLE `depreciations` (
  `id` int(10) unsigned NOT NULL AUTO_INCREMENT,
  `name` varchar(255) COLLATE utf8_unicode_ci NOT NULL,
  `months` int(11) NOT NULL,
  `created_at` timestamp NOT NULL DEFAULT '0000-00-00 00:00:00',
  `updated_at` timestamp NOT NULL DEFAULT '0000-00-00 00:00:00',
  `user_id` int(11) NOT NULL,
  PRIMARY KEY (`id`)
) ENGINE=InnoDB DEFAULT CHARSET=utf8 COLLATE=utf8_unicode_ci;
/*!40101 SET character_set_client = @saved_cs_client */;

--
-- Dumping data for table `depreciations`
--

LOCK TABLES `depreciations` WRITE;
/*!40000 ALTER TABLE `depreciations` DISABLE KEYS */;
/*!40000 ALTER TABLE `depreciations` ENABLE KEYS */;
UNLOCK TABLES;

--
-- Table structure for table `groups`
--

DROP TABLE IF EXISTS `groups`;
/*!40101 SET @saved_cs_client     = @@character_set_client */;
/*!40101 SET character_set_client = utf8 */;
CREATE TABLE `groups` (
  `id` int(10) unsigned NOT NULL AUTO_INCREMENT,
  `name` varchar(255) COLLATE utf8_unicode_ci NOT NULL,
  `permissions` text COLLATE utf8_unicode_ci,
  `created_at` timestamp NOT NULL DEFAULT '0000-00-00 00:00:00',
  `updated_at` timestamp NOT NULL DEFAULT '0000-00-00 00:00:00',
  PRIMARY KEY (`id`),
  UNIQUE KEY `groups_name_unique` (`name`)
) ENGINE=InnoDB AUTO_INCREMENT=4 DEFAULT CHARSET=utf8 COLLATE=utf8_unicode_ci;
/*!40101 SET character_set_client = @saved_cs_client */;

--
-- Dumping data for table `groups`
--

LOCK TABLES `groups` WRITE;
/*!40000 ALTER TABLE `groups` DISABLE KEYS */;
INSERT INTO `groups` VALUES (1,'Admin','{\"admin\":1,\"users\":1,\"reports\":1}','2015-10-21 00:55:29','2015-10-21 00:55:29'),(2,'Reporting','{\"users\":1,\"reports\":1}','2015-10-21 00:55:29','2015-10-21 00:55:29'),(3,'Users','{\"users\":1}','2015-10-21 00:55:29','2015-10-21 00:55:29');
/*!40000 ALTER TABLE `groups` ENABLE KEYS */;
UNLOCK TABLES;

--
-- Table structure for table `history`
--

DROP TABLE IF EXISTS `history`;
/*!40101 SET @saved_cs_client     = @@character_set_client */;
/*!40101 SET character_set_client = utf8 */;
CREATE TABLE `history` (
  `id` int(10) unsigned NOT NULL AUTO_INCREMENT,
  `checkedout_to` int(11) NOT NULL,
  `location_id` int(11) NOT NULL,
  `created_at` timestamp NOT NULL DEFAULT '0000-00-00 00:00:00',
  `updated_at` timestamp NOT NULL DEFAULT '0000-00-00 00:00:00',
  `user_id` int(11) NOT NULL,
  PRIMARY KEY (`id`)
) ENGINE=InnoDB DEFAULT CHARSET=utf8 COLLATE=utf8_unicode_ci;
/*!40101 SET character_set_client = @saved_cs_client */;

--
-- Dumping data for table `history`
--

LOCK TABLES `history` WRITE;
/*!40000 ALTER TABLE `history` DISABLE KEYS */;
/*!40000 ALTER TABLE `history` ENABLE KEYS */;
UNLOCK TABLES;

--
-- Table structure for table `license_seats`
--

DROP TABLE IF EXISTS `license_seats`;
/*!40101 SET @saved_cs_client     = @@character_set_client */;
/*!40101 SET character_set_client = utf8 */;
CREATE TABLE `license_seats` (
  `id` int(10) unsigned NOT NULL AUTO_INCREMENT,
  `license_id` int(11) NOT NULL,
  `assigned_to` int(11) DEFAULT NULL,
  `notes` text COLLATE utf8_unicode_ci,
  `user_id` int(11) NOT NULL,
  `created_at` timestamp NOT NULL DEFAULT '0000-00-00 00:00:00',
  `updated_at` timestamp NOT NULL DEFAULT '0000-00-00 00:00:00',
  `deleted_at` timestamp NULL DEFAULT NULL,
  `asset_id` int(11) DEFAULT NULL,
  PRIMARY KEY (`id`)
) ENGINE=InnoDB DEFAULT CHARSET=utf8 COLLATE=utf8_unicode_ci;
/*!40101 SET character_set_client = @saved_cs_client */;

--
-- Dumping data for table `license_seats`
--

LOCK TABLES `license_seats` WRITE;
/*!40000 ALTER TABLE `license_seats` DISABLE KEYS */;
/*!40000 ALTER TABLE `license_seats` ENABLE KEYS */;
UNLOCK TABLES;

--
-- Table structure for table `licenses`
--

DROP TABLE IF EXISTS `licenses`;
/*!40101 SET @saved_cs_client     = @@character_set_client */;
/*!40101 SET character_set_client = utf8 */;
CREATE TABLE `licenses` (
  `id` int(10) unsigned NOT NULL AUTO_INCREMENT,
  `name` varchar(255) COLLATE utf8_unicode_ci NOT NULL,
  `serial` text COLLATE utf8_unicode_ci,
  `purchase_date` date DEFAULT NULL,
  `purchase_cost` decimal(13,4) DEFAULT NULL,
  `order_number` varchar(50) COLLATE utf8_unicode_ci DEFAULT NULL,
  `seats` int(11) NOT NULL DEFAULT '1',
  `notes` text COLLATE utf8_unicode_ci,
  `user_id` int(11) NOT NULL,
  `depreciation_id` tinyint(1) NOT NULL DEFAULT '0',
  `created_at` timestamp NOT NULL DEFAULT '0000-00-00 00:00:00',
  `updated_at` timestamp NOT NULL DEFAULT '0000-00-00 00:00:00',
  `deleted_at` timestamp NULL DEFAULT NULL,
  `license_name` varchar(100) COLLATE utf8_unicode_ci DEFAULT NULL,
  `license_email` varchar(120) COLLATE utf8_unicode_ci DEFAULT NULL,
  `depreciate` tinyint(1) DEFAULT '0',
  `supplier_id` int(11) DEFAULT NULL,
  `expiration_date` date DEFAULT NULL,
  `purchase_order` varchar(255) COLLATE utf8_unicode_ci DEFAULT NULL,
  `termination_date` date DEFAULT NULL,
  `maintained` tinyint(1) NOT NULL,
  `reassignable` tinyint(1) NOT NULL DEFAULT '1',
  PRIMARY KEY (`id`)
) ENGINE=InnoDB DEFAULT CHARSET=utf8 COLLATE=utf8_unicode_ci;
/*!40101 SET character_set_client = @saved_cs_client */;

--
-- Dumping data for table `licenses`
--

LOCK TABLES `licenses` WRITE;
/*!40000 ALTER TABLE `licenses` DISABLE KEYS */;
/*!40000 ALTER TABLE `licenses` ENABLE KEYS */;
UNLOCK TABLES;

--
-- Table structure for table `locations`
--

DROP TABLE IF EXISTS `locations`;
/*!40101 SET @saved_cs_client     = @@character_set_client */;
/*!40101 SET character_set_client = utf8 */;
CREATE TABLE `locations` (
  `id` int(10) unsigned NOT NULL AUTO_INCREMENT,
  `name` varchar(255) COLLATE utf8_unicode_ci NOT NULL,
  `city` varchar(255) COLLATE utf8_unicode_ci NOT NULL,
  `state` varchar(255) COLLATE utf8_unicode_ci NOT NULL,
  `country` varchar(2) COLLATE utf8_unicode_ci NOT NULL,
  `created_at` timestamp NOT NULL DEFAULT '0000-00-00 00:00:00',
  `updated_at` timestamp NOT NULL DEFAULT '0000-00-00 00:00:00',
  `user_id` int(11) NOT NULL,
  `address` varchar(80) COLLATE utf8_unicode_ci NOT NULL,
  `address2` varchar(255) COLLATE utf8_unicode_ci DEFAULT NULL,
  `zip` varchar(10) COLLATE utf8_unicode_ci DEFAULT NULL,
  `deleted_at` timestamp NULL DEFAULT NULL,
  `parent_id` int(11) DEFAULT NULL,
  `currency` varchar(10) COLLATE utf8_unicode_ci DEFAULT NULL,
  PRIMARY KEY (`id`)
) ENGINE=InnoDB DEFAULT CHARSET=utf8 COLLATE=utf8_unicode_ci;
/*!40101 SET character_set_client = @saved_cs_client */;

--
-- Dumping data for table `locations`
--

LOCK TABLES `locations` WRITE;
/*!40000 ALTER TABLE `locations` DISABLE KEYS */;
/*!40000 ALTER TABLE `locations` ENABLE KEYS */;
UNLOCK TABLES;

--
-- Table structure for table `manufacturers`
--

DROP TABLE IF EXISTS `manufacturers`;
/*!40101 SET @saved_cs_client     = @@character_set_client */;
/*!40101 SET character_set_client = utf8 */;
CREATE TABLE `manufacturers` (
  `id` int(10) unsigned NOT NULL AUTO_INCREMENT,
  `name` varchar(255) COLLATE utf8_unicode_ci NOT NULL,
  `created_at` timestamp NOT NULL DEFAULT '0000-00-00 00:00:00',
  `updated_at` timestamp NOT NULL DEFAULT '0000-00-00 00:00:00',
  `user_id` int(11) NOT NULL,
  `deleted_at` timestamp NULL DEFAULT NULL,
  PRIMARY KEY (`id`)
) ENGINE=InnoDB AUTO_INCREMENT=63 DEFAULT CHARSET=utf8 COLLATE=utf8_unicode_ci;
/*!40101 SET character_set_client = @saved_cs_client */;

--
-- Dumping data for table `manufacturers`
--

LOCK TABLES `manufacturers` WRITE;
/*!40000 ALTER TABLE `manufacturers` DISABLE KEYS */;
INSERT INTO `manufacturers` VALUES (1,'联想','2015-10-30 22:58:54','2015-10-30 22:58:54',57,NULL),(2,'IBM','2015-10-30 14:58:54','2015-10-30 14:58:54',57,NULL),(3,'三星笔记本','2015-10-30 14:58:54','2015-10-30 14:58:54',57,NULL),(4,'三星电子','2015-10-30 14:58:54','2015-10-30 14:58:54',57,NULL),(5,'东芝','2015-10-30 14:58:54','2015-10-30 14:58:54',57,NULL),(6,'兄弟','2015-10-30 14:58:54','2015-10-30 14:58:54',57,NULL),(7,'华硕','2015-10-30 14:58:54','2015-10-30 14:58:54',57,NULL),(8,'夏普','2015-10-30 14:58:54','2015-10-30 14:58:54',57,NULL),(9,'富士','2015-10-30 14:58:54','2015-10-30 14:58:54',57,NULL),(10,'富士施乐','2015-10-30 14:58:54','2015-10-30 14:58:54',57,NULL),(11,'尼康','2015-10-30 14:58:54','2015-10-30 14:58:54',57,NULL),(12,'惠普','2015-10-30 14:58:54','2015-10-30 14:58:54',57,NULL),(13,'戴尔','2015-10-30 14:58:54','2015-10-30 14:58:54',57,NULL),(14,'松下','2015-10-30 14:58:54','2015-10-30 14:58:54',57,NULL),(15,'富士通','2015-10-30 14:58:54','2015-10-30 14:58:54',57,NULL),(16,'爱普生','2015-10-30 14:58:54','2015-10-30 14:58:54',57,NULL),(17,'王牌','2015-10-30 14:58:54','2015-10-30 14:58:54',57,NULL),(18,'理光','2015-10-30 14:58:54','2015-10-30 14:58:54',57,NULL),(19,'索尼','2015-10-30 14:58:54','2015-10-30 14:58:54',57,NULL),(20,'组装机','2015-10-30 14:58:54','2015-10-30 14:58:54',57,NULL),(21,'佳能','2015-11-08 08:00:00','2015-11-08 08:00:00',57,NULL),(22,'明基','2015-11-09 08:00:00','2015-11-09 08:00:00',57,NULL),(23,'宏基','2015-11-09 08:00:00','2015-11-09 08:00:00',57,NULL),(24,'三菱','2015-11-09 08:00:00','2015-11-09 08:00:00',57,NULL),(25,'科密','2015-11-09 08:00:00','2015-11-09 08:00:00',57,NULL),(26,'惠科','2015-11-09 08:00:00','2015-11-09 08:00:00',57,NULL),(27,'南京LG','2015-11-09 08:00:00','0000-00-00 00:00:00',57,'2015-11-09 08:00:00'),(28,'长城','2015-11-09 08:00:00','2015-11-09 08:00:00',57,NULL),(29,'北大方正','2015-11-09 08:00:00','2015-11-09 08:00:00',57,NULL),(30,'日立','2015-11-09 08:00:00','2015-11-09 08:00:00',57,NULL),(31,'HKC','2015-11-09 08:00:00','2015-11-09 08:00:00',57,NULL),(32,'三木','2015-11-09 08:00:00','2015-11-09 08:00:00',57,NULL),(33,'虹光','2015-11-09 08:00:00','2015-11-09 08:00:00',57,NULL),(34,'中晶','2015-11-09 08:00:00','2015-11-09 08:00:00',57,NULL),(35,'亚太','2015-11-09 08:00:00','2015-11-09 08:00:00',57,NULL),(36,'深高科美','2015-11-09 08:00:00','2015-11-09 08:00:00',57,NULL),(37,'希捷','2015-11-09 08:00:00','2015-11-09 08:00:00',57,NULL),(38,'新疆华平','2015-11-09 08:00:00','2015-11-09 08:00:00',57,NULL),(39,'天神','2015-11-09 08:00:00','2015-11-09 08:00:00',57,NULL),(40,'金图','2015-11-09 08:00:00','2015-11-09 08:00:00',57,NULL),(41,'三星','2016-05-13 16:02:55','2016-05-13 16:02:55',1,NULL),(42,'兼容机','2016-05-13 16:02:55','2016-05-13 16:02:55',1,NULL),(43,'京瓷','2016-05-13 16:02:56','2016-05-13 16:02:56',1,NULL),(44,'施乐','2016-05-13 16:02:56','2016-05-13 16:02:56',1,NULL),(45,'','2016-05-13 16:02:56','2016-05-13 16:02:56',1,NULL),(46,'未知','2016-05-13 16:02:56','2016-05-13 16:02:56',1,NULL),(47,'三星WB700','2016-05-13 16:02:57','2016-05-13 16:02:57',1,NULL),(48,'宝利通','2016-05-13 16:02:57','2016-05-13 16:02:57',1,NULL),(49,'DELL','2016-05-13 16:02:57','2016-05-13 16:02:57',1,NULL),(50,'时率','2016-05-13 16:02:57','2016-05-13 16:02:57',1,NULL),(51,'奥图码','2016-05-13 16:02:57','2016-05-13 16:02:57',1,NULL),(52,'三凌','2016-05-13 16:02:58','2016-05-13 16:02:58',1,NULL),(53,'爱普森','2016-05-13 16:02:58','2016-05-13 16:02:58',1,NULL),(54,'研华','2016-05-13 16:02:58','2016-05-13 16:02:58',1,NULL),(55,'网络设备','2016-05-13 16:02:59','2016-05-13 16:02:59',1,NULL),(56,'方正','2016-05-13 16:02:59','2016-05-13 16:02:59',1,NULL),(57,'一体机','2016-05-13 16:02:59','2016-05-13 16:02:59',1,NULL),(58,'投影仪','2016-05-13 16:02:59','2016-05-13 16:02:59',1,NULL),(59,'联想扬天','2016-05-13 16:02:59','2016-05-13 16:02:59',1,NULL),(60,'奥林巴斯','2016-05-13 16:03:00','2016-05-13 16:03:00',1,NULL),(61,'兼容台式机','2016-05-13 16:03:00','2016-05-13 16:03:00',1,NULL),(62,'创维','2016-05-13 16:03:00','2016-05-13 16:03:00',1,NULL);
/*!40000 ALTER TABLE `manufacturers` ENABLE KEYS */;
UNLOCK TABLES;

--
-- Table structure for table `migrations`
--

DROP TABLE IF EXISTS `migrations`;
/*!40101 SET @saved_cs_client     = @@character_set_client */;
/*!40101 SET character_set_client = utf8 */;
CREATE TABLE `migrations` (
  `migration` varchar(255) COLLATE utf8_unicode_ci NOT NULL,
  `batch` int(11) NOT NULL
) ENGINE=InnoDB DEFAULT CHARSET=utf8 COLLATE=utf8_unicode_ci;
/*!40101 SET character_set_client = @saved_cs_client */;

--
-- Dumping data for table `migrations`
--

LOCK TABLES `migrations` WRITE;
/*!40000 ALTER TABLE `migrations` DISABLE KEYS */;
INSERT INTO `migrations` VALUES ('2012_12_06_225921_migration_cartalyst_sentry_install_users',1),('2012_12_06_225929_migration_cartalyst_sentry_install_groups',1),('2012_12_06_225945_migration_cartalyst_sentry_install_users_groups_pivot',1),('2012_12_06_225988_migration_cartalyst_sentry_install_throttle',1),('2013_03_23_193214_update_users_table',2),('2013_11_13_075318_create_models_table',2),('2013_11_13_075335_create_categories_table',2),('2013_11_13_075347_create_manufacturers_table',2),('2013_11_15_015858_add_user_id_to_categories',2),('2013_11_15_112701_add_user_id_to_manufacturers',2),('2013_11_15_190327_create_assets_table',2),('2013_11_15_190357_create_licenses_table',2),('2013_11_15_201848_add_license_name_to_licenses',2),('2013_11_16_040323_create_depreciations_table',2),('2013_11_16_042851_add_depreciation_id_to_models',2),('2013_11_16_084923_add_user_id_to_models',2),('2013_11_16_103258_create_locations_table',2),('2013_11_16_103336_add_location_id_to_assets',2),('2013_11_16_103407_add_checkedout_to_to_assets',2),('2013_11_16_103425_create_history_table',2),('2013_11_17_054359_drop_licenses_table',2),('2013_11_17_054526_add_physical_to_assets',2),('2013_11_17_055126_create_settings_table',2),('2013_11_17_062634_add_license_to_assets',2),('2013_11_18_134332_add_contacts_to_users',2),('2013_11_18_142847_add_info_to_locations',2),('2013_11_18_152942_remove_location_id_from_asset',2),('2013_11_18_164423_set_nullvalues_for_user',2),('2013_11_19_013337_create_asset_logs_table',2),('2013_11_19_061409_edit_added_on_asset_logs_table',2),('2013_11_19_062250_edit_location_id_asset_logs_table',2),('2013_11_20_055822_add_soft_delete_on_assets',2),('2013_11_20_121404_add_soft_delete_on_locations',2),('2013_11_20_123137_add_soft_delete_on_manufacturers',2),('2013_11_20_123725_add_soft_delete_on_categories',2),('2013_11_20_130248_create_status_labels',2),('2013_11_20_130830_add_status_id_on_assets_table',2),('2013_11_20_131544_add_status_type_on_status_labels',2),('2013_11_20_134103_add_archived_to_assets',2),('2013_11_21_002321_add_uploads_table',2),('2013_11_21_024531_remove_deployable_boolean_from_status_labels',2),('2013_11_22_075308_add_option_label_to_settings_table',2),('2013_11_22_213400_edits_to_settings_table',2),('2013_11_25_013244_create_licenses_table',2),('2013_11_25_031458_create_license_seats_table',2),('2013_11_25_032022_add_type_to_actionlog_table',2),('2013_11_25_033008_delete_bad_licenses_table',2),('2013_11_25_033131_create_new_licenses_table',2),('2013_11_25_033534_add_licensed_to_licenses_table',2),('2013_11_25_101308_add_warrantee_to_assets_table',2),('2013_11_25_104343_alter_warranty_column_on_assets',2),('2013_11_25_150450_drop_parent_from_categories',2),('2013_11_25_151920_add_depreciate_to_assets',2),('2013_11_25_152903_add_depreciate_to_licenses_table',2),('2013_11_26_211820_drop_license_from_assets_table',2),('2013_11_27_062510_add_note_to_asset_logs_table',2),('2013_12_01_113426_add_filename_to_asset_log',2),('2013_12_06_094618_add_nullable_to_licenses_table',2),('2013_12_10_084038_add_eol_on_models_table',2),('2013_12_12_055218_add_manager_to_users_table',2),('2014_01_28_031200_add_qr_code_to_settings_table',2),('2014_02_13_183016_add_qr_text_to_settings_table',2),('2014_05_24_093839_alter_default_license_depreciation_id',2),('2014_05_27_231658_alter_default_values_licenses',2),('2014_06_19_191508_add_asset_name_to_settings',2),('2014_06_20_004847_make_asset_log_checkedout_to_nullable',2),('2014_06_20_005050_make_asset_log_purchasedate_to_nullable',2),('2014_06_24_003011_add_suppliers',2),('2014_06_24_010742_add_supplier_id_to_asset',2),('2014_06_24_012839_add_zip_to_supplier',2),('2014_06_24_033908_add_url_to_supplier',2),('2014_07_08_054116_add_employee_id_to_users',2),('2014_07_09_134316_add_requestable_to_assets',2),('2014_07_17_085822_add_asset_to_software',2),('2014_07_17_161625_make_asset_id_in_logs_nullable',2),('2014_08_12_053504_alpha_0_4_2_release',2),('2014_08_17_083523_make_location_id_nullable',2),('2014_10_16_200626_add_rtd_location_to_assets',2),('2014_10_24_000417_alter_supplier_state_to_32',2),('2014_10_24_015641_add_display_checkout_date',2),('2014_10_28_222654_add_avatar_field_to_users_table',2),('2014_10_29_045924_add_image_field_to_models_table',2),('2014_11_01_214955_add_eol_display_to_settings',2),('2014_11_04_231416_update_group_field_for_reporting',2),('2014_11_05_212408_add_fields_to_licenses',2),('2014_11_07_021042_add_image_to_supplier',2),('2014_11_20_203007_add_username_to_user',2),('2014_11_20_223947_add_auto_to_settings',2),('2014_11_20_224421_add_prefix_to_settings',2),('2014_11_21_104401_change_licence_type',2),('2014_12_09_082500_add_fields_maintained_term_to_licenses',2),('2015_02_04_155757_increase_user_field_lengths',2),('2015_02_07_013537_add_soft_deleted_to_log',2),('2015_02_10_040958_fix_bad_assigned_to_ids',2),('2015_02_10_053310_migrate_data_to_new_statuses',2),('2015_02_11_044104_migrate_make_license_assigned_null',2),('2015_02_11_104406_migrate_create_requests_table',2),('2015_02_12_001312_add_mac_address_to_asset',2),('2015_02_12_024100_change_license_notes_type',2),('2015_02_17_231020_add_localonly_to_settings',2),('2015_02_19_222322_add_logo_and_colors_to_settings',2),('2015_02_24_072043_add_alerts_to_settings',2),('2015_02_25_022931_add_eula_fields',2),('2015_02_25_204513_add_accessories_table',2),('2015_02_26_091228_add_accessories_user_table',2),('2015_02_26_115128_add_deleted_at_models',2),('2015_02_26_233005_add_category_type',2),('2015_03_01_231912_update_accepted_at_to_acceptance_id',2),('2015_03_05_011929_add_qr_type_to_settings',2),('2015_03_18_055327_add_note_to_user',2),('2015_04_29_234704_add_slack_to_settings',2),('2015_05_04_085151_add_parent_id_to_locations_table',2),('2015_05_22_124421_add_reassignable_to_licenses',2),('2015_06_10_003314_fix_default_for_user_notes',2),('2015_06_10_003554_create_consumables',2),('2015_06_15_183253_move_email_to_username',2),('2015_06_23_070346_make_email_nullable',2),('2015_06_26_213716_create_asset_maintenances_table',2),('2015_07_09_014359_add_currency_to_settings_and_locations',2),('2015_07_21_122022_add_expected_checkin_date_to_asset_logs',2),('2015_07_24_093845_add_checkin_email_to_category_table',2),('2015_07_25_055415_remove_email_unique_constraint',2),('2015_07_29_230054_add_thread_id_to_asset_logs_table',2),('2015_07_31_015430_add_accepted_to_assets',2),('2015_09_09_195301_add_custom_css_to_settings',2),('2015_09_28_003314_fix_default_purchase_order',2);
/*!40000 ALTER TABLE `migrations` ENABLE KEYS */;
UNLOCK TABLES;

--
-- Table structure for table `models`
--

DROP TABLE IF EXISTS `models`;
/*!40101 SET @saved_cs_client     = @@character_set_client */;
/*!40101 SET character_set_client = utf8 */;
CREATE TABLE `models` (
  `id` int(10) unsigned NOT NULL AUTO_INCREMENT,
  `name` varchar(255) COLLATE utf8_unicode_ci NOT NULL,
  `modelno` varchar(255) COLLATE utf8_unicode_ci DEFAULT NULL,
  `manufacturer_id` int(11) NOT NULL,
  `category_id` int(11) NOT NULL,
  `created_at` timestamp NOT NULL DEFAULT '0000-00-00 00:00:00',
  `updated_at` timestamp NOT NULL DEFAULT '0000-00-00 00:00:00',
  `depreciation_id` int(11) NOT NULL DEFAULT '0',
  `user_id` int(11) NOT NULL,
  `eol` int(11) DEFAULT '0',
  `image` varchar(255) COLLATE utf8_unicode_ci DEFAULT NULL,
  `show_mac_address` tinyint(1) NOT NULL DEFAULT '0',
  `deleted_at` timestamp NULL DEFAULT NULL,
  PRIMARY KEY (`id`)
) ENGINE=InnoDB AUTO_INCREMENT=23 DEFAULT CHARSET=utf8 COLLATE=utf8_unicode_ci;
/*!40101 SET character_set_client = @saved_cs_client */;

--
-- Dumping data for table `models`
--

LOCK TABLES `models` WRITE;
/*!40000 ALTER TABLE `models` DISABLE KEYS */;
INSERT INTO `models` VALUES (3,'03','3',1,3,'2015-10-31 08:21:35','2015-10-31 08:21:35',0,57,0,NULL,0,NULL),(4,'04','4',1,4,'2015-10-31 08:21:35','2015-10-31 08:21:35',0,57,0,NULL,0,NULL),(5,'05','5',1,5,'2015-10-31 08:21:35','2015-10-31 08:21:35',0,57,0,NULL,0,NULL),(6,'06','6',1,6,'2015-10-31 08:21:35','2015-10-31 08:21:35',0,57,0,NULL,0,NULL),(7,'07','7',1,7,'2015-10-31 08:21:35','2015-10-31 08:21:35',0,57,0,NULL,0,NULL),(8,'08','8',1,8,'2015-10-31 08:21:35','2015-10-31 08:21:35',0,57,0,NULL,0,NULL),(9,'09','9',1,9,'2015-10-31 08:21:35','2015-10-31 08:21:35',0,57,0,NULL,0,NULL),(10,'10','10',4,10,'2015-11-03 22:31:19','2015-11-03 22:31:19',0,57,0,NULL,0,NULL),(11,'11','11',4,11,'2015-11-03 22:31:25','2015-11-03 22:31:25',0,1,0,NULL,0,NULL),(12,'12','12',1,12,'2015-11-03 22:31:25','2015-11-03 22:31:25',0,1,0,NULL,0,NULL),(13,'13','13',1,13,'2015-10-31 00:21:35','2015-10-31 00:21:35',0,57,0,NULL,0,NULL),(14,'14','14',1,14,'2015-10-31 00:21:35','2015-10-31 00:21:35',0,57,0,NULL,0,NULL),(15,'15','15',1,15,'2015-10-31 00:21:35','2015-10-31 00:21:35',0,57,0,NULL,0,NULL),(16,'16','16',1,16,'2015-10-31 00:21:35','2015-10-31 00:21:35',0,57,0,NULL,0,NULL),(17,'17','17',1,17,'2015-10-31 00:21:35','2015-10-31 00:21:35',0,57,0,NULL,0,NULL),(18,'18','18',1,18,'2015-10-31 00:21:35','2015-10-31 00:21:35',0,57,0,NULL,0,NULL),(19,'19','19',4,19,'2015-11-03 14:31:19','2015-11-03 14:31:19',0,57,0,NULL,0,NULL),(20,'20','20',4,20,'2015-11-03 14:31:25','2015-11-03 14:31:25',0,1,0,NULL,0,NULL),(21,'21','21',1,21,'2015-11-03 14:31:25','2015-11-03 14:31:25',0,1,0,NULL,0,NULL),(22,'22','22',1,22,'2015-11-03 14:31:25','2015-11-03 14:31:25',0,1,0,NULL,0,NULL);
/*!40000 ALTER TABLE `models` ENABLE KEYS */;
UNLOCK TABLES;

--
-- Table structure for table `requested_assets`
--

DROP TABLE IF EXISTS `requested_assets`;
/*!40101 SET @saved_cs_client     = @@character_set_client */;
/*!40101 SET character_set_client = utf8 */;
CREATE TABLE `requested_assets` (
  `id` int(10) unsigned NOT NULL AUTO_INCREMENT,
  `asset_id` int(11) NOT NULL,
  `user_id` int(11) NOT NULL,
  `accepted_at` datetime DEFAULT NULL,
  `denied_at` datetime DEFAULT NULL,
  `notes` varchar(255) COLLATE utf8_unicode_ci NOT NULL,
  `created_at` timestamp NOT NULL DEFAULT '0000-00-00 00:00:00',
  `updated_at` timestamp NOT NULL DEFAULT '0000-00-00 00:00:00',
  PRIMARY KEY (`id`)
) ENGINE=InnoDB DEFAULT CHARSET=utf8 COLLATE=utf8_unicode_ci;
/*!40101 SET character_set_client = @saved_cs_client */;

--
-- Dumping data for table `requested_assets`
--

LOCK TABLES `requested_assets` WRITE;
/*!40000 ALTER TABLE `requested_assets` DISABLE KEYS */;
/*!40000 ALTER TABLE `requested_assets` ENABLE KEYS */;
UNLOCK TABLES;

--
-- Table structure for table `requests`
--

DROP TABLE IF EXISTS `requests`;
/*!40101 SET @saved_cs_client     = @@character_set_client */;
/*!40101 SET character_set_client = utf8 */;
CREATE TABLE `requests` (
  `id` int(10) unsigned NOT NULL AUTO_INCREMENT,
  `asset_id` int(11) NOT NULL,
  `user_id` int(11) NOT NULL,
  `request_code` text COLLATE utf8_unicode_ci NOT NULL,
  `created_at` timestamp NOT NULL DEFAULT '0000-00-00 00:00:00',
  `updated_at` timestamp NOT NULL DEFAULT '0000-00-00 00:00:00',
  `deleted_at` timestamp NULL DEFAULT NULL,
  PRIMARY KEY (`id`)
) ENGINE=InnoDB DEFAULT CHARSET=utf8 COLLATE=utf8_unicode_ci;
/*!40101 SET character_set_client = @saved_cs_client */;

--
-- Dumping data for table `requests`
--

LOCK TABLES `requests` WRITE;
/*!40000 ALTER TABLE `requests` DISABLE KEYS */;
/*!40000 ALTER TABLE `requests` ENABLE KEYS */;
UNLOCK TABLES;

--
-- Table structure for table `settings`
--

DROP TABLE IF EXISTS `settings`;
/*!40101 SET @saved_cs_client     = @@character_set_client */;
/*!40101 SET character_set_client = utf8 */;
CREATE TABLE `settings` (
  `id` int(10) unsigned NOT NULL AUTO_INCREMENT,
  `created_at` timestamp NOT NULL DEFAULT '0000-00-00 00:00:00',
  `updated_at` timestamp NOT NULL DEFAULT '0000-00-00 00:00:00',
  `user_id` int(11) NOT NULL,
  `per_page` int(11) NOT NULL DEFAULT '20',
  `site_name` varchar(100) COLLATE utf8_unicode_ci NOT NULL DEFAULT 'Snipe IT Asset Management',
  `qr_code` int(11) DEFAULT NULL,
  `qr_text` varchar(32) COLLATE utf8_unicode_ci DEFAULT NULL,
  `display_asset_name` int(11) DEFAULT NULL,
  `display_checkout_date` int(11) DEFAULT NULL,
  `display_eol` int(11) DEFAULT NULL,
  `auto_increment_assets` int(11) NOT NULL DEFAULT '0',
  `auto_increment_prefix` varchar(255) COLLATE utf8_unicode_ci NOT NULL DEFAULT '0',
  `load_remote` tinyint(1) NOT NULL DEFAULT '1',
  `logo` varchar(255) COLLATE utf8_unicode_ci DEFAULT NULL,
  `header_color` varchar(255) COLLATE utf8_unicode_ci DEFAULT NULL,
  `alert_email` varchar(255) COLLATE utf8_unicode_ci DEFAULT NULL,
  `alerts_enabled` tinyint(1) NOT NULL DEFAULT '1',
  `default_eula_text` longtext COLLATE utf8_unicode_ci,
  `barcode_type` varchar(255) COLLATE utf8_unicode_ci DEFAULT 'QRCODE',
  `slack_endpoint` varchar(255) COLLATE utf8_unicode_ci DEFAULT NULL,
  `slack_channel` varchar(255) COLLATE utf8_unicode_ci DEFAULT NULL,
  `slack_botname` varchar(255) COLLATE utf8_unicode_ci DEFAULT NULL,
  `default_currency` varchar(10) COLLATE utf8_unicode_ci DEFAULT NULL,
  `custom_css` text COLLATE utf8_unicode_ci,
  `brand` int(11) NOT NULL,
  PRIMARY KEY (`id`)
) ENGINE=InnoDB AUTO_INCREMENT=2 DEFAULT CHARSET=utf8 COLLATE=utf8_unicode_ci;
/*!40101 SET character_set_client = @saved_cs_client */;

--
-- Dumping data for table `settings`
--

LOCK TABLES `settings` WRITE;
/*!40000 ALTER TABLE `settings` DISABLE KEYS */;
INSERT INTO `settings` VALUES (1,'2015-10-21 00:55:30','2016-05-13 16:10:27',1,100,'资产管理系统',0,'',NULL,NULL,NULL,0,'',0,NULL,'','',1,'','QRCODE','','','','RM','',1);
/*!40000 ALTER TABLE `settings` ENABLE KEYS */;
UNLOCK TABLES;

--
-- Table structure for table `status_labels`
--

DROP TABLE IF EXISTS `status_labels`;
/*!40101 SET @saved_cs_client     = @@character_set_client */;
/*!40101 SET character_set_client = utf8 */;
CREATE TABLE `status_labels` (
  `id` int(10) unsigned NOT NULL AUTO_INCREMENT,
  `name` varchar(100) COLLATE utf8_unicode_ci NOT NULL,
  `user_id` int(11) NOT NULL,
  `created_at` timestamp NOT NULL DEFAULT '0000-00-00 00:00:00',
  `updated_at` timestamp NOT NULL DEFAULT '0000-00-00 00:00:00',
  `deleted_at` timestamp NULL DEFAULT NULL,
  `deployable` tinyint(1) NOT NULL DEFAULT '0',
  `pending` tinyint(1) NOT NULL DEFAULT '0',
  `archived` tinyint(1) NOT NULL DEFAULT '0',
  `notes` text COLLATE utf8_unicode_ci,
  PRIMARY KEY (`id`)
) ENGINE=InnoDB AUTO_INCREMENT=8 DEFAULT CHARSET=utf8 COLLATE=utf8_unicode_ci;
/*!40101 SET character_set_client = @saved_cs_client */;

--
-- Dumping data for table `status_labels`
--

LOCK TABLES `status_labels` WRITE;
/*!40000 ALTER TABLE `status_labels` DISABLE KEYS */;
INSERT INTO `status_labels` VALUES (1,'Ready to Deploy',1,'2015-07-22 00:55:30','2015-07-22 00:55:30',NULL,1,0,0,''),(2,'Pending',1,'2015-07-22 00:55:30','2015-07-22 00:55:30',NULL,0,1,0,''),(3,'Archived',1,'2015-07-22 00:55:30','2015-07-22 00:55:30',NULL,0,0,1,'These assets are permanently undeployable'),(4,'Out for Diagnostics',1,'2015-07-22 00:55:30','2015-07-22 00:55:30',NULL,0,0,0,''),(5,'Out for Repair',1,'2015-07-22 00:55:30','2015-07-22 00:55:30',NULL,0,0,0,''),(6,'Broken - Not Fixable',1,'2015-07-22 00:55:30','2015-07-22 00:55:30',NULL,0,0,1,''),(7,'Lost/Stolen',1,'2015-07-22 00:55:30','2015-07-22 00:55:30',NULL,0,0,1,'');
/*!40000 ALTER TABLE `status_labels` ENABLE KEYS */;
UNLOCK TABLES;

--
-- Table structure for table `suppliers`
--

DROP TABLE IF EXISTS `suppliers`;
/*!40101 SET @saved_cs_client     = @@character_set_client */;
/*!40101 SET character_set_client = utf8 */;
CREATE TABLE `suppliers` (
  `id` int(10) unsigned NOT NULL AUTO_INCREMENT,
  `name` varchar(255) COLLATE utf8_unicode_ci NOT NULL,
  `address` varchar(50) COLLATE utf8_unicode_ci DEFAULT NULL,
  `address2` varchar(50) COLLATE utf8_unicode_ci DEFAULT NULL,
  `city` varchar(255) COLLATE utf8_unicode_ci DEFAULT NULL,
  `state` varchar(32) COLLATE utf8_unicode_ci DEFAULT NULL,
  `country` varchar(2) COLLATE utf8_unicode_ci DEFAULT NULL,
  `phone` varchar(20) COLLATE utf8_unicode_ci DEFAULT NULL,
  `fax` varchar(20) COLLATE utf8_unicode_ci DEFAULT NULL,
  `email` varchar(150) COLLATE utf8_unicode_ci DEFAULT NULL,
  `contact` varchar(100) COLLATE utf8_unicode_ci DEFAULT NULL,
  `notes` varchar(255) COLLATE utf8_unicode_ci DEFAULT NULL,
  `created_at` timestamp NOT NULL DEFAULT '0000-00-00 00:00:00',
  `updated_at` timestamp NOT NULL DEFAULT '0000-00-00 00:00:00',
  `user_id` int(11) NOT NULL,
  `deleted_at` timestamp NULL DEFAULT NULL,
  `zip` varchar(10) COLLATE utf8_unicode_ci DEFAULT NULL,
  `url` varchar(250) COLLATE utf8_unicode_ci DEFAULT NULL,
  `image` varchar(255) COLLATE utf8_unicode_ci DEFAULT NULL,
  PRIMARY KEY (`id`)
) ENGINE=InnoDB AUTO_INCREMENT=5 DEFAULT CHARSET=utf8 COLLATE=utf8_unicode_ci;
/*!40101 SET character_set_client = @saved_cs_client */;

--
-- Dumping data for table `suppliers`
--

LOCK TABLES `suppliers` WRITE;
/*!40000 ALTER TABLE `suppliers` DISABLE KEYS */;
INSERT INTO `suppliers` VALUES (1,'联想lenove',NULL,NULL,NULL,NULL,NULL,NULL,NULL,NULL,NULL,NULL,'2015-10-30 22:44:47','2015-10-30 22:44:47',57,NULL,NULL,NULL,NULL),(2,'惠普Hp',NULL,NULL,NULL,NULL,NULL,NULL,NULL,NULL,NULL,NULL,'2015-10-30 22:45:09','2015-10-30 22:45:09',57,NULL,NULL,NULL,NULL),(3,'戴尔deel',NULL,NULL,NULL,NULL,NULL,NULL,NULL,NULL,NULL,NULL,'2015-10-30 22:45:39','2015-10-30 22:45:39',57,NULL,NULL,NULL,NULL),(4,'华硕ausu','','','','','','','','','','','2015-10-30 23:37:16','2015-10-30 23:37:16',57,NULL,'','http://',NULL);
/*!40000 ALTER TABLE `suppliers` ENABLE KEYS */;
UNLOCK TABLES;

--
-- Table structure for table `throttle`
--

DROP TABLE IF EXISTS `throttle`;
/*!40101 SET @saved_cs_client     = @@character_set_client */;
/*!40101 SET character_set_client = utf8 */;
CREATE TABLE `throttle` (
  `id` int(10) unsigned NOT NULL AUTO_INCREMENT,
  `user_id` int(10) unsigned DEFAULT NULL,
  `ip_address` varchar(255) COLLATE utf8_unicode_ci DEFAULT NULL,
  `attempts` int(11) NOT NULL DEFAULT '0',
  `suspended` tinyint(1) NOT NULL DEFAULT '0',
  `banned` tinyint(1) NOT NULL DEFAULT '0',
  `last_attempt_at` timestamp NULL DEFAULT NULL,
  `suspended_at` timestamp NULL DEFAULT NULL,
  `banned_at` timestamp NULL DEFAULT NULL,
  PRIMARY KEY (`id`),
  KEY `throttle_user_id_index` (`user_id`)
) ENGINE=InnoDB AUTO_INCREMENT=62 DEFAULT CHARSET=utf8 COLLATE=utf8_unicode_ci;
/*!40101 SET character_set_client = @saved_cs_client */;

--
-- Dumping data for table `throttle`
--

LOCK TABLES `throttle` WRITE;
/*!40000 ALTER TABLE `throttle` DISABLE KEYS */;
INSERT INTO `throttle` VALUES (1,1,'171.212.215.206',0,0,0,NULL,NULL,NULL),(2,1,'118.122.85.172',0,0,0,NULL,NULL,NULL),(3,3,'118.122.85.212',0,0,0,NULL,NULL,NULL),(4,1,'125.71.214.177',0,0,0,NULL,NULL,NULL),(5,3,'118.122.85.148',0,0,0,NULL,NULL,NULL),(6,3,'125.71.65.109',0,0,0,NULL,NULL,NULL),(7,1,'118.115.185.130',0,0,0,NULL,NULL,NULL),(8,1,'182.144.185.93',0,0,0,NULL,NULL,NULL),(9,1,'171.217.179.149',0,0,0,NULL,NULL,NULL),(10,1,'118.122.85.194',0,0,0,NULL,NULL,NULL),(11,4,'118.122.85.130',0,0,0,NULL,NULL,NULL),(12,1,'118.122.85.130',0,0,0,NULL,NULL,NULL),(13,3,'171.88.57.61',0,0,0,NULL,NULL,NULL),(14,1,'171.212.140.222',0,0,0,NULL,NULL,NULL),(15,1,'118.122.85.208',0,0,0,NULL,NULL,NULL),(16,1,'118.122.85.144',0,0,0,NULL,NULL,NULL),(17,1,'171.88.57.61',0,0,0,NULL,NULL,NULL),(18,57,'222.211.211.86',0,0,0,NULL,NULL,NULL),(19,57,'171.221.63.230',0,0,0,NULL,NULL,NULL),(20,57,'119.4.9.162',0,0,0,NULL,NULL,NULL),(21,57,'118.113.159.77',0,0,0,NULL,NULL,NULL),(22,57,'120.135.24.79',0,0,0,NULL,NULL,NULL),(23,57,'171.212.214.23',0,0,0,NULL,NULL,NULL),(24,1,'120.135.24.79',0,0,0,'2015-11-03 08:34:25',NULL,NULL),(25,57,'119.4.70.55',0,0,0,NULL,NULL,NULL),(26,3,'120.135.24.79',0,0,0,NULL,NULL,NULL),(27,4,'125.71.162.177',0,0,0,NULL,NULL,NULL),(28,57,'120.135.24.73',0,0,0,NULL,NULL,NULL),(29,57,'171.212.140.230',0,0,0,NULL,NULL,NULL),(30,57,'119.4.71.113',0,0,0,NULL,NULL,NULL),(31,57,'182.144.158.69',0,0,0,NULL,NULL,NULL),(32,57,'222.212.29.86',0,0,0,NULL,NULL,NULL),(33,1,'120.135.24.73',0,0,0,NULL,NULL,NULL),(34,1,'61.157.45.248',0,0,0,NULL,NULL,NULL),(35,57,'120.135.24.69',0,0,0,NULL,NULL,NULL),(36,57,'222.212.26.64',0,0,0,NULL,NULL,NULL),(37,57,'112.18.79.71',0,0,0,NULL,NULL,NULL),(38,1,'120.135.24.82',0,0,0,NULL,NULL,NULL),(39,57,'120.135.24.77',0,0,0,NULL,NULL,NULL),(40,57,'171.212.141.214',0,0,0,NULL,NULL,NULL),(41,6,'101.204.175.195',0,0,0,NULL,NULL,NULL),(42,1,'120.135.24.89',1,0,0,'2016-01-21 02:41:14',NULL,NULL),(43,3,'120.135.24.89',0,0,0,NULL,NULL,NULL),(44,4,'110.153.13.3',0,0,0,NULL,NULL,NULL),(45,1,'120.135.24.74',1,0,0,'2016-02-18 06:28:38',NULL,NULL),(46,3,'120.135.24.74',0,0,0,NULL,NULL,NULL),(47,119,'110.153.13.3',0,0,0,NULL,NULL,NULL),(48,119,'101.204.207.191',0,0,0,NULL,NULL,NULL),(49,57,'222.212.31.247',2,0,0,'2016-05-04 16:09:42',NULL,NULL),(50,119,'222.212.31.247',0,0,0,NULL,NULL,NULL),(51,119,'60.13.219.25',0,0,0,NULL,NULL,NULL),(52,119,'182.138.218.23',0,0,0,NULL,NULL,NULL),(53,57,'112.193.8.136',3,0,0,'2016-05-13 04:10:46',NULL,NULL),(54,119,'112.193.8.136',0,0,0,NULL,NULL,NULL),(55,119,'43.224.34.69',0,0,0,NULL,NULL,NULL),(56,119,'119.4.139.11',0,0,0,NULL,NULL,NULL),(57,119,'110.153.13.6',0,0,0,NULL,NULL,NULL),(58,119,'182.139.29.8',0,0,0,NULL,NULL,NULL),(59,119,'101.204.204.12',0,0,0,NULL,NULL,NULL),(60,1,'182.139.29.8',1,0,0,'2016-05-18 03:21:42',NULL,NULL),(61,119,'101.204.71.176',0,0,0,NULL,NULL,NULL);
/*!40000 ALTER TABLE `throttle` ENABLE KEYS */;
UNLOCK TABLES;

--
-- Table structure for table `users`
--

DROP TABLE IF EXISTS `users`;
/*!40101 SET @saved_cs_client     = @@character_set_client */;
/*!40101 SET character_set_client = utf8 */;
CREATE TABLE `users` (
  `id` int(10) unsigned NOT NULL AUTO_INCREMENT,
  `email` varchar(255) COLLATE utf8_unicode_ci DEFAULT NULL,
  `password` varchar(255) COLLATE utf8_unicode_ci NOT NULL,
  `permissions` text COLLATE utf8_unicode_ci,
  `activated` tinyint(1) NOT NULL DEFAULT '0',
  `activation_code` varchar(255) COLLATE utf8_unicode_ci DEFAULT NULL,
  `activated_at` timestamp NULL DEFAULT NULL,
  `last_login` timestamp NULL DEFAULT NULL,
  `persist_code` varchar(255) COLLATE utf8_unicode_ci DEFAULT NULL,
  `reset_password_code` varchar(255) COLLATE utf8_unicode_ci DEFAULT NULL,
  `first_name` varchar(255) COLLATE utf8_unicode_ci NOT NULL,
  `last_name` varchar(255) COLLATE utf8_unicode_ci NOT NULL,
  `created_at` timestamp NOT NULL DEFAULT '0000-00-00 00:00:00',
  `updated_at` timestamp NOT NULL DEFAULT '0000-00-00 00:00:00',
  `deleted_at` timestamp NULL DEFAULT NULL,
  `website` varchar(255) COLLATE utf8_unicode_ci DEFAULT NULL,
  `country` varchar(255) COLLATE utf8_unicode_ci DEFAULT NULL,
  `gravatar` varchar(255) COLLATE utf8_unicode_ci DEFAULT NULL,
  `location_id` int(11) DEFAULT NULL,
  `phone` varchar(20) COLLATE utf8_unicode_ci DEFAULT NULL,
  `jobtitle` varchar(100) COLLATE utf8_unicode_ci DEFAULT NULL,
  `manager_id` int(11) DEFAULT NULL,
  `employee_num` text COLLATE utf8_unicode_ci,
  `avatar` varchar(255) COLLATE utf8_unicode_ci DEFAULT NULL,
  `username` varchar(255) COLLATE utf8_unicode_ci DEFAULT NULL,
  `notes` varchar(255) COLLATE utf8_unicode_ci DEFAULT NULL,
  PRIMARY KEY (`id`),
  KEY `users_activation_code_index` (`activation_code`),
  KEY `users_reset_password_code_index` (`reset_password_code`)
) ENGINE=InnoDB AUTO_INCREMENT=120 DEFAULT CHARSET=utf8 COLLATE=utf8_unicode_ci;
/*!40101 SET character_set_client = @saved_cs_client */;

--
-- Dumping data for table `users`
--

LOCK TABLES `users` WRITE;
/*!40000 ALTER TABLE `users` DISABLE KEYS */;
INSERT INTO `users` VALUES (1,'zhongzhengquan@intermaker.cn','$2y$08$3WzG3JUB06ENSZKPXxOX2OcOymWn8n3poYlraNOPV8InjeyX2rthq','{\"admin\":1,\"user\":1}',1,NULL,NULL,'2015-11-13 21:05:47','$2y$08$Qh4JSIL6vNYgMljCDDB8fOxU22ARKp6F8dJtmvU5mfU8bq2Z7JNw6',NULL,'z','zq','2015-10-21 00:55:29','2015-11-13 21:05:47',NULL,NULL,NULL,NULL,NULL,NULL,NULL,NULL,NULL,NULL,'zzq','Generated on install'),(3,'','$2y$08$H8pSQd83UCpV9GOLhCnA0O1zpeDArDX8tckw8SsReI3AgqMnv.WOG','{\"superuser\":-1}',1,NULL,NULL,'2016-02-18 06:28:48','$2y$08$WbrvP0oWKFuzaE7JW7L23OaxLQOXGGLTekKHQG3eIyHX0MjWKG3Xe',NULL,'鹏祺','yang','2015-10-21 14:30:39','2016-02-18 06:28:48',NULL,NULL,NULL,NULL,NULL,'','',NULL,'',NULL,'ypq',''),(4,'','$2y$08$BguHoNjuzAorsrQimkjVhusGc/YlIG8BEVgDUV2Y07sPspU3zT8ki','{\"superuser\":-1}',1,NULL,NULL,'2016-02-15 02:23:50','$2y$08$WSEzc3raj642EUuOfXGDRePtJ6212Kc4rEMam5Q4x.q9nVI7nBnZi',NULL,'test','test','2015-10-21 21:28:01','2016-02-15 02:23:50',NULL,NULL,NULL,NULL,NULL,'','',NULL,'',NULL,'test',''),(5,'','$2y$08$rzFwWGsv9TVgD1CcCZRml.qMEhxbqKua60Mx3sKnEJmDvMDg9PnpC','{\"superuser\":-1}',1,NULL,NULL,NULL,NULL,NULL,'test2','test2','2015-10-21 21:30:19','2015-11-13 21:18:16',NULL,NULL,NULL,NULL,NULL,'','',NULL,'',NULL,'test2',''),(6,'','$2y$08$Ivg8GsjWRQPascMF6MjCnucB/TyCwE8PvS4Ul0iY097BxW4q2qnNu','{\"superuser\":-1}',1,NULL,NULL,'2016-01-21 02:37:30','$2y$08$D98JrzUH4XDrbwCHSF5yQ.m9cFvoD7az/yeAEKVAp7jb2VqXsyhsC',NULL,'yu','su','2015-10-21 21:32:30','2016-01-21 02:37:30',NULL,NULL,NULL,NULL,NULL,'','',NULL,'',NULL,'suyu',''),(57,'','$2y$08$XnX6yMIVKow8SA4OpSbBFus.v7.tOtW87xgGC1mZQdywWWfAbHCiu','{\"superuser\":-1}',1,NULL,NULL,'2015-11-26 11:33:38','$2y$08$qr8wjvtmKla9CkCzk7x4U.aV08BDiVh8RMSQ.Z0Xzyx9FwaznpZky',NULL,'yuanjing','yuan','2015-10-29 17:03:54','2016-05-13 04:13:08',NULL,NULL,NULL,NULL,NULL,'','',NULL,'',NULL,'yj',''),(58,'miranda@selfware.ch','$2y$08$6VXOnDIgYKvwWz6iJDprjOKZ1qeZEmwJDpco84ez/MCIVcHGMeK9W','{\"user\":1}',1,NULL,NULL,NULL,NULL,NULL,'William',' Dixon','2015-10-30 11:05:26','2015-11-05 11:46:47','2015-11-05 11:46:47',NULL,NULL,NULL,NULL,NULL,NULL,NULL,NULL,NULL,'william.dixon','User imported through asset importer'),(59,'jesper@madefeed.cf','$2y$08$cWbGtSQFhuhG7FEAH6BOEOf5s4GkRq.RmIO6oxTkO39EXShO5YJL.','{\"user\":1}',1,NULL,NULL,NULL,NULL,NULL,'Debbie',' Mullins','2015-10-30 11:05:26','2015-11-05 11:44:14','2015-11-05 11:44:14',NULL,NULL,NULL,NULL,NULL,NULL,NULL,NULL,NULL,'debbie.mullins','User imported through asset importer'),(60,'kirk@tagbase.kp','$2y$08$NAjjqB6T1B88VAMTVt3PKu0yGleB1c8elaYywgwWErhIC/M.1I6TW','{\"user\":1}',1,NULL,NULL,NULL,NULL,NULL,'Wolfgang',' Mitchell','2015-10-30 11:05:27','2015-11-05 11:46:43','2015-11-05 11:46:43',NULL,NULL,NULL,NULL,NULL,NULL,NULL,NULL,NULL,'wolfgang.mitchell','User imported through asset importer'),(61,'le@tidything.ac','$2y$08$E6GiZdpTSHf2uQez5G1sQ.P6Hioo6HCHOsQ2CmSFsAjt0MaUIy3G.','{\"user\":1}',1,NULL,NULL,NULL,NULL,NULL,'Anne-Marie',' Wallace','2015-10-30 11:05:27','2015-11-05 11:43:38','2015-11-05 11:43:38',NULL,NULL,NULL,NULL,NULL,NULL,NULL,NULL,NULL,'anne-marie.wallace','User imported through asset importer'),(62,'alain@quitsource.pa','$2y$08$OtruVfNCpL9l3dsBR8De0u7kJNKld./MyjkJAtRYtSYQfLh22NLQG','{\"user\":1}',1,NULL,NULL,NULL,NULL,NULL,'Shane',' Booker','2015-10-30 11:05:27','2015-11-05 11:45:53','2015-11-05 11:45:53',NULL,NULL,NULL,NULL,NULL,NULL,NULL,NULL,NULL,'shane.booker','User imported through asset importer'),(63,'margaret@quitbot.tf','$2y$08$fS274RRWjdMvYpPRZLuae.deQOAOkXgujPfbc2rVfk600mToo/oJa','{\"user\":1}',1,NULL,NULL,NULL,NULL,NULL,'Olivier',' Walter','2015-10-30 11:05:27','2015-11-05 11:45:44','2015-11-05 11:45:44',NULL,NULL,NULL,NULL,NULL,NULL,NULL,NULL,NULL,'olivier.walter','User imported through asset importer'),(64,'welch@busybeat.kp','$2y$08$QBujnaRve221xCJO1dUMpeIe0GLFks78a290.6gOnugQ3FYYUt8bC','{\"user\":1}',1,NULL,NULL,NULL,NULL,NULL,'Adrian',' Montgomery','2015-10-30 11:05:27','2015-11-05 11:42:27','2015-11-05 11:42:27',NULL,NULL,NULL,NULL,NULL,NULL,NULL,NULL,NULL,'adrian.montgomery','User imported through asset importer'),(65,'massey@jetwords.at','$2y$08$XXs9Qg6WkALyutfG5CrL0.YYF3diSMsALVdGxXjtovHaQT3RQH4KO','{\"user\":1}',1,NULL,NULL,NULL,NULL,NULL,'Joan',' Merrill','2015-10-30 11:05:27','2015-11-05 11:45:02','2015-11-05 11:45:02',NULL,NULL,NULL,NULL,NULL,NULL,NULL,NULL,NULL,'joan.merrill','User imported through asset importer'),(66,'wright@quitsource.jp','$2y$08$T4UJ0u12iwg2XL5dn8Kg8O0CzfWC9D9XzDsEUzJ.5S2ZoizQbI6ja','{\"user\":1}',1,NULL,NULL,NULL,NULL,NULL,'Stella',' Gilmore','2015-10-30 11:05:27','2015-11-05 11:45:56','2015-11-05 11:45:56',NULL,NULL,NULL,NULL,NULL,NULL,NULL,NULL,NULL,'stella.gilmore','User imported through asset importer'),(67,'rivera@lowwerk.lv','$2y$08$N5nbGRKYa6MLMhbQUkiBeunQ5OZIB40E9w8J2skbSqzb2XXXzdcrC','{\"user\":1}',1,NULL,NULL,NULL,NULL,NULL,'Georgina',' Wiley','2015-10-30 11:05:27','2015-11-05 11:44:33','2015-11-05 11:44:33',NULL,NULL,NULL,NULL,NULL,NULL,NULL,NULL,NULL,'georgina.wiley','User imported through asset importer'),(68,'jane@tagbot.tc','$2y$08$BjDnoEo4iGie2qwAQ2sP7OG.ab3Lc/VBzNI1IJ1iBxttgqoNuiNa2','{\"user\":1}',1,NULL,NULL,NULL,NULL,NULL,'Barry',' Hudson','2015-10-30 11:05:27','2015-11-05 11:43:41','2015-11-05 11:43:41',NULL,NULL,NULL,NULL,NULL,NULL,NULL,NULL,NULL,'barry.hudson','User imported through asset importer'),(69,'jim.douglas@quitpower.si','$2y$08$4gt7js7XAyKXu12dclQeIuUSvL7PPllB/bUQZPlS.SGpXqzbnI7m6','{\"user\":1}',1,NULL,NULL,NULL,NULL,NULL,'Leigh',' Stewart','2015-10-30 11:05:27','2015-11-05 11:45:19','2015-11-05 11:45:19',NULL,NULL,NULL,NULL,NULL,NULL,NULL,NULL,NULL,'leigh.stewart','User imported through asset importer'),(70,'nigel.blackburn@gigabase.md','$2y$08$58DJa1R6khWbSsMi3njWZ.k4TuwAkTrfNRCcZj8xUCg1BsZrlgmb6','{\"user\":1}',1,NULL,NULL,NULL,NULL,NULL,'Travis',' Flynn','2015-10-30 11:05:27','2015-11-05 11:46:26','2015-11-05 11:46:26',NULL,NULL,NULL,NULL,NULL,NULL,NULL,NULL,NULL,'travis.flynn','User imported through asset importer'),(71,'sanders@madeclicks.travel','$2y$08$HGKCakeeN9bUmO0AmGYOkOSHxsl49aKAdR5MKxU8Rxq6UIlZiVMz2','{\"user\":1}',1,NULL,NULL,NULL,NULL,NULL,'Edward',' Park','2015-10-30 11:05:27','2015-11-05 11:44:27','2015-11-05 11:44:27',NULL,NULL,NULL,NULL,NULL,NULL,NULL,NULL,NULL,'edward.park','User imported through asset importer'),(72,'lester@getdesk.at','$2y$08$NA9kPvMYqsUR3fisZiacxugWSmBUH1AZGRBclBNHiZBkpOAnyWCpK','{\"user\":1}',1,NULL,NULL,NULL,NULL,NULL,'Stig',' Molina','2015-10-30 11:05:27','2015-11-05 11:46:00','2015-11-05 11:46:00',NULL,NULL,NULL,NULL,NULL,NULL,NULL,NULL,NULL,'stig.molina','User imported through asset importer'),(73,'ali.hobbs@gigawerk.gu','$2y$08$vnfAEo5HRrlDNiUesScZKuTzJc4z7QRZ2WD9sVwTQuQsMQvEWHvMK','{\"user\":1}',1,NULL,NULL,NULL,NULL,NULL,'Bruce',' Watts','2015-10-30 11:05:27','2015-11-05 11:43:56','2015-11-05 11:43:56',NULL,NULL,NULL,NULL,NULL,NULL,NULL,NULL,NULL,'bruce.watts','User imported through asset importer'),(74,'michelle.daniel@presssource.sk','$2y$08$pW2i0CrLvvPe2UVlHsOrqu2V304GRB.igXW9cadFzJtATWUIIXEUi','{\"user\":1}',1,NULL,NULL,NULL,NULL,NULL,'Lincoln',' Soto','2015-10-30 11:05:27','2015-11-05 11:45:22','2015-11-05 11:45:22',NULL,NULL,NULL,NULL,NULL,NULL,NULL,NULL,NULL,'lincoln.soto','User imported through asset importer'),(75,'charles@chatspace.th','$2y$08$KyA080rszgbHRk5PS1onrOg8W0fFSioHUaoC3YTuV6ygy4Joyubl2','{\"user\":1}',1,NULL,NULL,NULL,NULL,NULL,'Camilla',' Morrison','2015-10-30 11:05:27','2015-11-05 11:43:59','2015-11-05 11:43:59',NULL,NULL,NULL,NULL,NULL,NULL,NULL,NULL,NULL,'camilla.morrison','User imported through asset importer'),(76,'stafford@rollthing.nf','$2y$08$RdU0EXNDzRehSuwwtWtpfe02osaCIItJEAOMPeM7Imc8ka3a.RGjq','{\"user\":1}',1,NULL,NULL,NULL,NULL,NULL,'Josie',' English','2015-10-30 11:05:28','2015-11-05 11:45:05','2015-11-05 11:45:05',NULL,NULL,NULL,NULL,NULL,NULL,NULL,NULL,NULL,'josie.english','User imported through asset importer'),(77,'johan.cook@pressbit.ai','$2y$08$ZZtoluotI6f4I3HbZR1LN.hAlX4ouIl32.BsTsE/yRgz2lkLs4J02','{\"user\":1}',1,NULL,NULL,NULL,NULL,NULL,'Alia',' Salazar','2015-10-30 11:05:28','2015-11-05 11:43:19','2015-11-05 11:43:19',NULL,NULL,NULL,NULL,NULL,NULL,NULL,NULL,NULL,'alia.salazar','User imported through asset importer'),(78,'coral.le@chatsource.dj','$2y$08$7rV1uDlJaCRFi706AMv5fud8nQZscVjgAhe9n7adAeqjoEkJL3Hpa','{\"user\":1}',1,NULL,NULL,NULL,NULL,NULL,'Beth',' Sweeney','2015-10-30 11:05:28','2015-11-05 11:43:52','2015-11-05 11:43:52',NULL,NULL,NULL,NULL,NULL,NULL,NULL,NULL,NULL,'beth.sweeney','User imported through asset importer'),(79,'lydia@rollsimple.tp','$2y$08$T8HCAnQ4y2sg5gVumsx0M.fN66nPJ3AhsNJqcs4Qx4Nl9PSm9r.WC','{\"user\":1}',1,NULL,NULL,NULL,NULL,NULL,'Stig',' Bender','2015-10-30 11:05:28','2015-11-05 11:46:03','2015-11-05 11:46:03',NULL,NULL,NULL,NULL,NULL,NULL,NULL,NULL,NULL,'stig.bender','User imported through asset importer'),(80,'villarreal@selfserv.sg','$2y$08$ieugdMCDiRPjKVnbIOASk.tQUVvKTQ13zM/z.e9JkKNVYVEGv28hq','{\"user\":1}',1,NULL,NULL,NULL,NULL,NULL,'Angelique',' Lindsay','2015-10-30 11:05:28','2015-11-05 11:43:34','2015-11-05 11:43:34',NULL,NULL,NULL,NULL,NULL,NULL,NULL,NULL,NULL,'angelique.lindsay','User imported through asset importer'),(81,'raimonds@gigadesk.bd','$2y$08$gXTG5NDjoshMIvVCXFcWAu.OKSbwUxbPvc.LXkLPn72yDgVMPpwEu','{\"user\":1}',1,NULL,NULL,NULL,NULL,NULL,'Guillermo',' Black','2015-10-30 11:05:28','2015-11-05 11:44:39','2015-11-05 11:44:39',NULL,NULL,NULL,NULL,NULL,NULL,NULL,NULL,NULL,'guillermo.black','User imported through asset importer'),(82,'campos@fuelserv.bg','$2y$08$LHUCPoWydYoEfDUSVrN7XOEVLqqHsz2EP6Z0FfjoS8jHMXZvFxOr.','{\"user\":1}',1,NULL,NULL,NULL,NULL,NULL,'Christof',' Castaneda','2015-10-30 11:05:28','2015-11-05 11:44:05','2015-11-05 11:44:05',NULL,NULL,NULL,NULL,NULL,NULL,NULL,NULL,NULL,'christof.castaneda','User imported through asset importer'),(83,'antony@busybase.eu','$2y$08$sNQu9UBd1b21kQw72BkYO.X2cksNGcAyapXzrVjTvnWeCaycEkp16','{\"user\":1}',1,NULL,NULL,NULL,NULL,NULL,'Chloe',' Chen','2015-10-30 11:05:28','2015-11-05 11:44:02','2015-11-05 11:44:02',NULL,NULL,NULL,NULL,NULL,NULL,NULL,NULL,NULL,'chloe.chen','User imported through asset importer'),(84,'bjorn@jetwerk.hn','$2y$08$6EdyIhTPKpMfVmuQLd9V5OgIN484TdphXdr/mdSDsLFZvo1uZxWCa','{\"user\":1}',1,NULL,NULL,NULL,NULL,NULL,'Andreas',' McCann','2015-10-30 11:05:28','2015-11-05 11:43:27','2015-11-05 11:43:27',NULL,NULL,NULL,NULL,NULL,NULL,NULL,NULL,NULL,'andreas.mccann','User imported through asset importer'),(85,'dragan.graves@quitdesk.cg','$2y$08$1wFpefUtSy2CyyPUwYt6nu/qeUWKXyY8z.yVF2bDgJX19KdQWRpi6','{\"user\":1}',1,NULL,NULL,NULL,NULL,NULL,'Owen',' Buckley','2015-10-30 11:05:28','2015-11-05 11:45:47','2015-11-05 11:45:47',NULL,NULL,NULL,NULL,NULL,NULL,NULL,NULL,NULL,'owen.buckley','User imported through asset importer'),(86,'arnold.henderson@earlybeat.cz','$2y$08$8cVTaOS2G0mEQBjZCYexVOtko5F32UQXYyZ0nf1OZvdPfI0nTDBQq','{\"user\":1}',1,NULL,NULL,NULL,NULL,NULL,'Damian',' Serrano','2015-10-30 11:05:28','2015-11-05 11:44:11','2015-11-05 11:44:11',NULL,NULL,NULL,NULL,NULL,NULL,NULL,NULL,NULL,'damian.serrano','User imported through asset importer'),(87,'tobias@tagbase.hk','$2y$08$8sRKrqWvHfPLkTOUPellBuOUa2r9UwCLkjq1n0QGVlR7AGCm8swUK','{\"user\":1}',1,NULL,NULL,NULL,NULL,NULL,'Vicky',' Petty','2015-10-30 11:05:28','2015-11-05 11:46:35','2015-11-05 11:46:35',NULL,NULL,NULL,NULL,NULL,NULL,NULL,NULL,NULL,'vicky.petty','User imported through asset importer'),(88,'adrian@fuellive.hu','$2y$08$rZdcRPRhgs6urVXVeCkfM.yCiMZ9.uDfAuysRmCgbKek5xuIb2Hq2','{\"user\":1}',1,NULL,NULL,NULL,NULL,NULL,'Reginald',' Wong','2015-10-30 11:05:28','2015-11-05 11:45:50','2015-11-05 11:45:50',NULL,NULL,NULL,NULL,NULL,NULL,NULL,NULL,NULL,'reginald.wong','User imported through asset importer'),(89,'claudio.potts@rollblog.nz','$2y$08$EDecCThcAfUdWF8jq85GouwrDIMd1NH0tndj6utQGSvO/fc2VQq1.','{\"user\":1}',1,NULL,NULL,NULL,NULL,NULL,'Belinda',' Gillespie','2015-10-30 11:05:28','2015-11-05 11:43:49','2015-11-05 11:43:49',NULL,NULL,NULL,NULL,NULL,NULL,NULL,NULL,NULL,'belinda.gillespie','User imported through asset importer'),(90,'guillermo@madewerk.ca','$2y$08$1Bx3270kMUWYAqB8ATl2o.PrwYv3NeJLUG6/XSt4yl9ckPB59XNAa','{\"user\":1}',1,NULL,NULL,NULL,NULL,NULL,'Isidro',' Kelly','2015-10-30 11:05:28','2015-11-05 11:44:43','2015-11-05 11:44:43',NULL,NULL,NULL,NULL,NULL,NULL,NULL,NULL,NULL,'isidro.kelly','User imported through asset importer'),(91,'ballard@getserv.nr','$2y$08$QUdapXhEl5Cjby0H6ThRXOn17u9EUKnKzizfay17yGEAMWgWCnlCa','{\"user\":1}',1,NULL,NULL,NULL,NULL,NULL,'Kris',' Carlson','2015-10-30 11:05:28','2015-11-05 11:45:13','2015-11-05 11:45:13',NULL,NULL,NULL,NULL,NULL,NULL,NULL,NULL,NULL,'kris.carlson','User imported through asset importer'),(92,'ilia.dunlap@rollsource.af','$2y$08$JbQhTCqwcDmNOEXMXRmFQ.JZZFtM4o8XvxfLyw2HdPPLDJxgfIlpC','{\"user\":1}',1,NULL,NULL,NULL,NULL,NULL,'Ivo',' May','2015-10-30 11:05:28','2015-11-05 11:44:45','2015-11-05 11:44:45',NULL,NULL,NULL,NULL,NULL,NULL,NULL,NULL,NULL,'ivo.may','User imported through asset importer'),(93,'jenkins@tagclicks.gt','$2y$08$X2SWJSaICymlpTOR7GV0h.RYXPMlRFu2iYDMLsQkftbLCnUmXysam','{\"user\":1}',1,NULL,NULL,NULL,NULL,NULL,'Valery',' Bailey','2015-10-30 11:05:28','2015-11-05 11:46:31','2015-11-05 11:46:31',NULL,NULL,NULL,NULL,NULL,NULL,NULL,NULL,NULL,'valery.bailey','User imported through asset importer'),(94,'huynh@busybase.sh','$2y$08$FSyOfoekCQ1AnuhUgO9iVeks306UezKmcM9YCGgJ47PABO0Q4U9pq','{\"user\":1}',1,NULL,NULL,NULL,NULL,NULL,'Edna',' Hunt','2015-10-30 11:05:29','2015-11-05 11:44:20','2015-11-05 11:44:20',NULL,NULL,NULL,NULL,NULL,NULL,NULL,NULL,NULL,'edna.hunt','User imported through asset importer'),(95,'anderson@fussbit.do','$2y$08$Gg5HJNOsbwNffyxd3CNH0e4BeosThEzpKqhMdhzGNG8Fu.6pcFHsa','{\"user\":1}',1,NULL,NULL,NULL,NULL,NULL,'Debbie',' Padilla','2015-10-30 11:05:29','2015-11-05 11:44:17','2015-11-05 11:44:17',NULL,NULL,NULL,NULL,NULL,NULL,NULL,NULL,NULL,'debbie.padilla','User imported through asset importer'),(96,'russell.blake@tagserv.tt','$2y$08$Ou1A8MNWxO7A57SiyVljue7AXXKTlSNii7vRBVVfmeep3PLpmO1HW','{\"user\":1}',1,NULL,NULL,NULL,NULL,NULL,'Michael',' Carlson','2015-10-30 11:05:29','2015-11-05 11:45:25','2015-11-05 11:45:25',NULL,NULL,NULL,NULL,NULL,NULL,NULL,NULL,NULL,'michael.carlson','User imported through asset importer'),(97,'jorgen@putbase.mz','$2y$08$N5BZvg7tqgg8psRXhnO1X.Tgkb6QNAMZB8v3eIofptZLwbJozS/OG','{\"user\":1}',1,NULL,NULL,NULL,NULL,NULL,'Jay',' Marsh','2015-10-30 11:05:29','2015-11-05 11:44:52','2015-11-05 11:44:52',NULL,NULL,NULL,NULL,NULL,NULL,NULL,NULL,NULL,'jay.marsh','User imported through asset importer'),(98,'clay@jetlive.ms','$2y$08$7Ta6Kzzpz4hEufQcjWh2WOh3etZgbKUvvfxO8H.WTrMFllBr.D92K','{\"user\":1}',1,NULL,NULL,NULL,NULL,NULL,'Lawrence',' Golden','2015-10-30 11:05:29','2015-11-05 11:45:16','2015-11-05 11:45:16',NULL,NULL,NULL,NULL,NULL,NULL,NULL,NULL,NULL,'lawrence.golden','User imported through asset importer'),(99,'salazar@shutsphere.fo','$2y$08$IwPegrQKD0myxV2SNjL0bOS17w5Ce715NpFhwF4UcZiRnqE.uiwlG','{\"user\":1}',1,NULL,NULL,NULL,NULL,NULL,'Jean',' Paul Mayer','2015-10-30 11:05:29','2015-11-05 11:44:55','2015-11-05 11:44:55',NULL,NULL,NULL,NULL,NULL,NULL,NULL,NULL,NULL,'jean.paulmayer','User imported through asset importer'),(100,'daisy.dunlap@selfware.ca','$2y$08$5MysaguQogJIKtRhauocEe2YCFhGRapzLYPHQAJ1oTEe8s7Dj4vDS','{\"user\":1}',1,NULL,NULL,NULL,NULL,NULL,'Kieran',' McIntyre','2015-10-30 11:05:29','2015-11-05 11:45:10','2015-11-05 11:45:10',NULL,NULL,NULL,NULL,NULL,NULL,NULL,NULL,NULL,'kieran.mcintyre','User imported through asset importer'),(101,'almir.carson@putunit.gn','$2y$08$H8ZbpEPC99akwMUGJQ6peuGlFxHkNi3TLMWrGg.Ooa4h/KP.72B6y','{\"user\":1}',1,NULL,NULL,NULL,NULL,NULL,'Amy',' Singleton','2015-10-30 11:05:29','2015-11-05 11:43:24','2015-11-05 11:43:24',NULL,NULL,NULL,NULL,NULL,NULL,NULL,NULL,NULL,'amy.singleton','User imported through asset importer'),(102,'sharon@tidyware.nf','$2y$08$ykRTDEdtSPF5sb85c7SH2eTFhB1mn/UtwW30TBqU.KWeZLfszIgq6','{\"user\":1}',1,NULL,NULL,NULL,NULL,NULL,'Justine',' Buck','2015-10-30 11:05:29','2015-11-05 11:45:07','2015-11-05 11:45:07',NULL,NULL,NULL,NULL,NULL,NULL,NULL,NULL,NULL,'justine.buck','User imported through asset importer'),(103,'jane.montoya@fuelblog.my','$2y$08$WkJb8IWs3l3IhCmviw0aPODYfwhHaqIGTG5IeDH6a71QIYYMY5CgW','{\"user\":1}',1,NULL,NULL,NULL,NULL,NULL,'Clifton',' Watkins','2015-10-30 11:05:29','2015-11-05 11:44:08','2015-11-05 11:44:08',NULL,NULL,NULL,NULL,NULL,NULL,NULL,NULL,NULL,'clifton.watkins','User imported through asset importer'),(104,'debbie@rollclicks.in','$2y$08$eB5BT0KTNAmHQ1X8F3lsaOnr/F12uKD2GxhCWTacwx0fSHQez6tLe','{\"user\":1}',1,NULL,NULL,NULL,NULL,NULL,'Javier',' Goodman','2015-10-30 11:05:29','2015-11-05 11:44:49','2015-11-05 11:44:49',NULL,NULL,NULL,NULL,NULL,NULL,NULL,NULL,NULL,'javier.goodman','User imported through asset importer'),(105,'sarah@mybit.edu','$2y$08$hZDFMcCzvEiPCgxiplS7wOCdZIUQdLNK3IOlrX3qpelMrMhdZEoeG','{\"user\":1}',1,NULL,NULL,NULL,NULL,NULL,'Andreas',' Cross','2015-10-30 11:05:29','2015-11-05 11:43:31','2015-11-05 11:43:31',NULL,NULL,NULL,NULL,NULL,NULL,NULL,NULL,NULL,'andreas.cross','User imported through asset importer'),(106,'brett@getblog.ga','$2y$08$xg1fXNNif5XCynEkK9iLVO5pxG6/qtoCKDLOKKHdgTfsEBfMSaDFy','{\"user\":1}',1,NULL,NULL,NULL,NULL,NULL,'Michael',' Hudson','2015-10-30 11:05:29','2015-11-05 11:45:28','2015-11-05 11:45:28',NULL,NULL,NULL,NULL,NULL,NULL,NULL,NULL,NULL,'michael.hudson','User imported through asset importer'),(107,'ayala@earlywerk.bo','$2y$08$3Bu5ONc6kesR7uxxS1EZteuSH1La3uVNstWkTBXugS8ZZjpqX1Vpy','{\"user\":1}',1,NULL,NULL,NULL,NULL,NULL,'Travis',' Sullivan','2015-10-30 11:05:29','2015-11-05 11:46:39','2015-11-05 11:46:39',NULL,NULL,NULL,NULL,NULL,NULL,NULL,NULL,NULL,'travis.sullivan','User imported through asset importer'),(108,'@','$2y$08$q2PjKLNrga4uUdo7LntG4O4Rmdcs9cZEqq6mVjb3Hw3No/Jgr5wrO','{\"user\":1}',1,NULL,NULL,NULL,NULL,NULL,'','','2015-10-30 11:07:10','2015-11-04 00:04:21','2015-11-04 00:04:21',NULL,NULL,NULL,NULL,NULL,NULL,NULL,NULL,NULL,'','User imported through asset importer'),(109,'aaa@qq.com','$2y$08$wl0APY0wTrQO763ptG8Hqe2Hgv0fbt.r.B.MkN4n5YCVqiXiYTVH6','{\"user\":1,\"superuser\":-1}',1,NULL,NULL,NULL,NULL,NULL,'aaa','jack','2015-10-30 11:07:11','2015-11-05 11:43:15','2015-11-05 11:43:15',NULL,NULL,NULL,NULL,'','',93,'',NULL,'bbbb','User imported through asset importer'),(110,'g','$2y$08$YCnBHeFzIupbJGySKBnMZ.lEWhlOxYVZFxgWgty2Suy955W1cAGfe','{\"user\":1}',1,NULL,NULL,NULL,NULL,NULL,'g','','2015-10-30 11:07:11','2015-11-05 11:44:30','2015-11-05 11:44:30',NULL,NULL,NULL,NULL,NULL,NULL,NULL,NULL,NULL,'g','User imported through asset importer'),(111,'ney','$2y$08$jSBspeGgZeCtsdXBQXdc3ev6/knNg6su5UjMQYtCpV6Z1krsyWKf.','{\"user\":1}',1,NULL,NULL,NULL,NULL,NULL,'Ney','','2015-10-30 11:07:11','2015-11-05 11:45:38','2015-11-05 11:45:38',NULL,NULL,NULL,NULL,NULL,NULL,NULL,NULL,NULL,'ney','User imported through asset importer'),(112,'o9n9n@','$2y$08$rI1bdbHERS8kWIuhj96DxOYqn3AvpMRsvXGS2V5yQfv.12xRVIksC','{\"user\":1}',1,NULL,NULL,NULL,NULL,NULL,'O9N9N','','2015-10-30 11:07:11','2015-11-05 11:45:41','2015-11-05 11:45:41',NULL,NULL,NULL,NULL,NULL,NULL,NULL,NULL,NULL,'o9n9n','User imported through asset importer'),(113,'t','$2y$08$YQw0d8UIpx9Kiqseq8wWZ.MRdqziPWgR0.Q.7nO8y4uwzS3ojqE.y','{\"user\":1}',1,NULL,NULL,NULL,NULL,NULL,'T','','2015-10-30 11:07:11','2015-11-05 11:46:22','2015-11-05 11:46:22',NULL,NULL,NULL,NULL,NULL,NULL,NULL,NULL,NULL,'t','User imported through asset importer'),(114,'n','$2y$08$6cSmXgSEBiv7Y8dwFYep3uiHKmmHQOwOjy6vNgE24hYvYS7hzWtCm','{\"user\":1}',1,NULL,NULL,NULL,NULL,NULL,'N','','2015-10-30 11:07:11','2015-11-05 11:45:31','2015-11-05 11:45:31',NULL,NULL,NULL,NULL,NULL,NULL,NULL,NULL,NULL,'n','User imported through asset importer'),(115,'n+t>f:yhv@','$2y$08$bNUfwzvWy4pokYT1khIWXOOIUVssp0sHTM0UlXrmVRsZ/xjEOr7g.','{\"user\":1}',1,NULL,NULL,NULL,NULL,NULL,'N+T>f:yhV','','2015-10-30 11:07:11','2015-11-05 11:45:34','2015-11-05 11:45:34',NULL,NULL,NULL,NULL,NULL,NULL,NULL,NULL,NULL,'n+t>f:yhv','User imported through asset importer'),(116,'yy(u@','$2y$08$ddrjGsIxxFMw9dQUXie7s.B7x.sclE3FgkQXh/bgBwaMODIZ4N4a2','{\"user\":1}',1,NULL,NULL,NULL,NULL,NULL,'YY(u','','2015-10-30 11:07:12','2015-11-05 11:46:57','2015-11-05 11:46:57',NULL,NULL,NULL,NULL,NULL,NULL,NULL,NULL,NULL,'yy(u','User imported through asset importer'),(117,'gl','$2y$08$1uB3TIKegbENyvEYwqQcce6lhcc8kjJHrAxQH9Gy5I/nqljAATuDa','{\"user\":1}',1,NULL,NULL,NULL,NULL,NULL,'gl','','2015-10-30 11:07:12','2015-11-05 11:44:36','2015-11-05 11:44:36',NULL,NULL,NULL,NULL,NULL,NULL,NULL,NULL,NULL,'gl','User imported through asset importer'),(118,'yps:g@','$2y$08$0wXnCSBVT4oWybInZlzNfesltbqSDxswyFTrvvA2o27XU4EoHQcTO','{\"user\":1}',1,NULL,NULL,NULL,NULL,NULL,'YpS:g','','2015-10-30 11:07:12','2015-11-05 11:46:51','2015-11-05 11:46:51',NULL,NULL,NULL,NULL,NULL,NULL,NULL,NULL,NULL,'yps:g','User imported through asset importer'),(119,'','$2y$08$r2Ct8oH84Xyc2uVAw1AxQ.GMMl.0ro.Jh1kvolTpZWXMK5LryEDmW','{\"superuser\":-1}',1,NULL,NULL,'2016-05-18 06:03:37','$2y$08$g8XKUG8WiYOFgiYWXlQXB.Zle9FUX8QfPx5NiNZswdB193Gg61uzG',NULL,'辉','梁','2016-02-18 06:31:28','2016-05-18 06:03:37',NULL,NULL,NULL,NULL,NULL,'','',NULL,'',NULL,'liangh','');
/*!40000 ALTER TABLE `users` ENABLE KEYS */;
UNLOCK TABLES;

--
-- Table structure for table `users_groups`
--

DROP TABLE IF EXISTS `users_groups`;
/*!40101 SET @saved_cs_client     = @@character_set_client */;
/*!40101 SET character_set_client = utf8 */;
CREATE TABLE `users_groups` (
  `user_id` int(10) unsigned NOT NULL,
  `group_id` int(10) unsigned NOT NULL,
  PRIMARY KEY (`user_id`,`group_id`)
) ENGINE=InnoDB DEFAULT CHARSET=utf8 COLLATE=utf8_unicode_ci;
/*!40101 SET character_set_client = @saved_cs_client */;

--
-- Dumping data for table `users_groups`
--

LOCK TABLES `users_groups` WRITE;
/*!40000 ALTER TABLE `users_groups` DISABLE KEYS */;
INSERT INTO `users_groups` VALUES (1,1),(3,1),(3,2),(3,3),(4,1),(4,2),(4,3),(5,1),(5,2),(6,1),(6,2),(6,3),(7,3),(8,3),(9,3),(10,3),(11,3),(12,3),(13,3),(14,3),(15,3),(16,3),(17,3),(18,3),(19,3),(20,3),(21,3),(22,3),(23,3),(24,3),(25,3),(26,3),(27,3),(28,3),(29,3),(30,3),(31,3),(32,3),(33,3),(34,3),(35,3),(36,3),(37,3),(38,3),(39,3),(40,3),(41,3),(42,3),(43,3),(44,3),(45,3),(46,3),(47,3),(48,3),(49,3),(50,3),(51,3),(52,3),(53,3),(54,3),(55,3),(56,3),(57,1),(57,2),(57,3),(119,1);
/*!40000 ALTER TABLE `users_groups` ENABLE KEYS */;
UNLOCK TABLES;
/*!40103 SET TIME_ZONE=@OLD_TIME_ZONE */;

/*!40101 SET SQL_MODE=@OLD_SQL_MODE */;
/*!40014 SET FOREIGN_KEY_CHECKS=@OLD_FOREIGN_KEY_CHECKS */;
/*!40014 SET UNIQUE_CHECKS=@OLD_UNIQUE_CHECKS */;
/*!40101 SET CHARACTER_SET_CLIENT=@OLD_CHARACTER_SET_CLIENT */;
/*!40101 SET CHARACTER_SET_RESULTS=@OLD_CHARACTER_SET_RESULTS */;
/*!40101 SET COLLATION_CONNECTION=@OLD_COLLATION_CONNECTION */;
/*!40111 SET SQL_NOTES=@OLD_SQL_NOTES */;

-- Dump completed on 2016-05-18 22:34:51
